#
# There is insufficient memory for the Java Runtime Environment to continue.
# Native memory allocation (mmap) failed to map 321912832 bytes for Failed to commit area from 0x0000000093400000 to 0x00000000a6700000 of length 321912832.
# Possible reasons:
#   The system is out of physical RAM or swap space
#   The process is running with CompressedOops enabled, and the Java Heap may be blocking the growth of the native heap
# Possible solutions:
#   Reduce memory load on the system
#   Increase physical memory or swap space
#   Check if swap backing store is full
#   Decrease Java heap size (-Xmx/-Xms)
#   Decrease number of Java threads
#   Decrease Java thread stack sizes (-Xss)
#   Set larger code cache with -XX:ReservedCodeCacheSize=
#   JVM is running with Unscaled Compressed Oops mode in which the Java heap is
#     placed in the first 4GB address space. The Java Heap base address is the
#     maximum limit for the native heap growth. Please use -XX:HeapBaseMinAddress
#     to set the Java Heap base and to place the Java Heap above 4GB virtual address.
# This output file may be truncated or incomplete.
#
#  Out of Memory Error (./src/hotspot/os/windows/os_windows.cpp:3301), pid=24804, tid=20096
#
# JRE version: OpenJDK Runtime Environment (11.0.10) (build 11.0.10+0-b96-7249189)
# Java VM: OpenJDK 64-Bit Server VM (11.0.10+0-b96-7249189, mixed mode, tiered, compressed oops, g1 gc, windows-amd64)
# No core dump will be written. Minidumps are not enabled by default on client versions of Windows
#

---------------  S U M M A R Y ------------

Command Line: --add-opens=java.base/java.util=ALL-UNNAMED --add-opens=java.base/java.lang=ALL-UNNAMED --add-opens=java.base/java.lang.invoke=ALL-UNNAMED --add-opens=java.prefs/java.util.prefs=ALL-UNNAMED -Xmx2048m -Dfile.encoding=UTF-8 -Duser.country=US -Duser.language=en -Duser.variant org.gradle.launcher.daemon.bootstrap.GradleDaemon 6.7.1

Host: Intel(R) Core(TM) i7-7700HQ CPU @ 2.80GHz, 8 cores, 15G,  Windows 10 , 64 bit Build 18362 (10.0.18362.778)
Time: Tue Jan  4 20:28:01 2022 Pakistan Standard Time elapsed time: 41.015093 seconds (0d 0h 0m 41s)

---------------  T H R E A D  ---------------

Current thread (0x000001dacdd7e800):  VMThread "VM Thread" [stack: 0x000000137f800000,0x000000137f900000] [id=20096]

Stack: [0x000000137f800000,0x000000137f900000]
[error occurred during error reporting (printing stack bounds), id 0xc0000005, EXCEPTION_ACCESS_VIOLATION (0xc0000005) at pc=0x000001dab6b80f2d]

Native frames: (J=compiled Java code, j=interpreted, Vv=VM code, C=native code)
V  [jvm.dll+0x5ecfaa]
V  [jvm.dll+0x722bd5]
V  [jvm.dll+0x72412d]
V  [jvm.dll+0x724745]
V  [jvm.dll+0x7246fb]
V  [jvm.dll+0x5ec348]
V  [jvm.dll+0x5ecad8]
C  [ntdll.dll+0xa11cf]
C  [ntdll.dll+0x6a209]
C  [ntdll.dll+0x9fe3e]
C  0x000001dab6b80f2d

VM_Operation (0x000000130aefc560): G1CollectForAllocation, mode: safepoint, requested by thread 0x000001dacfc9d800


---------------  P R O C E S S  ---------------

Threads class SMR info:
_java_thread_list=0x000001dacecef340, length=198, elements={
0x000001dab309c000, 0x000001dacdd81800, 0x000001dacdd83000, 0x000001dacdde0000,
0x000001dacdde2000, 0x000001dacdde3000, 0x000001dacddf0800, 0x000001dacddf7000,
0x000001dacde02800, 0x000001dacdf67800, 0x000001dacfe44800, 0x000001dace136800,
0x000001dacf6ef000, 0x000001dacf445000, 0x000001dacee77800, 0x000001dad060b000,
0x000001daceeee800, 0x000001daceeef800, 0x000001dacf8f3800, 0x000001dad0808800,
0x000001dad0809800, 0x000001dad0808000, 0x000001dad080a800, 0x000001dad00e1800,
0x000001dad00e3000, 0x000001dad00e2000, 0x000001dad00e0000, 0x000001dad00de000,
0x000001dad00e0800, 0x000001dad00e4000, 0x000001dad00e7000, 0x000001dad00e6800,
0x000001dad00e8800, 0x000001dad00e8000, 0x000001dad00e9800, 0x000001dad00ea800,
0x000001dad00eb000, 0x000001dad00e5800, 0x000001dad00ec000, 0x000001dad3075000,
0x000001dad3076800, 0x000001dad3070800, 0x000001dad3074000, 0x000001dad3075800,
0x000001dad3077800, 0x000001dad3071800, 0x000001dad3072800, 0x000001dad3073000,
0x000001dad372e800, 0x000001dad372f000, 0x000001dad3732800, 0x000001dad3733000,
0x000001dad3730800, 0x000001dad3730000, 0x000001dad3734000, 0x000001dad3735000,
0x000001dad3731800, 0x000001dad0c8b000, 0x000001dad0c8e000, 0x000001dad0c8f000,
0x000001dad0c8d800, 0x000001dad0c89800, 0x000001dad0c8c800, 0x000001dad0c8c000,
0x000001dad0c90000, 0x000001dad0c8a000, 0x000001dad0c95000, 0x000001dad0c91800,
0x000001dad0c96800, 0x000001dad0c94000, 0x000001dad0c95800, 0x000001dad0c90800,
0x000001dad0c93000, 0x000001dad0c97000, 0x000001dad0c98000, 0x000001dad0c92800,
0x000001dad346a800, 0x000001dad3469000, 0x000001dad346e800, 0x000001dad346d000,
0x000001dad346e000, 0x000001dad346f800, 0x000001dad346a000, 0x000001dad3470800,
0x000001dad3471000, 0x000001dad346b800, 0x000001dad3472000, 0x000001dad346c800,
0x000001dad3474800, 0x000001dad3477000, 0x000001dad3477800, 0x000001dad3475000,
0x000001dad3476000, 0x000001dad3473000, 0x000001dad3473800, 0x000001dacfda5000,
0x000001dacfda7000, 0x000001dacfda6800, 0x000001dacfda8000, 0x000001dacfda9000,
0x000001dacfda5800, 0x000001dacfdab800, 0x000001dacfdaf800, 0x000001dacfda9800,
0x000001dacfdb0000, 0x000001dacfdae800, 0x000001dacfdaa800, 0x000001dacfdb1000,
0x000001dacfdb2000, 0x000001dacfdac000, 0x000001dacfdb2800, 0x000001dacfdad000,
0x000001dacfdad800, 0x000001dacfdb3800, 0x000001dad3563000, 0x000001dad3562000,
0x000001dad355d800, 0x000001dad3564000, 0x000001dad355f000, 0x000001dad3560800,
0x000001dad355f800, 0x000001dad355e000, 0x000001dad3564800, 0x000001dad3567000,
0x000001dad3565800, 0x000001dad3561800, 0x000001dad3566800, 0x000001dad3568000,
0x000001dad356c000, 0x000001dad3569800, 0x000001dad3568800, 0x000001dad356a800,
0x000001dad356b000, 0x000001dace48f800, 0x000001dace48d000, 0x000001dace490000,
0x000001dace48c000, 0x000001dace48e800, 0x000001dace491000, 0x000001dace492000,
0x000001dace492800, 0x000001dace48e000, 0x000001dace496800, 0x000001dace499000,
0x000001dace493800, 0x000001dace497800, 0x000001dace494800, 0x000001dace49b000,
0x000001dace49a000, 0x000001dace496000, 0x000001dace498800, 0x000001dace495000,
0x000001dacfc91800, 0x000001dacfc8f000, 0x000001dacfc94800, 0x000001dacfc92800,
0x000001dacfc93000, 0x000001dacfc95800, 0x000001dacfc96800, 0x000001dacfc90800,
0x000001dacfc98000, 0x000001dacfc99800, 0x000001dacfc9a800, 0x000001dacfc99000,
0x000001dacfc9c000, 0x000001dacfc9b800, 0x000001dacfc9d000, 0x000001dacfc97000,
0x000001dacfc9d800, 0x000001dad103e000, 0x000001dad103f000, 0x000001dad1040800,
0x000001dad1041800, 0x000001dad1040000, 0x000001dad1042000, 0x000001dad1043000,
0x000001dad103d800, 0x000001dad1046800, 0x000001dad1045800, 0x000001dad1044000,
0x000001dad1047000, 0x000001dad104c000, 0x000001dad1049800, 0x000001dad1048000,
0x000001dad1048800, 0x000001dad104a800, 0x000001dad1044800, 0x000001dad104b000,
0x000001dad8c83800, 0x000001dad8c86800, 0x000001dad8c81800, 0x000001dad8c81000,
0x000001dad8c87800, 0x000001dad8c88000, 0x000001dad8c85800, 0x000001dad8c82800,
0x000001dad8c85000, 0x000001dad8c8a000
}

Java Threads: ( => current thread )
  0x000001dab309c000 JavaThread "main" [_thread_blocked, id=26144, stack(0x000000137f200000,0x000000137f300000)]
  0x000001dacdd81800 JavaThread "Reference Handler" daemon [_thread_blocked, id=4036, stack(0x000000137f900000,0x000000137fa00000)]
  0x000001dacdd83000 JavaThread "Finalizer" daemon [_thread_blocked, id=2600, stack(0x000000137fa00000,0x000000137fb00000)]
  0x000001dacdde0000 JavaThread "Signal Dispatcher" daemon [_thread_blocked, id=8460, stack(0x000000137fb00000,0x000000137fc00000)]
  0x000001dacdde2000 JavaThread "Attach Listener" daemon [_thread_blocked, id=10652, stack(0x000000137fc00000,0x000000137fd00000)]
  0x000001dacdde3000 JavaThread "Service Thread" daemon [_thread_blocked, id=23844, stack(0x000000137fd00000,0x000000137fe00000)]
  0x000001dacddf0800 JavaThread "C2 CompilerThread0" daemon [_thread_in_native, id=9412, stack(0x000000137fe00000,0x000000137ff00000)]
  0x000001dacddf7000 JavaThread "C1 CompilerThread0" daemon [_thread_blocked, id=21688, stack(0x000000137ff00000,0x0000001380000000)]
  0x000001dacde02800 JavaThread "Sweeper thread" daemon [_thread_blocked, id=25344, stack(0x0000001300000000,0x0000001300100000)]
  0x000001dacdf67800 JavaThread "Common-Cleaner" daemon [_thread_blocked, id=13364, stack(0x0000001300100000,0x0000001300200000)]
  0x000001dacfe44800 JavaThread "Daemon health stats" [_thread_blocked, id=20184, stack(0x0000001300a00000,0x0000001300b00000)]
  0x000001dace136800 JavaThread "Incoming local TCP Connector on port 56460" [_thread_in_native, id=3580, stack(0x0000001300b00000,0x0000001300c00000)]
  0x000001dacf6ef000 JavaThread "Daemon periodic checks" [_thread_blocked, id=9972, stack(0x0000001300c00000,0x0000001300d00000)]
  0x000001dacf445000 JavaThread "Daemon" [_thread_blocked, id=9264, stack(0x0000001300d00000,0x0000001300e00000)]
  0x000001dacee77800 JavaThread "Handler for socket connection from /127.0.0.1:56460 to /127.0.0.1:56461" [_thread_in_native, id=1884, stack(0x0000001300e00000,0x0000001300f00000)]
  0x000001dad060b000 JavaThread "Cancel handler" [_thread_blocked, id=7544, stack(0x0000001301000000,0x0000001301100000)]
  0x000001daceeee800 JavaThread "Daemon worker" [_thread_blocked, id=2752, stack(0x0000001301100000,0x0000001301200000)]
  0x000001daceeef800 JavaThread "Asynchronous log dispatcher for DefaultDaemonConnection: socket connection from /127.0.0.1:56460 to /127.0.0.1:56461" [_thread_blocked, id=14164, stack(0x0000001301200000,0x0000001301300000)]
  0x000001dacf8f3800 JavaThread "Stdin handler" [_thread_blocked, id=24196, stack(0x0000001301300000,0x0000001301400000)]
  0x000001dad0808800 JavaThread "Thread-8" [_thread_blocked, id=5504, stack(0x0000001301400000,0x0000001301500000)]
  0x000001dad0809800 JavaThread "Cache worker for file hash cache (C:\Users\hp\.gradle\caches\6.7.1\fileHashes)" [_thread_blocked, id=19252, stack(0x0000001301500000,0x0000001301600000)]
  0x000001dad0808000 JavaThread "File lock request listener" [_thread_in_native, id=21648, stack(0x0000001301600000,0x0000001301700000)]
  0x000001dad080a800 JavaThread "Cache worker for journal cache (C:\Users\hp\.gradle\caches\journal-1)" [_thread_blocked, id=10280, stack(0x0000001301a00000,0x0000001301b00000)]
  0x000001dad00e1800 JavaThread "Cache worker for file hash cache (E:\OfficeGit\Berger_Xpress_Visualizer\Berger_Visualizer\Berger Visualizer\.gradle\6.7.1\fileHashes)" [_thread_blocked, id=16116, stack(0x0000001301b00000,0x0000001301c00000)]
  0x000001dad00e3000 JavaThread "Cache worker for checksums cache (E:\OfficeGit\Berger_Xpress_Visualizer\Berger_Visualizer\Berger Visualizer\.gradle\checksums)" [_thread_blocked, id=2084, stack(0x0000001301c00000,0x0000001301d00000)]
  0x000001dad00e2000 JavaThread "Cache worker for cache directory md-supplier (C:\Users\hp\.gradle\caches\6.7.1\md-supplier)" [_thread_blocked, id=22592, stack(0x0000001301d00000,0x0000001301e00000)]
  0x000001dad00e0000 JavaThread "Cache worker for cache directory md-rule (C:\Users\hp\.gradle\caches\6.7.1\md-rule)" [_thread_blocked, id=9488, stack(0x0000001301e00000,0x0000001301f00000)]
  0x000001dad00de000 JavaThread "Cache worker for execution history cache (C:\Users\hp\.gradle\caches\6.7.1\executionHistory)" [_thread_blocked, id=20444, stack(0x0000001302000000,0x0000001302100000)]
  0x000001dad00e0800 JavaThread "jar transforms" [_thread_blocked, id=22636, stack(0x0000001302100000,0x0000001302200000)]
  0x000001dad00e4000 JavaThread "Cache worker for file content cache (C:\Users\hp\.gradle\caches\6.7.1\fileContent)" [_thread_blocked, id=12884, stack(0x0000001302200000,0x0000001302300000)]
  0x000001dad00e7000 JavaThread "Cache worker for Build Output Cleanup Cache (E:\OfficeGit\Berger_Xpress_Visualizer\Berger_Visualizer\Berger Visualizer\.gradle\buildOutputCleanup)" [_thread_blocked, id=18440, stack(0x0000001302300000,0x0000001302400000)]
  0x000001dad00e6800 JavaThread "Build operations" [_thread_blocked, id=27232, stack(0x0000001302400000,0x0000001302500000)]
  0x000001dad00e8800 JavaThread "Build operations Thread 2" [_thread_blocked, id=7524, stack(0x0000001302500000,0x0000001302600000)]
  0x000001dad00e8000 JavaThread "Build operations Thread 3" [_thread_blocked, id=16708, stack(0x0000001302600000,0x0000001302700000)]
  0x000001dad00e9800 JavaThread "Build operations Thread 4" [_thread_blocked, id=21084, stack(0x0000001302700000,0x0000001302800000)]
  0x000001dad00ea800 JavaThread "Build operations Thread 5" [_thread_blocked, id=20432, stack(0x0000001302800000,0x0000001302900000)]
  0x000001dad00eb000 JavaThread "Build operations Thread 6" [_thread_blocked, id=10784, stack(0x0000001302900000,0x0000001302a00000)]
  0x000001dad00e5800 JavaThread "Build operations Thread 7" [_thread_blocked, id=17012, stack(0x0000001302a00000,0x0000001302b00000)]
  0x000001dad00ec000 JavaThread "Build operations Thread 8" [_thread_blocked, id=22656, stack(0x0000001302b00000,0x0000001302c00000)]
  0x000001dad3075000 JavaThread "jar transforms Thread 2" [_thread_blocked, id=25704, stack(0x0000001302c00000,0x0000001302d00000)]
  0x000001dad3076800 JavaThread "jar transforms Thread 3" [_thread_blocked, id=8116, stack(0x0000001302d00000,0x0000001302e00000)]
  0x000001dad3070800 JavaThread "jar transforms Thread 4" [_thread_blocked, id=5152, stack(0x0000001302e00000,0x0000001302f00000)]
  0x000001dad3074000 JavaThread "jar transforms Thread 5" [_thread_blocked, id=1316, stack(0x0000001302f00000,0x0000001303000000)]
  0x000001dad3075800 JavaThread "jar transforms Thread 6" [_thread_blocked, id=24240, stack(0x0000001303000000,0x0000001303100000)]
  0x000001dad3077800 JavaThread "jar transforms Thread 7" [_thread_blocked, id=25892, stack(0x0000001303100000,0x0000001303200000)]
  0x000001dad3071800 JavaThread "jar transforms Thread 8" [_thread_blocked, id=15704, stack(0x0000001303200000,0x0000001303300000)]
  0x000001dad3072800 JavaThread "jar transforms Thread 9" [_thread_blocked, id=17904, stack(0x0000001303300000,0x0000001303400000)]
  0x000001dad3073000 JavaThread "jar transforms Thread 10" [_thread_blocked, id=15392, stack(0x0000001303400000,0x0000001303500000)]
  0x000001dad372e800 JavaThread "jar transforms Thread 11" [_thread_blocked, id=11308, stack(0x0000001303500000,0x0000001303600000)]
  0x000001dad372f000 JavaThread "jar transforms Thread 12" [_thread_blocked, id=5772, stack(0x0000001303600000,0x0000001303700000)]
  0x000001dad3732800 JavaThread "jar transforms Thread 13" [_thread_blocked, id=17440, stack(0x0000001303700000,0x0000001303800000)]
  0x000001dad3733000 JavaThread "jar transforms Thread 14" [_thread_blocked, id=6396, stack(0x0000001303800000,0x0000001303900000)]
  0x000001dad3730800 JavaThread "jar transforms Thread 15" [_thread_blocked, id=23996, stack(0x0000001303900000,0x0000001303a00000)]
  0x000001dad3730000 JavaThread "jar transforms Thread 16" [_thread_blocked, id=24056, stack(0x0000001303a00000,0x0000001303b00000)]
  0x000001dad3734000 JavaThread "jar transforms Thread 17" [_thread_blocked, id=21036, stack(0x0000001303b00000,0x0000001303c00000)]
  0x000001dad3735000 JavaThread "jar transforms Thread 18" [_thread_blocked, id=20960, stack(0x0000001303c00000,0x0000001303d00000)]
  0x000001dad3731800 JavaThread "jar transforms Thread 19" [_thread_blocked, id=25112, stack(0x0000001303d00000,0x0000001303e00000)]
  0x000001dad0c8b000 JavaThread "jar transforms Thread 20" [_thread_blocked, id=17032, stack(0x0000001303e00000,0x0000001303f00000)]
  0x000001dad0c8e000 JavaThread "jar transforms Thread 21" [_thread_blocked, id=9384, stack(0x0000001303f00000,0x0000001304000000)]
  0x000001dad0c8f000 JavaThread "jar transforms Thread 22" [_thread_blocked, id=13612, stack(0x0000001304000000,0x0000001304100000)]
  0x000001dad0c8d800 JavaThread "jar transforms Thread 23" [_thread_blocked, id=11472, stack(0x0000001304100000,0x0000001304200000)]
  0x000001dad0c89800 JavaThread "jar transforms Thread 24" [_thread_blocked, id=4260, stack(0x0000001304200000,0x0000001304300000)]
  0x000001dad0c8c800 JavaThread "jar transforms Thread 25" [_thread_blocked, id=7368, stack(0x0000001304300000,0x0000001304400000)]
  0x000001dad0c8c000 JavaThread "jar transforms Thread 26" [_thread_blocked, id=16296, stack(0x0000001304400000,0x0000001304500000)]
  0x000001dad0c90000 JavaThread "jar transforms Thread 27" [_thread_blocked, id=16856, stack(0x0000001304500000,0x0000001304600000)]
  0x000001dad0c8a000 JavaThread "jar transforms Thread 28" [_thread_blocked, id=2036, stack(0x0000001304600000,0x0000001304700000)]
  0x000001dad0c95000 JavaThread "jar transforms Thread 29" [_thread_blocked, id=17812, stack(0x0000001304700000,0x0000001304800000)]
  0x000001dad0c91800 JavaThread "jar transforms Thread 30" [_thread_blocked, id=15200, stack(0x0000001304800000,0x0000001304900000)]
  0x000001dad0c96800 JavaThread "jar transforms Thread 31" [_thread_blocked, id=17112, stack(0x0000001304900000,0x0000001304a00000)]
  0x000001dad0c94000 JavaThread "jar transforms Thread 32" [_thread_blocked, id=15268, stack(0x0000001304a00000,0x0000001304b00000)]
  0x000001dad0c95800 JavaThread "jar transforms Thread 33" [_thread_blocked, id=9484, stack(0x0000001304b00000,0x0000001304c00000)]
  0x000001dad0c90800 JavaThread "jar transforms Thread 34" [_thread_blocked, id=21088, stack(0x0000001304c00000,0x0000001304d00000)]
  0x000001dad0c93000 JavaThread "jar transforms Thread 35" [_thread_blocked, id=8644, stack(0x0000001304d00000,0x0000001304e00000)]
  0x000001dad0c97000 JavaThread "jar transforms Thread 36" [_thread_blocked, id=4788, stack(0x0000001304e00000,0x0000001304f00000)]
  0x000001dad0c98000 JavaThread "jar transforms Thread 37" [_thread_blocked, id=18172, stack(0x0000001304f00000,0x0000001305000000)]
  0x000001dad0c92800 JavaThread "jar transforms Thread 38" [_thread_blocked, id=3044, stack(0x0000001305000000,0x0000001305100000)]
  0x000001dad346a800 JavaThread "jar transforms Thread 39" [_thread_blocked, id=8216, stack(0x0000001305100000,0x0000001305200000)]
  0x000001dad3469000 JavaThread "jar transforms Thread 40" [_thread_blocked, id=17140, stack(0x0000001305200000,0x0000001305300000)]
  0x000001dad346e800 JavaThread "jar transforms Thread 41" [_thread_blocked, id=22244, stack(0x0000001305300000,0x0000001305400000)]
  0x000001dad346d000 JavaThread "jar transforms Thread 42" [_thread_blocked, id=19568, stack(0x0000001305400000,0x0000001305500000)]
  0x000001dad346e000 JavaThread "jar transforms Thread 43" [_thread_blocked, id=16892, stack(0x0000001305500000,0x0000001305600000)]
  0x000001dad346f800 JavaThread "jar transforms Thread 44" [_thread_blocked, id=6988, stack(0x0000001305600000,0x0000001305700000)]
  0x000001dad346a000 JavaThread "jar transforms Thread 45" [_thread_blocked, id=6804, stack(0x0000001305700000,0x0000001305800000)]
  0x000001dad3470800 JavaThread "jar transforms Thread 46" [_thread_blocked, id=13468, stack(0x0000001305800000,0x0000001305900000)]
  0x000001dad3471000 JavaThread "jar transforms Thread 47" [_thread_blocked, id=9644, stack(0x0000001305900000,0x0000001305a00000)]
  0x000001dad346b800 JavaThread "jar transforms Thread 48" [_thread_blocked, id=252, stack(0x0000001305a00000,0x0000001305b00000)]
  0x000001dad3472000 JavaThread "jar transforms Thread 49" [_thread_blocked, id=19240, stack(0x0000001305b00000,0x0000001305c00000)]
  0x000001dad346c800 JavaThread "jar transforms Thread 50" [_thread_blocked, id=8884, stack(0x0000001305c00000,0x0000001305d00000)]
  0x000001dad3474800 JavaThread "jar transforms Thread 51" [_thread_blocked, id=22680, stack(0x0000001305d00000,0x0000001305e00000)]
  0x000001dad3477000 JavaThread "jar transforms Thread 52" [_thread_blocked, id=21276, stack(0x0000001305e00000,0x0000001305f00000)]
  0x000001dad3477800 JavaThread "jar transforms Thread 53" [_thread_blocked, id=26304, stack(0x0000001305f00000,0x0000001306000000)]
  0x000001dad3475000 JavaThread "jar transforms Thread 54" [_thread_blocked, id=9532, stack(0x0000001306000000,0x0000001306100000)]
  0x000001dad3476000 JavaThread "jar transforms Thread 55" [_thread_blocked, id=16576, stack(0x0000001306100000,0x0000001306200000)]
  0x000001dad3473000 JavaThread "jar transforms Thread 56" [_thread_blocked, id=24964, stack(0x0000001306200000,0x0000001306300000)]
  0x000001dad3473800 JavaThread "jar transforms Thread 57" [_thread_blocked, id=20332, stack(0x0000001306300000,0x0000001306400000)]
  0x000001dacfda5000 JavaThread "jar transforms Thread 58" [_thread_blocked, id=25580, stack(0x0000001306400000,0x0000001306500000)]
  0x000001dacfda7000 JavaThread "jar transforms Thread 59" [_thread_blocked, id=1480, stack(0x0000001306500000,0x0000001306600000)]
  0x000001dacfda6800 JavaThread "jar transforms Thread 60" [_thread_blocked, id=12812, stack(0x0000001306600000,0x0000001306700000)]
  0x000001dacfda8000 JavaThread "jar transforms Thread 61" [_thread_blocked, id=26192, stack(0x0000001306700000,0x0000001306800000)]
  0x000001dacfda9000 JavaThread "jar transforms Thread 62" [_thread_blocked, id=456, stack(0x0000001306800000,0x0000001306900000)]
  0x000001dacfda5800 JavaThread "jar transforms Thread 63" [_thread_blocked, id=6964, stack(0x0000001306900000,0x0000001306a00000)]
  0x000001dacfdab800 JavaThread "jar transforms Thread 64" [_thread_blocked, id=23160, stack(0x0000001306a00000,0x0000001306b00000)]
  0x000001dacfdaf800 JavaThread "jar transforms Thread 65" [_thread_blocked, id=18608, stack(0x0000001306b00000,0x0000001306c00000)]
  0x000001dacfda9800 JavaThread "jar transforms Thread 66" [_thread_blocked, id=16680, stack(0x0000001306c00000,0x0000001306d00000)]
  0x000001dacfdb0000 JavaThread "jar transforms Thread 67" [_thread_blocked, id=13936, stack(0x0000001306d00000,0x0000001306e00000)]
  0x000001dacfdae800 JavaThread "jar transforms Thread 68" [_thread_blocked, id=16712, stack(0x0000001306e00000,0x0000001306f00000)]
  0x000001dacfdaa800 JavaThread "jar transforms Thread 69" [_thread_blocked, id=13416, stack(0x0000001306f00000,0x0000001307000000)]
  0x000001dacfdb1000 JavaThread "jar transforms Thread 70" [_thread_blocked, id=16752, stack(0x0000001307000000,0x0000001307100000)]
  0x000001dacfdb2000 JavaThread "jar transforms Thread 71" [_thread_blocked, id=22568, stack(0x0000001307100000,0x0000001307200000)]
  0x000001dacfdac000 JavaThread "jar transforms Thread 72" [_thread_blocked, id=23004, stack(0x0000001307200000,0x0000001307300000)]
  0x000001dacfdb2800 JavaThread "jar transforms Thread 73" [_thread_blocked, id=23828, stack(0x0000001307300000,0x0000001307400000)]
  0x000001dacfdad000 JavaThread "jar transforms Thread 74" [_thread_blocked, id=21492, stack(0x0000001307400000,0x0000001307500000)]
  0x000001dacfdad800 JavaThread "jar transforms Thread 75" [_thread_blocked, id=10320, stack(0x0000001307500000,0x0000001307600000)]
  0x000001dacfdb3800 JavaThread "jar transforms Thread 76" [_thread_blocked, id=5552, stack(0x0000001307600000,0x0000001307700000)]
  0x000001dad3563000 JavaThread "jar transforms Thread 77" [_thread_blocked, id=1344, stack(0x0000001307700000,0x0000001307800000)]
  0x000001dad3562000 JavaThread "jar transforms Thread 78" [_thread_blocked, id=10372, stack(0x0000001307800000,0x0000001307900000)]
  0x000001dad355d800 JavaThread "jar transforms Thread 79" [_thread_blocked, id=12984, stack(0x0000001307900000,0x0000001307a00000)]
  0x000001dad3564000 JavaThread "jar transforms Thread 80" [_thread_blocked, id=25000, stack(0x0000001307a00000,0x0000001307b00000)]
  0x000001dad355f000 JavaThread "jar transforms Thread 81" [_thread_blocked, id=4180, stack(0x0000001307b00000,0x0000001307c00000)]
  0x000001dad3560800 JavaThread "jar transforms Thread 82" [_thread_blocked, id=23088, stack(0x0000001307c00000,0x0000001307d00000)]
  0x000001dad355f800 JavaThread "jar transforms Thread 83" [_thread_blocked, id=23548, stack(0x0000001307d00000,0x0000001307e00000)]
  0x000001dad355e000 JavaThread "jar transforms Thread 84" [_thread_blocked, id=21428, stack(0x0000001307e00000,0x0000001307f00000)]
  0x000001dad3564800 JavaThread "jar transforms Thread 85" [_thread_blocked, id=10824, stack(0x0000001307f00000,0x0000001308000000)]
  0x000001dad3567000 JavaThread "jar transforms Thread 86" [_thread_blocked, id=16560, stack(0x0000001308000000,0x0000001308100000)]
  0x000001dad3565800 JavaThread "jar transforms Thread 87" [_thread_blocked, id=20140, stack(0x0000001308100000,0x0000001308200000)]
  0x000001dad3561800 JavaThread "jar transforms Thread 88" [_thread_blocked, id=14232, stack(0x0000001308200000,0x0000001308300000)]
  0x000001dad3566800 JavaThread "jar transforms Thread 89" [_thread_blocked, id=27288, stack(0x0000001308300000,0x0000001308400000)]
  0x000001dad3568000 JavaThread "jar transforms Thread 90" [_thread_blocked, id=7932, stack(0x0000001308400000,0x0000001308500000)]
  0x000001dad356c000 JavaThread "jar transforms Thread 91" [_thread_blocked, id=15148, stack(0x0000001308500000,0x0000001308600000)]
  0x000001dad3569800 JavaThread "jar transforms Thread 92" [_thread_blocked, id=22608, stack(0x0000001308600000,0x0000001308700000)]
  0x000001dad3568800 JavaThread "jar transforms Thread 93" [_thread_blocked, id=11172, stack(0x0000001308700000,0x0000001308800000)]
  0x000001dad356a800 JavaThread "jar transforms Thread 94" [_thread_blocked, id=14028, stack(0x0000001308800000,0x0000001308900000)]
  0x000001dad356b000 JavaThread "jar transforms Thread 95" [_thread_blocked, id=4284, stack(0x0000001308900000,0x0000001308a00000)]
  0x000001dace48f800 JavaThread "jar transforms Thread 96" [_thread_blocked, id=7244, stack(0x0000001308a00000,0x0000001308b00000)]
  0x000001dace48d000 JavaThread "jar transforms Thread 97" [_thread_blocked, id=23416, stack(0x0000001308b00000,0x0000001308c00000)]
  0x000001dace490000 JavaThread "jar transforms Thread 98" [_thread_blocked, id=10984, stack(0x0000001308c00000,0x0000001308d00000)]
  0x000001dace48c000 JavaThread "jar transforms Thread 99" [_thread_blocked, id=13948, stack(0x0000001308d00000,0x0000001308e00000)]
  0x000001dace48e800 JavaThread "jar transforms Thread 100" [_thread_blocked, id=19404, stack(0x0000001308e00000,0x0000001308f00000)]
  0x000001dace491000 JavaThread "jar transforms Thread 101" [_thread_blocked, id=12168, stack(0x0000001308f00000,0x0000001309000000)]
  0x000001dace492000 JavaThread "jar transforms Thread 102" [_thread_blocked, id=10604, stack(0x0000001309000000,0x0000001309100000)]
  0x000001dace492800 JavaThread "jar transforms Thread 103" [_thread_blocked, id=21872, stack(0x0000001309100000,0x0000001309200000)]
  0x000001dace48e000 JavaThread "jar transforms Thread 104" [_thread_blocked, id=1732, stack(0x0000001309200000,0x0000001309300000)]
  0x000001dace496800 JavaThread "jar transforms Thread 105" [_thread_blocked, id=9400, stack(0x0000001309300000,0x0000001309400000)]
  0x000001dace499000 JavaThread "jar transforms Thread 106" [_thread_blocked, id=20908, stack(0x0000001309400000,0x0000001309500000)]
  0x000001dace493800 JavaThread "jar transforms Thread 107" [_thread_blocked, id=17912, stack(0x0000001309500000,0x0000001309600000)]
  0x000001dace497800 JavaThread "jar transforms Thread 108" [_thread_blocked, id=21116, stack(0x0000001309600000,0x0000001309700000)]
  0x000001dace494800 JavaThread "jar transforms Thread 109" [_thread_blocked, id=26180, stack(0x0000001309700000,0x0000001309800000)]
  0x000001dace49b000 JavaThread "jar transforms Thread 110" [_thread_blocked, id=10452, stack(0x0000001309800000,0x0000001309900000)]
  0x000001dace49a000 JavaThread "jar transforms Thread 111" [_thread_blocked, id=26956, stack(0x0000001309900000,0x0000001309a00000)]
  0x000001dace496000 JavaThread "jar transforms Thread 112" [_thread_blocked, id=12540, stack(0x0000001309a00000,0x0000001309b00000)]
  0x000001dace498800 JavaThread "jar transforms Thread 113" [_thread_blocked, id=25296, stack(0x0000001309b00000,0x0000001309c00000)]
  0x000001dace495000 JavaThread "jar transforms Thread 114" [_thread_blocked, id=22776, stack(0x0000001309c00000,0x0000001309d00000)]
  0x000001dacfc91800 JavaThread "jar transforms Thread 115" [_thread_blocked, id=2708, stack(0x0000001309d00000,0x0000001309e00000)]
  0x000001dacfc8f000 JavaThread "jar transforms Thread 116" [_thread_blocked, id=15220, stack(0x0000001309e00000,0x0000001309f00000)]
  0x000001dacfc94800 JavaThread "jar transforms Thread 117" [_thread_blocked, id=14704, stack(0x0000001309f00000,0x000000130a000000)]
  0x000001dacfc92800 JavaThread "jar transforms Thread 118" [_thread_blocked, id=15632, stack(0x000000130a000000,0x000000130a100000)]
  0x000001dacfc93000 JavaThread "jar transforms Thread 119" [_thread_blocked, id=15768, stack(0x000000130a100000,0x000000130a200000)]
  0x000001dacfc95800 JavaThread "Memory manager" [_thread_blocked, id=22696, stack(0x000000130a200000,0x000000130a300000)]
  0x000001dacfc96800 JavaThread "build event listener" [_thread_blocked, id=26656, stack(0x000000130a400000,0x000000130a500000)]
  0x000001dacfc90800 JavaThread "build event listener" [_thread_blocked, id=10044, stack(0x000000130a500000,0x000000130a600000)]
  0x000001dacfc98000 JavaThread "Execution worker for ':'" [_thread_blocked, id=17636, stack(0x000000130a600000,0x000000130a700000)]
  0x000001dacfc99800 JavaThread "Execution worker for ':' Thread 2" [_thread_blocked, id=3104, stack(0x000000130a700000,0x000000130a800000)]
  0x000001dacfc9a800 JavaThread "Execution worker for ':' Thread 3" [_thread_blocked, id=19560, stack(0x000000130a800000,0x000000130a900000)]
  0x000001dacfc99000 JavaThread "Execution worker for ':' Thread 4" [_thread_blocked, id=7440, stack(0x000000130a900000,0x000000130aa00000)]
  0x000001dacfc9c000 JavaThread "Execution worker for ':' Thread 5" [_thread_blocked, id=1792, stack(0x000000130aa00000,0x000000130ab00000)]
  0x000001dacfc9b800 JavaThread "Execution worker for ':' Thread 6" [_thread_blocked, id=24276, stack(0x000000130ab00000,0x000000130ac00000)]
  0x000001dacfc9d000 JavaThread "Execution worker for ':' Thread 7" [_thread_blocked, id=13336, stack(0x000000130ac00000,0x000000130ad00000)]
  0x000001dacfc97000 JavaThread "Cache worker for execution history cache (E:\OfficeGit\Berger_Xpress_Visualizer\Berger_Visualizer\Berger Visualizer\.gradle\6.7.1\executionHistory)" [_thread_blocked, id=6248, stack(0x000000130ad00000,0x000000130ae00000)]
  0x000001dacfc9d800 JavaThread "WorkerExecutor Queue" [_thread_blocked, id=21264, stack(0x000000130ae00000,0x000000130af00000)]
  0x000001dad103e000 JavaThread "WorkerExecutor Queue Thread 2" [_thread_blocked, id=23888, stack(0x000000130af00000,0x000000130b000000)]
  0x000001dad103f000 JavaThread "WorkerExecutor Queue Thread 3" [_thread_blocked, id=1992, stack(0x000000130b000000,0x000000130b100000)]
  0x000001dad1040800 JavaThread "pool-4-thread-1" [_thread_blocked, id=9944, stack(0x000000130b100000,0x000000130b200000)]
  0x000001dad1041800 JavaThread "stderr" [_thread_in_native, id=14476, stack(0x000000130b200000,0x000000130b300000)]
  0x000001dad1040000 JavaThread "stdout" [_thread_in_native, id=5220, stack(0x000000130b300000,0x000000130b400000)]
  0x000001dad1042000 JavaThread "WorkerExecutor Queue Thread 4" [_thread_blocked, id=25416, stack(0x000000130b400000,0x000000130b500000)]
  0x000001dad1043000 JavaThread "stderr" [_thread_in_native, id=10836, stack(0x000000130b500000,0x000000130b600000)]
  0x000001dad103d800 JavaThread "stdout" [_thread_in_native, id=26648, stack(0x000000130b600000,0x000000130b700000)]
  0x000001dad1046800 JavaThread "RMI Scheduler(0)" daemon [_thread_blocked, id=22432, stack(0x000000130b700000,0x000000130b800000)]
  0x000001dad1045800 JavaThread "RMI GC Daemon" daemon [_thread_blocked, id=26796, stack(0x000000130b900000,0x000000130ba00000)]
  0x000001dad1044000 JavaThread "RMI TCP Accept-0" daemon [_thread_in_native, id=6844, stack(0x000000130ba00000,0x000000130bb00000)]
  0x000001dad1047000 JavaThread "RMI Reaper" [_thread_blocked, id=16608, stack(0x000000130bb00000,0x000000130bc00000)]
  0x000001dad104c000 JavaThread "RMI TCP Connection(1)-127.0.0.1" daemon [_thread_in_native, id=8716, stack(0x000000130bc00000,0x000000130bd00000)]
  0x000001dad1049800 JavaThread "Cache worker for Java compile cache (C:\Users\hp\.gradle\caches\6.7.1\javaCompile)" [_thread_blocked, id=12980, stack(0x000000130b800000,0x000000130b900000)]
  0x000001dad1048000 JavaThread "Cache worker for Java compile cache (E:\OfficeGit\Berger_Xpress_Visualizer\Berger_Visualizer\Berger Visualizer\.gradle\6.7.1\javaCompile)" [_thread_blocked, id=7820, stack(0x000000130bd00000,0x000000130be00000)]
  0x000001dad1048800 JavaThread "WorkerExecutor Queue Thread 5" [_thread_blocked, id=14876, stack(0x000000130be00000,0x000000130bf00000)]
  0x000001dad104a800 JavaThread "WorkerExecutor Queue Thread 6" [_thread_blocked, id=24236, stack(0x000000130bf00000,0x000000130c000000)]
  0x000001dad1044800 JavaThread "WorkerExecutor Queue Thread 7" [_thread_blocked, id=17216, stack(0x000000130c000000,0x000000130c100000)]
  0x000001dad104b000 JavaThread "WorkerExecutor Queue Thread 8" [_thread_blocked, id=24836, stack(0x000000130c100000,0x000000130c200000)]
  0x000001dad8c83800 JavaThread "C2 CompilerThread1" daemon [_thread_blocked, id=10648, stack(0x0000001300f00000,0x0000001301000000)]
  0x000001dad8c86800 JavaThread "C2 CompilerThread2" daemon [_thread_in_native, id=15860, stack(0x0000001301f00000,0x0000001302000000)]
  0x000001dad8c81800 JavaThread "ForkJoinPool-1-worker-3" daemon [_thread_blocked, id=18368, stack(0x000000130c400000,0x000000130c500000)]
  0x000001dad8c81000 JavaThread "ForkJoinPool-1-worker-5" daemon [_thread_blocked, id=26868, stack(0x000000130c500000,0x000000130c600000)]
  0x000001dad8c87800 JavaThread "ForkJoinPool-1-worker-7" daemon [_thread_blocked, id=20832, stack(0x000000130c600000,0x000000130c700000)]
  0x000001dad8c88000 JavaThread "ForkJoinPool-1-worker-9" daemon [_thread_blocked, id=14096, stack(0x000000130c700000,0x000000130c800000)]
  0x000001dad8c85800 JavaThread "ForkJoinPool-1-worker-11" daemon [_thread_blocked, id=16024, stack(0x000000130c800000,0x000000130c900000)]
  0x000001dad8c82800 JavaThread "ForkJoinPool-1-worker-13" daemon [_thread_blocked, id=8668, stack(0x000000130c900000,0x000000130ca00000)]
  0x000001dad8c85000 JavaThread "ForkJoinPool-1-worker-15" daemon [_thread_blocked, id=24320, stack(0x000000130ca00000,0x000000130cb00000)]
  0x000001dad8c8a000 JavaThread "ForkJoinPool-1-worker-1" daemon [_thread_blocked, id=9276, stack(0x000000130cb00000,0x000000130cc00000)]

Other Threads:
=>0x000001dacdd7e800 VMThread "VM Thread" [stack: 0x000000137f800000,0x000000137f900000] [id=20096]
  0x000001dacdf7c800 WatcherThread [stack: 0x0000001300200000,0x0000001300300000] [id=18728]
  0x000001dab30b4800 GCTaskThread "GC Thread#0" [stack: 0x000000137f300000,0x000000137f400000] [id=10804]
  0x000001dacf04d000 GCTaskThread "GC Thread#1" [stack: 0x0000001300500000,0x0000001300600000] [id=21864]
  0x000001daced3d800 GCTaskThread "GC Thread#2" [stack: 0x0000001300600000,0x0000001300700000] [id=4064]
  0x000001daceb40800 GCTaskThread "GC Thread#3" [stack: 0x0000001300700000,0x0000001300800000] [id=11788]
  0x000001dace479000 GCTaskThread "GC Thread#4" [stack: 0x0000001300800000,0x0000001300900000] [id=16436]
  0x000001dacec9b800 GCTaskThread "GC Thread#5" [stack: 0x0000001300900000,0x0000001300a00000] [id=20420]
  0x000001dacede9000 GCTaskThread "GC Thread#6" [stack: 0x0000001301700000,0x0000001301800000] [id=8544]
  0x000001dad0984800 GCTaskThread "GC Thread#7" [stack: 0x0000001301800000,0x0000001301900000] [id=12708]
  0x000001dab30e4000 ConcurrentGCThread "G1 Main Marker" [stack: 0x000000137f400000,0x000000137f500000] [id=13568]
  0x000001dab30e6800 ConcurrentGCThread "G1 Conc#0" [stack: 0x000000137f500000,0x000000137f600000] [id=16748]
  0x000001daceb54800 ConcurrentGCThread "G1 Conc#1" [stack: 0x0000001301900000,0x0000001301a00000] [id=23804]
  0x000001dab316e800 ConcurrentGCThread "G1 Refine#0" [stack: 0x000000137f600000,0x000000137f700000] [id=9992]
  0x000001dad3a4b800 ConcurrentGCThread "G1 Refine#1" [stack: 0x000000130a300000,0x000000130a400000] [id=21196]
  0x000001dad575e800 ConcurrentGCThread "G1 Refine#2" [stack: 0x000000130c200000,0x000000130c300000] [id=24324]
  0x000001dad7840800 ConcurrentGCThread "G1 Refine#3" [stack: 0x000000130c300000,0x000000130c400000] [id=13012]
  0x000001dacd3cc800 ConcurrentGCThread "G1 Young RemSet Sampling" [stack: 0x000000137f700000,0x000000137f800000] [id=7592]

Threads with active compile tasks:
C2 CompilerThread0  41034 17184       4       com.android.tools.r8.graph.O::a (275 bytes)
C2 CompilerThread1  41034 17263       4       com.android.tools.r8.graph.o0::a (66 bytes)
C2 CompilerThread2  41034 17249       4       com.android.tools.r8.dex.P$g::a (35 bytes)

VM state:at safepoint (normal execution)

VM Mutex/Monitor currently owned by a thread:  ([mutex/lock_event])
[0x000001dab30994d0] Threads_lock - owner thread: 0x000001dacdd7e800
[0x000001dab3098f30] Heap_lock - owner thread: 0x000001dacfc9d800

Heap address: 0x0000000080000000, size: 2048 MB, Compressed Oops mode: 32-bit
Narrow klass base: 0x0000000000000000, Narrow klass shift: 3
Compressed class space size: 1073741824 Address: 0x0000000100000000

Heap:
 garbage-first heap   total 629760K, used 237476K [0x0000000080000000, 0x0000000100000000)
  region size 1024K, 4 young (4096K), 4 survivors (4096K)
 Metaspace       used 118141K, capacity 121150K, committed 121636K, reserved 1155072K
  class space    used 15048K, capacity 16207K, committed 16420K, reserved 1048576K
Heap Regions: E=young(eden), S=young(survivor), O=old, HS=humongous(starts), HC=humongous(continues), CS=collection set, F=free, A=archive, TAMS=top-at-mark-start (previous, next)
|   0|0x0000000080000000, 0x0000000080100000, 0x0000000080100000|100%| O|  |TAMS 0x0000000080100000, 0x0000000080000000| Untracked 
|   1|0x0000000080100000, 0x0000000080200000, 0x0000000080200000|100%| O|  |TAMS 0x0000000080200000, 0x0000000080100000| Untracked 
|   2|0x0000000080200000, 0x0000000080300000, 0x0000000080300000|100%| O|  |TAMS 0x0000000080300000, 0x0000000080200000| Untracked 
|   3|0x0000000080300000, 0x0000000080400000, 0x0000000080400000|100%|HS|  |TAMS 0x0000000080400000, 0x0000000080300000| Complete 
|   4|0x0000000080400000, 0x0000000080500000, 0x0000000080500000|100%|HC|  |TAMS 0x0000000080500000, 0x0000000080400000| Complete 
|   5|0x0000000080500000, 0x0000000080600000, 0x0000000080600000|100%|HC|  |TAMS 0x0000000080600000, 0x0000000080500000| Complete 
|   6|0x0000000080600000, 0x0000000080700000, 0x0000000080700000|100%| O|  |TAMS 0x0000000080700000, 0x0000000080600000| Untracked 
|   7|0x0000000080700000, 0x0000000080800000, 0x0000000080800000|100%| O|  |TAMS 0x0000000080800000, 0x0000000080700000| Untracked 
|   8|0x0000000080800000, 0x0000000080900000, 0x0000000080900000|100%| O|  |TAMS 0x0000000080900000, 0x0000000080800000| Untracked 
|   9|0x0000000080900000, 0x0000000080a00000, 0x0000000080a00000|100%| O|  |TAMS 0x0000000080a00000, 0x0000000080900000| Untracked 
|  10|0x0000000080a00000, 0x0000000080b00000, 0x0000000080b00000|100%| O|  |TAMS 0x0000000080b00000, 0x0000000080a00000| Untracked 
|  11|0x0000000080b00000, 0x0000000080c00000, 0x0000000080c00000|100%| O|  |TAMS 0x0000000080c00000, 0x0000000080b00000| Untracked 
|  12|0x0000000080c00000, 0x0000000080d00000, 0x0000000080d00000|100%| O|  |TAMS 0x0000000080d00000, 0x0000000080c00000| Untracked 
|  13|0x0000000080d00000, 0x0000000080e00000, 0x0000000080e00000|100%| O|  |TAMS 0x0000000080e00000, 0x0000000080d00000| Untracked 
|  14|0x0000000080e00000, 0x0000000080f00000, 0x0000000080f00000|100%| O|  |TAMS 0x0000000080f00000, 0x0000000080e00000| Untracked 
|  15|0x0000000080f00000, 0x0000000081000000, 0x0000000081000000|100%| O|  |TAMS 0x0000000081000000, 0x0000000080f00000| Untracked 
|  16|0x0000000081000000, 0x0000000081100000, 0x0000000081100000|100%|HS|  |TAMS 0x0000000081100000, 0x0000000081000000| Complete 
|  17|0x0000000081100000, 0x0000000081200000, 0x0000000081200000|100%|HS|  |TAMS 0x0000000081200000, 0x0000000081100000| Complete 
|  18|0x0000000081200000, 0x0000000081300000, 0x0000000081300000|100%|HS|  |TAMS 0x0000000081300000, 0x0000000081200000| Complete 
|  19|0x0000000081300000, 0x0000000081400000, 0x0000000081400000|100%|HC|  |TAMS 0x0000000081400000, 0x0000000081300000| Complete 
|  20|0x0000000081400000, 0x0000000081500000, 0x0000000081500000|100%|HC|  |TAMS 0x0000000081500000, 0x0000000081400000| Complete 
|  21|0x0000000081500000, 0x0000000081600000, 0x0000000081600000|100%|HS|  |TAMS 0x0000000081600000, 0x0000000081500000| Complete 
|  22|0x0000000081600000, 0x0000000081700000, 0x0000000081700000|100%|HC|  |TAMS 0x0000000081700000, 0x0000000081600000| Complete 
|  23|0x0000000081700000, 0x0000000081800000, 0x0000000081800000|100%| O|  |TAMS 0x0000000081800000, 0x0000000081700000| Untracked 
|  24|0x0000000081800000, 0x0000000081900000, 0x0000000081900000|100%| O|  |TAMS 0x0000000081900000, 0x0000000081800000| Untracked 
|  25|0x0000000081900000, 0x0000000081a00000, 0x0000000081a00000|100%| O|  |TAMS 0x0000000081a00000, 0x0000000081900000| Untracked 
|  26|0x0000000081a00000, 0x0000000081b00000, 0x0000000081b00000|100%| O|  |TAMS 0x0000000081b00000, 0x0000000081a00000| Untracked 
|  27|0x0000000081b00000, 0x0000000081c00000, 0x0000000081c00000|100%| O|  |TAMS 0x0000000081c00000, 0x0000000081b00000| Untracked 
|  28|0x0000000081c00000, 0x0000000081d00000, 0x0000000081d00000|100%| O|  |TAMS 0x0000000081d00000, 0x0000000081c00000| Untracked 
|  29|0x0000000081d00000, 0x0000000081e00000, 0x0000000081e00000|100%| O|  |TAMS 0x0000000081e00000, 0x0000000081d00000| Complete 
|  30|0x0000000081e00000, 0x0000000081f00000, 0x0000000081f00000|100%| O|  |TAMS 0x0000000081f00000, 0x0000000081e00000| Untracked 
|  31|0x0000000081f00000, 0x0000000082000000, 0x0000000082000000|100%| O|  |TAMS 0x0000000082000000, 0x0000000081f00000| Untracked 
|  32|0x0000000082000000, 0x0000000082100000, 0x0000000082100000|100%| O|  |TAMS 0x0000000082100000, 0x0000000082000000| Untracked 
|  33|0x0000000082100000, 0x0000000082200000, 0x0000000082200000|100%| O|  |TAMS 0x0000000082200000, 0x0000000082100000| Untracked 
|  34|0x0000000082200000, 0x0000000082300000, 0x0000000082300000|100%| O|  |TAMS 0x0000000082300000, 0x0000000082200000| Untracked 
|  35|0x0000000082300000, 0x0000000082400000, 0x0000000082400000|100%| O|  |TAMS 0x0000000082400000, 0x0000000082300000| Untracked 
|  36|0x0000000082400000, 0x0000000082500000, 0x0000000082500000|100%| O|  |TAMS 0x0000000082500000, 0x0000000082400000| Untracked 
|  37|0x0000000082500000, 0x0000000082600000, 0x0000000082600000|100%| O|  |TAMS 0x0000000082600000, 0x0000000082500000| Complete 
|  38|0x0000000082600000, 0x0000000082700000, 0x0000000082700000|100%| O|  |TAMS 0x0000000082700000, 0x0000000082600000| Untracked 
|  39|0x0000000082700000, 0x0000000082800000, 0x0000000082800000|100%| O|  |TAMS 0x0000000082800000, 0x0000000082700000| Untracked 
|  40|0x0000000082800000, 0x0000000082900000, 0x0000000082900000|100%| O|  |TAMS 0x0000000082900000, 0x0000000082800000| Untracked 
|  41|0x0000000082900000, 0x0000000082a00000, 0x0000000082a00000|100%| O|  |TAMS 0x0000000082a00000, 0x0000000082900000| Untracked 
|  42|0x0000000082a00000, 0x0000000082b00000, 0x0000000082b00000|100%| O|  |TAMS 0x0000000082b00000, 0x0000000082a00000| Untracked 
|  43|0x0000000082b00000, 0x0000000082c00000, 0x0000000082c00000|100%| O|  |TAMS 0x0000000082c00000, 0x0000000082b00000| Complete 
|  44|0x0000000082c00000, 0x0000000082d00000, 0x0000000082d00000|100%| O|  |TAMS 0x0000000082d00000, 0x0000000082c00000| Complete 
|  45|0x0000000082d00000, 0x0000000082e00000, 0x0000000082e00000|100%| O|  |TAMS 0x0000000082e00000, 0x0000000082d00000| Complete 
|  46|0x0000000082e00000, 0x0000000082f00000, 0x0000000082f00000|100%| O|  |TAMS 0x0000000082f00000, 0x0000000082e00000| Complete 
|  47|0x0000000082f00000, 0x0000000083000000, 0x0000000083000000|100%| O|  |TAMS 0x0000000083000000, 0x0000000082f00000| Complete 
|  48|0x0000000083000000, 0x0000000083100000, 0x0000000083100000|100%|HS|  |TAMS 0x0000000083100000, 0x0000000083000000| Complete 
|  49|0x0000000083100000, 0x0000000083200000, 0x0000000083200000|100%| O|  |TAMS 0x0000000083200000, 0x0000000083100000| Complete 
|  50|0x0000000083200000, 0x0000000083300000, 0x0000000083300000|100%| O|  |TAMS 0x0000000083300000, 0x0000000083200000| Untracked 
|  51|0x0000000083300000, 0x0000000083400000, 0x0000000083400000|100%| O|  |TAMS 0x0000000083400000, 0x0000000083300000| Untracked 
|  52|0x0000000083400000, 0x0000000083500000, 0x0000000083500000|100%| O|  |TAMS 0x0000000083500000, 0x0000000083400000| Untracked 
|  53|0x0000000083500000, 0x0000000083600000, 0x0000000083600000|100%| O|  |TAMS 0x0000000083600000, 0x0000000083500000| Untracked 
|  54|0x0000000083600000, 0x0000000083700000, 0x0000000083700000|100%| O|  |TAMS 0x0000000083700000, 0x0000000083600000| Untracked 
|  55|0x0000000083700000, 0x0000000083800000, 0x0000000083800000|100%| O|  |TAMS 0x0000000083800000, 0x0000000083700000| Untracked 
|  56|0x0000000083800000, 0x0000000083900000, 0x0000000083900000|100%| O|  |TAMS 0x0000000083900000, 0x0000000083800000| Complete 
|  57|0x0000000083900000, 0x0000000083a00000, 0x0000000083a00000|100%|HS|  |TAMS 0x0000000083a00000, 0x0000000083900000| Complete 
|  58|0x0000000083a00000, 0x0000000083b00000, 0x0000000083b00000|100%| O|  |TAMS 0x0000000083b00000, 0x0000000083a00000| Complete 
|  59|0x0000000083b00000, 0x0000000083c00000, 0x0000000083c00000|100%| O|  |TAMS 0x0000000083c00000, 0x0000000083b00000| Untracked 
|  60|0x0000000083c00000, 0x0000000083d00000, 0x0000000083d00000|100%| O|  |TAMS 0x0000000083d00000, 0x0000000083c00000| Complete 
|  61|0x0000000083d00000, 0x0000000083e00000, 0x0000000083e00000|100%| O|  |TAMS 0x0000000083e00000, 0x0000000083d00000| Complete 
|  62|0x0000000083e00000, 0x0000000083f00000, 0x0000000083f00000|100%| O|  |TAMS 0x0000000083f00000, 0x0000000083e00000| Untracked 
|  63|0x0000000083f00000, 0x0000000084000000, 0x0000000084000000|100%| O|  |TAMS 0x0000000084000000, 0x0000000083f00000| Untracked 
|  64|0x0000000084000000, 0x0000000084100000, 0x0000000084100000|100%| O|  |TAMS 0x0000000084100000, 0x0000000084000000| Untracked 
|  65|0x0000000084100000, 0x0000000084200000, 0x0000000084200000|100%| O|  |TAMS 0x0000000084200000, 0x0000000084100000| Untracked 
|  66|0x0000000084200000, 0x0000000084300000, 0x0000000084300000|100%| O|  |TAMS 0x0000000084300000, 0x0000000084200000| Untracked 
|  67|0x0000000084300000, 0x0000000084400000, 0x0000000084400000|100%| O|  |TAMS 0x0000000084400000, 0x0000000084300000| Untracked 
|  68|0x0000000084400000, 0x0000000084500000, 0x0000000084500000|100%| O|  |TAMS 0x0000000084500000, 0x0000000084400000| Untracked 
|  69|0x0000000084500000, 0x0000000084600000, 0x0000000084600000|100%| O|  |TAMS 0x0000000084600000, 0x0000000084500000| Complete 
|  70|0x0000000084600000, 0x0000000084700000, 0x0000000084700000|100%| O|  |TAMS 0x0000000084700000, 0x0000000084600000| Untracked 
|  71|0x0000000084700000, 0x0000000084800000, 0x0000000084800000|100%| O|  |TAMS 0x0000000084800000, 0x0000000084700000| Untracked 
|  72|0x0000000084800000, 0x0000000084900000, 0x0000000084900000|100%| O|  |TAMS 0x0000000084900000, 0x0000000084800000| Untracked 
|  73|0x0000000084900000, 0x0000000084a00000, 0x0000000084a00000|100%| O|  |TAMS 0x0000000084a00000, 0x0000000084900000| Untracked 
|  74|0x0000000084a00000, 0x0000000084b00000, 0x0000000084b00000|100%| O|  |TAMS 0x0000000084b00000, 0x0000000084a00000| Complete 
|  75|0x0000000084b00000, 0x0000000084c00000, 0x0000000084c00000|100%| O|  |TAMS 0x0000000084c00000, 0x0000000084b00000| Untracked 
|  76|0x0000000084c00000, 0x0000000084d00000, 0x0000000084d00000|100%| O|  |TAMS 0x0000000084d00000, 0x0000000084c00000| Untracked 
|  77|0x0000000084d00000, 0x0000000084e00000, 0x0000000084e00000|100%| O|  |TAMS 0x0000000084e00000, 0x0000000084d00000| Untracked 
|  78|0x0000000084e00000, 0x0000000084f00000, 0x0000000084f00000|100%| O|  |TAMS 0x0000000084f00000, 0x0000000084e00000| Untracked 
|  79|0x0000000084f00000, 0x0000000085000000, 0x0000000085000000|100%| O|  |TAMS 0x0000000085000000, 0x0000000084f00000| Untracked 
|  80|0x0000000085000000, 0x0000000085100000, 0x0000000085100000|100%| O|  |TAMS 0x0000000085100000, 0x0000000085000000| Untracked 
|  81|0x0000000085100000, 0x0000000085200000, 0x0000000085200000|100%| O|  |TAMS 0x0000000085200000, 0x0000000085100000| Complete 
|  82|0x0000000085200000, 0x0000000085300000, 0x0000000085300000|100%| O|  |TAMS 0x0000000085300000, 0x0000000085200000| Complete 
|  83|0x0000000085300000, 0x0000000085400000, 0x0000000085400000|100%| O|  |TAMS 0x0000000085400000, 0x0000000085300000| Untracked 
|  84|0x0000000085400000, 0x0000000085500000, 0x0000000085500000|100%| O|  |TAMS 0x0000000085500000, 0x0000000085400000| Complete 
|  85|0x0000000085500000, 0x0000000085600000, 0x0000000085600000|100%| O|  |TAMS 0x0000000085600000, 0x0000000085500000| Untracked 
|  86|0x0000000085600000, 0x0000000085700000, 0x0000000085700000|100%| O|  |TAMS 0x0000000085700000, 0x0000000085600000| Untracked 
|  87|0x0000000085700000, 0x0000000085800000, 0x0000000085800000|100%| O|  |TAMS 0x0000000085800000, 0x0000000085700000| Untracked 
|  88|0x0000000085800000, 0x0000000085900000, 0x0000000085900000|100%| O|  |TAMS 0x0000000085900000, 0x0000000085800000| Untracked 
|  89|0x0000000085900000, 0x0000000085a00000, 0x0000000085a00000|100%| O|  |TAMS 0x0000000085a00000, 0x0000000085900000| Untracked 
|  90|0x0000000085a00000, 0x0000000085b00000, 0x0000000085b00000|100%| O|  |TAMS 0x0000000085b00000, 0x0000000085a00000| Complete 
|  91|0x0000000085b00000, 0x0000000085c00000, 0x0000000085c00000|100%| O|  |TAMS 0x0000000085c00000, 0x0000000085b00000| Complete 
|  92|0x0000000085c00000, 0x0000000085d00000, 0x0000000085d00000|100%| O|  |TAMS 0x0000000085d00000, 0x0000000085c00000| Complete 
|  93|0x0000000085d00000, 0x0000000085e00000, 0x0000000085e00000|100%| O|  |TAMS 0x0000000085e00000, 0x0000000085d00000| Untracked 
|  94|0x0000000085e00000, 0x0000000085f00000, 0x0000000085f00000|100%| O|  |TAMS 0x0000000085f00000, 0x0000000085e00000| Untracked 
|  95|0x0000000085f00000, 0x0000000086000000, 0x0000000086000000|100%| O|  |TAMS 0x0000000086000000, 0x0000000085f00000| Untracked 
|  96|0x0000000086000000, 0x0000000086100000, 0x0000000086100000|100%| O|  |TAMS 0x0000000086100000, 0x0000000086000000| Untracked 
|  97|0x0000000086100000, 0x0000000086200000, 0x0000000086200000|100%| O|  |TAMS 0x0000000086200000, 0x0000000086100000| Untracked 
|  98|0x0000000086200000, 0x0000000086300000, 0x0000000086300000|100%| O|  |TAMS 0x0000000086300000, 0x0000000086200000| Untracked 
|  99|0x0000000086300000, 0x0000000086400000, 0x0000000086400000|100%| O|  |TAMS 0x0000000086300000, 0x0000000086300000| Untracked 
| 100|0x0000000086400000, 0x0000000086500000, 0x0000000086500000|100%| O|  |TAMS 0x0000000086500000, 0x0000000086400000| Untracked 
| 101|0x0000000086500000, 0x0000000086600000, 0x0000000086600000|100%| O|  |TAMS 0x0000000086600000, 0x0000000086500000| Complete 
| 102|0x0000000086600000, 0x0000000086700000, 0x0000000086700000|100%|HS|  |TAMS 0x0000000086700000, 0x0000000086600000| Complete 
| 103|0x0000000086700000, 0x0000000086800000, 0x0000000086800000|100%| O|  |TAMS 0x0000000086800000, 0x0000000086700000| Untracked 
| 104|0x0000000086800000, 0x0000000086900000, 0x0000000086900000|100%| O|  |TAMS 0x0000000086900000, 0x0000000086800000| Untracked 
| 105|0x0000000086900000, 0x0000000086a00000, 0x0000000086a00000|100%| O|  |TAMS 0x0000000086a00000, 0x0000000086900000| Complete 
| 106|0x0000000086a00000, 0x0000000086b00000, 0x0000000086b00000|100%|HS|  |TAMS 0x0000000086b00000, 0x0000000086a00000| Complete 
| 107|0x0000000086b00000, 0x0000000086c00000, 0x0000000086c00000|100%| O|  |TAMS 0x0000000086c00000, 0x0000000086b00000| Untracked 
| 108|0x0000000086c00000, 0x0000000086d00000, 0x0000000086d00000|100%| O|  |TAMS 0x0000000086d00000, 0x0000000086c00000| Complete 
| 109|0x0000000086d00000, 0x0000000086e00000, 0x0000000086e00000|100%| O|  |TAMS 0x0000000086e00000, 0x0000000086d00000| Untracked 
| 110|0x0000000086e00000, 0x0000000086f00000, 0x0000000086f00000|100%| O|  |TAMS 0x0000000086f00000, 0x0000000086e00000| Complete 
| 111|0x0000000086f00000, 0x0000000087000000, 0x0000000087000000|100%| O|  |TAMS 0x0000000087000000, 0x0000000086f00000| Untracked 
| 112|0x0000000087000000, 0x0000000087100000, 0x0000000087100000|100%| O|  |TAMS 0x0000000087100000, 0x0000000087000000| Untracked 
| 113|0x0000000087100000, 0x0000000087200000, 0x0000000087200000|100%| O|  |TAMS 0x0000000087200000, 0x0000000087100000| Complete 
| 114|0x0000000087200000, 0x0000000087300000, 0x0000000087300000|100%| O|  |TAMS 0x0000000087300000, 0x0000000087200000| Untracked 
| 115|0x0000000087300000, 0x0000000087400000, 0x0000000087400000|100%| O|  |TAMS 0x0000000087400000, 0x0000000087300000| Complete 
| 116|0x0000000087400000, 0x0000000087500000, 0x0000000087500000|100%| O|  |TAMS 0x0000000087500000, 0x0000000087400000| Untracked 
| 117|0x0000000087500000, 0x0000000087600000, 0x0000000087600000|100%| O|  |TAMS 0x0000000087600000, 0x0000000087500000| Untracked 
| 118|0x0000000087600000, 0x0000000087700000, 0x0000000087700000|100%| O|  |TAMS 0x0000000087700000, 0x0000000087600000| Complete 
| 119|0x0000000087700000, 0x0000000087800000, 0x0000000087800000|100%| O|  |TAMS 0x0000000087800000, 0x0000000087700000| Complete 
| 120|0x0000000087800000, 0x0000000087900000, 0x0000000087900000|100%| O|  |TAMS 0x0000000087900000, 0x0000000087800000| Complete 
| 121|0x0000000087900000, 0x0000000087a00000, 0x0000000087a00000|100%| O|  |TAMS 0x0000000087a00000, 0x0000000087900000| Untracked 
| 122|0x0000000087a00000, 0x0000000087b00000, 0x0000000087b00000|100%| O|  |TAMS 0x0000000087b00000, 0x0000000087a00000| Untracked 
| 123|0x0000000087b00000, 0x0000000087c00000, 0x0000000087c00000|100%| O|  |TAMS 0x0000000087c00000, 0x0000000087b00000| Untracked 
| 124|0x0000000087c00000, 0x0000000087d00000, 0x0000000087d00000|100%| O|  |TAMS 0x0000000087d00000, 0x0000000087c00000| Untracked 
| 125|0x0000000087d00000, 0x0000000087e00000, 0x0000000087e00000|100%| O|  |TAMS 0x0000000087e00000, 0x0000000087d00000| Untracked 
| 126|0x0000000087e00000, 0x0000000087f00000, 0x0000000087f00000|100%| O|  |TAMS 0x0000000087f00000, 0x0000000087e00000| Untracked 
| 127|0x0000000087f00000, 0x0000000088000000, 0x0000000088000000|100%| O|  |TAMS 0x0000000088000000, 0x0000000087f00000| Untracked 
| 128|0x0000000088000000, 0x0000000088100000, 0x0000000088100000|100%| O|  |TAMS 0x0000000088100000, 0x0000000088000000| Untracked 
| 129|0x0000000088100000, 0x0000000088200000, 0x0000000088200000|100%| O|  |TAMS 0x0000000088200000, 0x0000000088100000| Complete 
| 130|0x0000000088200000, 0x0000000088300000, 0x0000000088300000|100%| O|  |TAMS 0x0000000088300000, 0x0000000088200000| Complete 
| 131|0x0000000088300000, 0x0000000088400000, 0x0000000088400000|100%| O|  |TAMS 0x0000000088400000, 0x0000000088300000| Untracked 
| 132|0x0000000088400000, 0x0000000088500000, 0x0000000088500000|100%|HS|  |TAMS 0x0000000088500000, 0x0000000088400000| Complete 
| 133|0x0000000088500000, 0x0000000088600000, 0x0000000088600000|100%|HC|  |TAMS 0x0000000088600000, 0x0000000088500000| Complete 
| 134|0x0000000088600000, 0x0000000088700000, 0x0000000088700000|100%|HC|  |TAMS 0x0000000088700000, 0x0000000088600000| Complete 
| 135|0x0000000088700000, 0x0000000088800000, 0x0000000088800000|100%|HC|  |TAMS 0x0000000088800000, 0x0000000088700000| Complete 
| 136|0x0000000088800000, 0x0000000088900000, 0x0000000088900000|100%|HC|  |TAMS 0x0000000088900000, 0x0000000088800000| Complete 
| 137|0x0000000088900000, 0x0000000088a00000, 0x0000000088a00000|100%|HC|  |TAMS 0x0000000088a00000, 0x0000000088900000| Complete 
| 138|0x0000000088a00000, 0x0000000088b00000, 0x0000000088b00000|100%|HC|  |TAMS 0x0000000088b00000, 0x0000000088a00000| Complete 
| 139|0x0000000088b00000, 0x0000000088c00000, 0x0000000088c00000|100%|HC|  |TAMS 0x0000000088c00000, 0x0000000088b00000| Complete 
| 140|0x0000000088c00000, 0x0000000088d00000, 0x0000000088d00000|100%|HC|  |TAMS 0x0000000088d00000, 0x0000000088c00000| Complete 
| 141|0x0000000088d00000, 0x0000000088e00000, 0x0000000088e00000|100%| O|  |TAMS 0x0000000088e00000, 0x0000000088d00000| Complete 
| 142|0x0000000088e00000, 0x0000000088f00000, 0x0000000088f00000|100%| O|  |TAMS 0x0000000088f00000, 0x0000000088e00000| Untracked 
| 143|0x0000000088f00000, 0x0000000089000000, 0x0000000089000000|100%| O|  |TAMS 0x0000000089000000, 0x0000000088f00000| Untracked 
| 144|0x0000000089000000, 0x0000000089100000, 0x0000000089100000|100%| O|  |TAMS 0x0000000089100000, 0x0000000089000000| Untracked 
| 145|0x0000000089100000, 0x0000000089200000, 0x0000000089200000|100%| O|  |TAMS 0x0000000089200000, 0x0000000089100000| Untracked 
| 146|0x0000000089200000, 0x0000000089300000, 0x0000000089300000|100%| O|  |TAMS 0x0000000089300000, 0x0000000089200000| Untracked 
| 147|0x0000000089300000, 0x0000000089400000, 0x0000000089400000|100%| O|  |TAMS 0x0000000089400000, 0x0000000089300000| Untracked 
| 148|0x0000000089400000, 0x0000000089500000, 0x0000000089500000|100%| O|  |TAMS 0x0000000089500000, 0x0000000089400000| Untracked 
| 149|0x0000000089500000, 0x0000000089600000, 0x0000000089600000|100%| O|  |TAMS 0x0000000089600000, 0x0000000089500000| Untracked 
| 150|0x0000000089600000, 0x0000000089700000, 0x0000000089700000|100%| O|  |TAMS 0x0000000089700000, 0x0000000089600000| Untracked 
| 151|0x0000000089700000, 0x0000000089800000, 0x0000000089800000|100%| O|  |TAMS 0x0000000089800000, 0x0000000089700000| Untracked 
| 152|0x0000000089800000, 0x0000000089900000, 0x0000000089900000|100%| O|  |TAMS 0x0000000089900000, 0x0000000089800000| Untracked 
| 153|0x0000000089900000, 0x0000000089a00000, 0x0000000089a00000|100%| O|  |TAMS 0x0000000089a00000, 0x0000000089900000| Untracked 
| 154|0x0000000089a00000, 0x0000000089b00000, 0x0000000089b00000|100%| O|  |TAMS 0x0000000089a00000, 0x0000000089a00000| Untracked 
| 155|0x0000000089b00000, 0x0000000089b9fc00, 0x0000000089c00000| 62%| O|  |TAMS 0x0000000089b00000, 0x0000000089b00000| Untracked 
| 156|0x0000000089c00000, 0x0000000089d00000, 0x0000000089d00000|100%|HS|  |TAMS 0x0000000089c00000, 0x0000000089c00000| Complete 
| 157|0x0000000089d00000, 0x0000000089e00000, 0x0000000089e00000|100%|HS|  |TAMS 0x0000000089d00000, 0x0000000089d00000| Complete 
| 158|0x0000000089e00000, 0x0000000089f00000, 0x0000000089f00000|100%|HS|  |TAMS 0x0000000089e00000, 0x0000000089e00000| Complete 
| 159|0x0000000089f00000, 0x000000008a000000, 0x000000008a000000|100%|HS|  |TAMS 0x0000000089f00000, 0x0000000089f00000| Complete 
| 160|0x000000008a000000, 0x000000008a100000, 0x000000008a100000|100%|HC|  |TAMS 0x000000008a000000, 0x000000008a000000| Complete 
| 161|0x000000008a100000, 0x000000008a200000, 0x000000008a200000|100%|HS|  |TAMS 0x000000008a100000, 0x000000008a100000| Complete 
| 162|0x000000008a200000, 0x000000008a300000, 0x000000008a300000|100%|HC|  |TAMS 0x000000008a200000, 0x000000008a200000| Complete 
| 163|0x000000008a300000, 0x000000008a400000, 0x000000008a400000|100%| O|  |TAMS 0x000000008a400000, 0x000000008a300000| Untracked 
| 164|0x000000008a400000, 0x000000008a500000, 0x000000008a500000|100%| O|  |TAMS 0x000000008a500000, 0x000000008a400000| Complete 
| 165|0x000000008a500000, 0x000000008a600000, 0x000000008a600000|100%| O|  |TAMS 0x000000008a600000, 0x000000008a500000| Complete 
| 166|0x000000008a600000, 0x000000008a700000, 0x000000008a700000|100%| O|  |TAMS 0x000000008a700000, 0x000000008a600000| Complete 
| 167|0x000000008a700000, 0x000000008a800000, 0x000000008a800000|100%| O|  |TAMS 0x000000008a800000, 0x000000008a700000| Complete 
| 168|0x000000008a800000, 0x000000008a900000, 0x000000008a900000|100%| O|  |TAMS 0x000000008a900000, 0x000000008a800000| Complete 
| 169|0x000000008a900000, 0x000000008aa00000, 0x000000008aa00000|100%| O|  |TAMS 0x000000008aa00000, 0x000000008a900000| Complete 
| 170|0x000000008aa00000, 0x000000008ab00000, 0x000000008ab00000|100%| O|  |TAMS 0x000000008ab00000, 0x000000008aa00000| Complete 
| 171|0x000000008ab00000, 0x000000008ac00000, 0x000000008ac00000|100%| O|  |TAMS 0x000000008ac00000, 0x000000008ab00000| Complete 
| 172|0x000000008ac00000, 0x000000008ad00000, 0x000000008ad00000|100%| O|  |TAMS 0x000000008ad00000, 0x000000008ac00000| Untracked 
| 173|0x000000008ad00000, 0x000000008ae00000, 0x000000008ae00000|100%| O|  |TAMS 0x000000008ae00000, 0x000000008ad00000| Complete 
| 174|0x000000008ae00000, 0x000000008af00000, 0x000000008af00000|100%| O|  |TAMS 0x000000008af00000, 0x000000008ae00000| Untracked 
| 175|0x000000008af00000, 0x000000008b000000, 0x000000008b000000|100%| O|  |TAMS 0x000000008b000000, 0x000000008af00000| Complete 
| 176|0x000000008b000000, 0x000000008b100000, 0x000000008b100000|100%| O|  |TAMS 0x000000008b100000, 0x000000008b000000| Complete 
| 177|0x000000008b100000, 0x000000008b200000, 0x000000008b200000|100%| O|  |TAMS 0x000000008b200000, 0x000000008b100000| Complete 
| 178|0x000000008b200000, 0x000000008b300000, 0x000000008b300000|100%| O|  |TAMS 0x000000008b200000, 0x000000008b200000| Untracked 
| 179|0x000000008b300000, 0x000000008b400000, 0x000000008b400000|100%| O|  |TAMS 0x000000008b400000, 0x000000008b300000| Complete 
| 180|0x000000008b400000, 0x000000008b500000, 0x000000008b500000|100%| O|  |TAMS 0x000000008b500000, 0x000000008b400000| Untracked 
| 181|0x000000008b500000, 0x000000008b600000, 0x000000008b600000|100%| O|  |TAMS 0x000000008b600000, 0x000000008b500000| Complete 
| 182|0x000000008b600000, 0x000000008b700000, 0x000000008b700000|100%| O|  |TAMS 0x000000008b700000, 0x000000008b600000| Complete 
| 183|0x000000008b700000, 0x000000008b800000, 0x000000008b800000|100%| O|  |TAMS 0x000000008b800000, 0x000000008b700000| Untracked 
| 184|0x000000008b800000, 0x000000008b900000, 0x000000008b900000|100%| O|  |TAMS 0x000000008b900000, 0x000000008b800000| Untracked 
| 185|0x000000008b900000, 0x000000008ba00000, 0x000000008ba00000|100%| O|  |TAMS 0x000000008ba00000, 0x000000008b900000| Complete 
| 186|0x000000008ba00000, 0x000000008bb00000, 0x000000008bb00000|100%| O|  |TAMS 0x000000008bb00000, 0x000000008ba00000| Untracked 
| 187|0x000000008bb00000, 0x000000008bc00000, 0x000000008bc00000|100%| O|  |TAMS 0x000000008bc00000, 0x000000008bb00000| Untracked 
| 188|0x000000008bc00000, 0x000000008bd00000, 0x000000008bd00000|100%| O|  |TAMS 0x000000008bd00000, 0x000000008bc00000| Untracked 
| 189|0x000000008bd00000, 0x000000008be00000, 0x000000008be00000|100%| O|  |TAMS 0x000000008be00000, 0x000000008bd00000| Untracked 
| 190|0x000000008be00000, 0x000000008bf00000, 0x000000008bf00000|100%| O|  |TAMS 0x000000008bf00000, 0x000000008be00000| Untracked 
| 191|0x000000008bf00000, 0x000000008c000000, 0x000000008c000000|100%| O|  |TAMS 0x000000008c000000, 0x000000008bf00000| Complete 
| 192|0x000000008c000000, 0x000000008c100000, 0x000000008c100000|100%| O|  |TAMS 0x000000008c100000, 0x000000008c000000| Complete 
| 193|0x000000008c100000, 0x000000008c200000, 0x000000008c200000|100%| O|  |TAMS 0x000000008c200000, 0x000000008c100000| Complete 
| 194|0x000000008c200000, 0x000000008c300000, 0x000000008c300000|100%| O|  |TAMS 0x000000008c300000, 0x000000008c200000| Untracked 
| 195|0x000000008c300000, 0x000000008c400000, 0x000000008c400000|100%| O|  |TAMS 0x000000008c400000, 0x000000008c300000| Untracked 
| 196|0x000000008c400000, 0x000000008c500000, 0x000000008c500000|100%| O|  |TAMS 0x000000008c500000, 0x000000008c400000| Complete 
| 197|0x000000008c500000, 0x000000008c600000, 0x000000008c600000|100%| O|  |TAMS 0x000000008c600000, 0x000000008c500000| Untracked 
| 198|0x000000008c600000, 0x000000008c700000, 0x000000008c700000|100%| O|  |TAMS 0x000000008c700000, 0x000000008c600000| Untracked 
| 199|0x000000008c700000, 0x000000008c800000, 0x000000008c800000|100%| O|  |TAMS 0x000000008c800000, 0x000000008c700000| Untracked 
| 200|0x000000008c800000, 0x000000008c900000, 0x000000008c900000|100%| O|  |TAMS 0x000000008c900000, 0x000000008c800000| Complete 
| 201|0x000000008c900000, 0x000000008ca00000, 0x000000008ca00000|100%| O|  |TAMS 0x000000008ca00000, 0x000000008c900000| Complete 
| 202|0x000000008ca00000, 0x000000008cb00000, 0x000000008cb00000|100%|HS|  |TAMS 0x000000008ca00000, 0x000000008ca00000| Complete 
| 203|0x000000008cb00000, 0x000000008cc00000, 0x000000008cc00000|100%|HC|  |TAMS 0x000000008cb00000, 0x000000008cb00000| Complete 
| 204|0x000000008cc00000, 0x000000008cd00000, 0x000000008cd00000|100%| O|  |TAMS 0x000000008cd00000, 0x000000008cc00000| Untracked 
| 205|0x000000008cd00000, 0x000000008ce00000, 0x000000008ce00000|100%| O|  |TAMS 0x000000008ce00000, 0x000000008cd00000| Complete 
| 206|0x000000008ce00000, 0x000000008cf00000, 0x000000008cf00000|100%| O|  |TAMS 0x000000008cf00000, 0x000000008ce00000| Untracked 
| 207|0x000000008cf00000, 0x000000008d000000, 0x000000008d000000|100%| O|  |TAMS 0x000000008d000000, 0x000000008cf00000| Untracked 
| 208|0x000000008d000000, 0x000000008d100000, 0x000000008d100000|100%| O|  |TAMS 0x000000008d100000, 0x000000008d000000| Untracked 
| 209|0x000000008d100000, 0x000000008d200000, 0x000000008d200000|100%| O|  |TAMS 0x000000008d200000, 0x000000008d100000| Untracked 
| 210|0x000000008d200000, 0x000000008d300000, 0x000000008d300000|100%| O|  |TAMS 0x000000008d300000, 0x000000008d200000| Complete 
| 211|0x000000008d300000, 0x000000008d400000, 0x000000008d400000|100%| O|  |TAMS 0x000000008d400000, 0x000000008d300000| Complete 
| 212|0x000000008d400000, 0x000000008d500000, 0x000000008d500000|100%| O|  |TAMS 0x000000008d500000, 0x000000008d400000| Untracked 
| 213|0x000000008d500000, 0x000000008d600000, 0x000000008d600000|100%| O|  |TAMS 0x000000008d600000, 0x000000008d500000| Untracked 
| 214|0x000000008d600000, 0x000000008d700000, 0x000000008d700000|100%| O|  |TAMS 0x000000008d700000, 0x000000008d600000| Untracked 
| 215|0x000000008d700000, 0x000000008d800000, 0x000000008d800000|100%| O|  |TAMS 0x000000008d800000, 0x000000008d700000| Untracked 
| 216|0x000000008d800000, 0x000000008d900000, 0x000000008d900000|100%| O|  |TAMS 0x000000008d900000, 0x000000008d800000| Untracked 
| 217|0x000000008d900000, 0x000000008da00000, 0x000000008da00000|100%| O|  |TAMS 0x000000008da00000, 0x000000008d900000| Complete 
| 218|0x000000008da00000, 0x000000008da00000, 0x000000008db00000|  0%| F|  |TAMS 0x000000008da00000, 0x000000008da00000| Untracked 
| 219|0x000000008db00000, 0x000000008db00000, 0x000000008dc00000|  0%| F|  |TAMS 0x000000008db00000, 0x000000008db00000| Untracked 
| 220|0x000000008dc00000, 0x000000008dd00000, 0x000000008dd00000|100%| O|  |TAMS 0x000000008dd00000, 0x000000008dc00000| Untracked 
| 221|0x000000008dd00000, 0x000000008de00000, 0x000000008de00000|100%| O|  |TAMS 0x000000008de00000, 0x000000008dd00000| Untracked 
| 222|0x000000008de00000, 0x000000008df00000, 0x000000008df00000|100%| O|  |TAMS 0x000000008df00000, 0x000000008de00000| Untracked 
| 223|0x000000008df00000, 0x000000008e000000, 0x000000008e000000|100%| O|  |TAMS 0x000000008e000000, 0x000000008df00000| Untracked 
| 224|0x000000008e000000, 0x000000008e100000, 0x000000008e100000|100%| O|  |TAMS 0x000000008e100000, 0x000000008e000000| Untracked 
| 225|0x000000008e100000, 0x000000008e200000, 0x000000008e200000|100%| O|  |TAMS 0x000000008e200000, 0x000000008e100000| Complete 
| 226|0x000000008e200000, 0x000000008e300000, 0x000000008e300000|100%| O|  |TAMS 0x000000008e300000, 0x000000008e200000| Untracked 
| 227|0x000000008e300000, 0x000000008e400000, 0x000000008e400000|100%| O|  |TAMS 0x000000008e400000, 0x000000008e300000| Complete 
| 228|0x000000008e400000, 0x000000008e500000, 0x000000008e500000|100%| O|  |TAMS 0x000000008e400000, 0x000000008e400000| Untracked 
| 229|0x000000008e500000, 0x000000008e600000, 0x000000008e600000|100%| O|  |TAMS 0x000000008e500000, 0x000000008e500000| Untracked 
| 230|0x000000008e600000, 0x000000008e700000, 0x000000008e700000|100%| O|  |TAMS 0x000000008e600000, 0x000000008e600000| Untracked 
| 231|0x000000008e700000, 0x000000008e700000, 0x000000008e800000|  0%| F|  |TAMS 0x000000008e700000, 0x000000008e700000| Untracked 
| 232|0x000000008e800000, 0x000000008e800000, 0x000000008e900000|  0%| F|  |TAMS 0x000000008e800000, 0x000000008e800000| Untracked 
| 233|0x000000008e900000, 0x000000008e900000, 0x000000008ea00000|  0%| F|  |TAMS 0x000000008e900000, 0x000000008e900000| Untracked 
| 234|0x000000008ea00000, 0x000000008ea00000, 0x000000008eb00000|  0%| F|  |TAMS 0x000000008ea00000, 0x000000008ea00000| Untracked 
| 235|0x000000008eb00000, 0x000000008eb00000, 0x000000008ec00000|  0%| F|  |TAMS 0x000000008eb00000, 0x000000008eb00000| Untracked 
| 236|0x000000008ec00000, 0x000000008ec00000, 0x000000008ed00000|  0%| F|  |TAMS 0x000000008ec00000, 0x000000008ec00000| Untracked 
| 237|0x000000008ed00000, 0x000000008ed00000, 0x000000008ee00000|  0%| F|  |TAMS 0x000000008ed00000, 0x000000008ed00000| Untracked 
| 238|0x000000008ee00000, 0x000000008ee00000, 0x000000008ef00000|  0%| F|  |TAMS 0x000000008ee00000, 0x000000008ee00000| Untracked 
| 239|0x000000008ef00000, 0x000000008ef00000, 0x000000008f000000|  0%| F|  |TAMS 0x000000008ef00000, 0x000000008ef00000| Untracked 
| 240|0x000000008f000000, 0x000000008f000000, 0x000000008f100000|  0%| F|  |TAMS 0x000000008f000000, 0x000000008f000000| Untracked 
| 241|0x000000008f100000, 0x000000008f100000, 0x000000008f200000|  0%| F|  |TAMS 0x000000008f100000, 0x000000008f100000| Untracked 
| 242|0x000000008f200000, 0x000000008f200000, 0x000000008f300000|  0%| F|  |TAMS 0x000000008f200000, 0x000000008f200000| Untracked 
| 243|0x000000008f300000, 0x000000008f300000, 0x000000008f400000|  0%| F|  |TAMS 0x000000008f300000, 0x000000008f300000| Untracked 
| 244|0x000000008f400000, 0x000000008f400000, 0x000000008f500000|  0%| F|  |TAMS 0x000000008f400000, 0x000000008f400000| Untracked 
| 245|0x000000008f500000, 0x000000008f500000, 0x000000008f600000|  0%| F|  |TAMS 0x000000008f500000, 0x000000008f500000| Untracked 
| 246|0x000000008f600000, 0x000000008f600000, 0x000000008f700000|  0%| F|  |TAMS 0x000000008f600000, 0x000000008f600000| Untracked 
| 247|0x000000008f700000, 0x000000008f700000, 0x000000008f800000|  0%| F|  |TAMS 0x000000008f700000, 0x000000008f700000| Untracked 
| 248|0x000000008f800000, 0x000000008f800000, 0x000000008f900000|  0%| F|  |TAMS 0x000000008f800000, 0x000000008f800000| Untracked 
| 249|0x000000008f900000, 0x000000008f900000, 0x000000008fa00000|  0%| F|  |TAMS 0x000000008f900000, 0x000000008f900000| Untracked 
| 250|0x000000008fa00000, 0x000000008fa00000, 0x000000008fb00000|  0%| F|  |TAMS 0x000000008fa00000, 0x000000008fa00000| Untracked 
| 251|0x000000008fb00000, 0x000000008fb00000, 0x000000008fc00000|  0%| F|  |TAMS 0x000000008fb00000, 0x000000008fb00000| Untracked 
| 252|0x000000008fc00000, 0x000000008fc00000, 0x000000008fd00000|  0%| F|  |TAMS 0x000000008fc00000, 0x000000008fc00000| Untracked 
| 253|0x000000008fd00000, 0x000000008fd00000, 0x000000008fe00000|  0%| F|  |TAMS 0x000000008fd00000, 0x000000008fd00000| Untracked 
| 254|0x000000008fe00000, 0x000000008fe00000, 0x000000008ff00000|  0%| F|  |TAMS 0x000000008fe00000, 0x000000008fe00000| Untracked 
| 255|0x000000008ff00000, 0x000000008ff00000, 0x0000000090000000|  0%| F|  |TAMS 0x000000008ff00000, 0x000000008ff00000| Untracked 
| 256|0x0000000090000000, 0x0000000090000000, 0x0000000090100000|  0%| F|  |TAMS 0x0000000090000000, 0x0000000090000000| Untracked 
| 257|0x0000000090100000, 0x0000000090100000, 0x0000000090200000|  0%| F|  |TAMS 0x0000000090100000, 0x0000000090100000| Untracked 
| 258|0x0000000090200000, 0x0000000090200000, 0x0000000090300000|  0%| F|  |TAMS 0x0000000090200000, 0x0000000090200000| Untracked 
| 259|0x0000000090300000, 0x0000000090300000, 0x0000000090400000|  0%| F|  |TAMS 0x0000000090300000, 0x0000000090300000| Untracked 
| 260|0x0000000090400000, 0x0000000090400000, 0x0000000090500000|  0%| F|  |TAMS 0x0000000090400000, 0x0000000090400000| Untracked 
| 261|0x0000000090500000, 0x0000000090500000, 0x0000000090600000|  0%| F|  |TAMS 0x0000000090500000, 0x0000000090500000| Untracked 
| 262|0x0000000090600000, 0x0000000090600000, 0x0000000090700000|  0%| F|  |TAMS 0x0000000090600000, 0x0000000090600000| Untracked 
| 263|0x0000000090700000, 0x0000000090700000, 0x0000000090800000|  0%| F|  |TAMS 0x0000000090700000, 0x0000000090700000| Untracked 
| 264|0x0000000090800000, 0x0000000090800000, 0x0000000090900000|  0%| F|  |TAMS 0x0000000090800000, 0x0000000090800000| Untracked 
| 265|0x0000000090900000, 0x0000000090900000, 0x0000000090a00000|  0%| F|  |TAMS 0x0000000090900000, 0x0000000090900000| Untracked 
| 266|0x0000000090a00000, 0x0000000090a00000, 0x0000000090b00000|  0%| F|  |TAMS 0x0000000090a00000, 0x0000000090a00000| Untracked 
| 267|0x0000000090b00000, 0x0000000090b00000, 0x0000000090c00000|  0%| F|  |TAMS 0x0000000090b00000, 0x0000000090b00000| Untracked 
| 268|0x0000000090c00000, 0x0000000090c00000, 0x0000000090d00000|  0%| F|  |TAMS 0x0000000090c00000, 0x0000000090c00000| Untracked 
| 269|0x0000000090d00000, 0x0000000090d00000, 0x0000000090e00000|  0%| F|  |TAMS 0x0000000090d00000, 0x0000000090d00000| Untracked 
| 270|0x0000000090e00000, 0x0000000090e00000, 0x0000000090f00000|  0%| F|  |TAMS 0x0000000090e00000, 0x0000000090e00000| Untracked 
| 271|0x0000000090f00000, 0x0000000090f00000, 0x0000000091000000|  0%| F|  |TAMS 0x0000000090f00000, 0x0000000090f00000| Untracked 
| 272|0x0000000091000000, 0x0000000091000000, 0x0000000091100000|  0%| F|  |TAMS 0x0000000091000000, 0x0000000091000000| Untracked 
| 273|0x0000000091100000, 0x0000000091100000, 0x0000000091200000|  0%| F|  |TAMS 0x0000000091100000, 0x0000000091100000| Untracked 
| 274|0x0000000091200000, 0x0000000091200000, 0x0000000091300000|  0%| F|  |TAMS 0x0000000091200000, 0x0000000091200000| Untracked 
| 275|0x0000000091300000, 0x0000000091300000, 0x0000000091400000|  0%| F|  |TAMS 0x0000000091300000, 0x0000000091300000| Untracked 
| 276|0x0000000091400000, 0x0000000091400000, 0x0000000091500000|  0%| F|  |TAMS 0x0000000091400000, 0x0000000091400000| Untracked 
| 277|0x0000000091500000, 0x0000000091549418, 0x0000000091600000| 28%| S|CS|TAMS 0x0000000091500000, 0x0000000091500000| Complete 
| 278|0x0000000091600000, 0x0000000091700000, 0x0000000091700000|100%| S|CS|TAMS 0x0000000091600000, 0x0000000091600000| Complete 
| 279|0x0000000091700000, 0x0000000091800000, 0x0000000091800000|100%| S|CS|TAMS 0x0000000091700000, 0x0000000091700000| Complete 
| 280|0x0000000091800000, 0x0000000091900000, 0x0000000091900000|100%| S|CS|TAMS 0x0000000091800000, 0x0000000091800000| Complete 
| 281|0x0000000091900000, 0x0000000091900000, 0x0000000091a00000|  0%| F|  |TAMS 0x0000000091900000, 0x0000000091900000| Untracked 
| 282|0x0000000091a00000, 0x0000000091a00000, 0x0000000091b00000|  0%| F|  |TAMS 0x0000000091a00000, 0x0000000091a00000| Untracked 
| 283|0x0000000091b00000, 0x0000000091b00000, 0x0000000091c00000|  0%| F|  |TAMS 0x0000000091b00000, 0x0000000091b00000| Untracked 
| 284|0x0000000091c00000, 0x0000000091c00000, 0x0000000091d00000|  0%| F|  |TAMS 0x0000000091c00000, 0x0000000091c00000| Untracked 
| 285|0x0000000091d00000, 0x0000000091d00000, 0x0000000091e00000|  0%| F|  |TAMS 0x0000000091d00000, 0x0000000091d00000| Untracked 
| 286|0x0000000091e00000, 0x0000000091e00000, 0x0000000091f00000|  0%| F|  |TAMS 0x0000000091e00000, 0x0000000091e00000| Untracked 
| 287|0x0000000091f00000, 0x0000000091f00000, 0x0000000092000000|  0%| F|  |TAMS 0x0000000091f00000, 0x0000000091f00000| Untracked 
| 288|0x0000000092000000, 0x0000000092000000, 0x0000000092100000|  0%| F|  |TAMS 0x0000000092000000, 0x0000000092000000| Untracked 
| 289|0x0000000092100000, 0x0000000092100000, 0x0000000092200000|  0%| F|  |TAMS 0x0000000092100000, 0x0000000092100000| Untracked 
| 290|0x0000000092200000, 0x0000000092200000, 0x0000000092300000|  0%| F|  |TAMS 0x0000000092200000, 0x0000000092200000| Untracked 
| 291|0x0000000092300000, 0x0000000092300000, 0x0000000092400000|  0%| F|  |TAMS 0x0000000092300000, 0x0000000092300000| Untracked 
| 292|0x0000000092400000, 0x0000000092400000, 0x0000000092500000|  0%| F|  |TAMS 0x0000000092400000, 0x0000000092400000| Untracked 
| 293|0x0000000092500000, 0x0000000092500000, 0x0000000092600000|  0%| F|  |TAMS 0x0000000092500000, 0x0000000092500000| Untracked 
| 294|0x0000000092600000, 0x0000000092600000, 0x0000000092700000|  0%| F|  |TAMS 0x0000000092600000, 0x0000000092600000| Untracked 
| 295|0x0000000092700000, 0x0000000092700000, 0x0000000092800000|  0%| F|  |TAMS 0x0000000092700000, 0x0000000092700000| Untracked 
| 296|0x0000000092800000, 0x0000000092800000, 0x0000000092900000|  0%| F|  |TAMS 0x0000000092800000, 0x0000000092800000| Untracked 
| 297|0x0000000092900000, 0x0000000092900000, 0x0000000092a00000|  0%| F|  |TAMS 0x0000000092900000, 0x0000000092900000| Untracked 
| 298|0x0000000092a00000, 0x0000000092a00000, 0x0000000092b00000|  0%| F|  |TAMS 0x0000000092a00000, 0x0000000092a00000| Untracked 
| 299|0x0000000092b00000, 0x0000000092b00000, 0x0000000092c00000|  0%| F|  |TAMS 0x0000000092b00000, 0x0000000092b00000| Untracked 
| 300|0x0000000092c00000, 0x0000000092c00000, 0x0000000092d00000|  0%| F|  |TAMS 0x0000000092c00000, 0x0000000092c00000| Untracked 
| 301|0x0000000092d00000, 0x0000000092d00000, 0x0000000092e00000|  0%| F|  |TAMS 0x0000000092d00000, 0x0000000092d00000| Untracked 
| 302|0x0000000092e00000, 0x0000000092e00000, 0x0000000092f00000|  0%| F|  |TAMS 0x0000000092e00000, 0x0000000092e00000| Untracked 
| 303|0x0000000092f00000, 0x0000000092f00000, 0x0000000093000000|  0%| F|  |TAMS 0x0000000092f00000, 0x0000000092f00000| Untracked 
| 304|0x0000000093000000, 0x0000000093000000, 0x0000000093100000|  0%| F|  |TAMS 0x0000000093000000, 0x0000000093000000| Untracked 
| 305|0x0000000093100000, 0x0000000093100000, 0x0000000093200000|  0%| F|  |TAMS 0x0000000093100000, 0x0000000093100000| Untracked 
| 306|0x0000000093200000, 0x0000000093200000, 0x0000000093300000|  0%| F|  |TAMS 0x0000000093200000, 0x0000000093200000| Untracked 
| 307|0x0000000093300000, 0x0000000093300000, 0x0000000093400000|  0%| F|  |TAMS 0x0000000093300000, 0x0000000093300000| Untracked 

Card table byte_map: [0x000001dac62b0000,0x000001dac66b0000] _byte_map_base: 0x000001dac5eb0000

Marking Bits (Prev, Next): (CMBitMap*) 0x000001dab30db608, (CMBitMap*) 0x000001dab30db640
 Prev Bits: [0x000001dac6ab0000, 0x000001dac8ab0000)
 Next Bits: [0x000001dac8ab0000, 0x000001dacaab0000)

Polling page: 0x000001dab1040000

Metaspace:

Usage:
  Non-class:    102.48 MB capacity,   100.68 MB ( 98%) used,     1.47 MB (  1%) free+waste,   341.63 KB ( <1%) overhead. 
      Class:     15.83 MB capacity,    14.70 MB ( 93%) used,  1004.39 KB (  6%) free+waste,   154.56 KB ( <1%) overhead. 
       Both:    118.31 MB capacity,   115.37 MB ( 98%) used,     2.45 MB (  2%) free+waste,   496.19 KB ( <1%) overhead. 

Virtual space:
  Non-class space:      104.00 MB reserved,     102.75 MB ( 99%) committed 
      Class space:        1.00 GB reserved,      16.04 MB (  2%) committed 
             Both:        1.10 GB reserved,     118.79 MB ( 11%) committed 

Chunk freelists:
   Non-Class:  145.00 KB
       Class:  177.00 KB
        Both:  322.00 KB

MaxMetaspaceSize: 17179869184.00 GB
CompressedClassSpaceSize: 1.00 GB

CodeHeap 'non-profiled nmethods': size=120000Kb used=10738Kb max_used=10738Kb free=109261Kb
 bounds [0x000001dabe650000, 0x000001dabf110000, 0x000001dac5b80000]
CodeHeap 'profiled nmethods': size=120000Kb used=34366Kb max_used=35070Kb free=85633Kb
 bounds [0x000001dab7120000, 0x000001dab93b0000, 0x000001dabe650000]
CodeHeap 'non-nmethods': size=5760Kb used=2334Kb max_used=2403Kb free=3425Kb
 bounds [0x000001dab6b80000, 0x000001dab6e00000, 0x000001dab7120000]
 total_blobs=17131 nmethods=16175 adapters=866
 compilation: enabled
              stopped_count=0, restarted_count=0
 full_count=0

Compilation events (20 events):
Event: 40.981 Thread 0x000001dacddf7000 17273 %     3       com.android.tools.r8.graph.E::a @ 10 (32 bytes)
Event: 40.982 Thread 0x000001dacddf7000 nmethod 17273% 0x000001dab74d5590 code [0x000001dab74d5760, 0x000001dab74d5a08]
Event: 40.982 Thread 0x000001dacddf7000 17274       3       com.android.tools.r8.graph.n0::a (222 bytes)
Event: 40.986 Thread 0x000001dacddf7000 nmethod 17274 0x000001dab7579610 code [0x000001dab7579be0, 0x000001dab757d308]
Event: 40.986 Thread 0x000001dacddf7000 17277       3       java.util.stream.AbstractPipeline::<init> (91 bytes)
Event: 40.986 Thread 0x000001dacddf7000 nmethod 17277 0x000001dab74e4990 code [0x000001dab74e4ba0, 0x000001dab74e5218]
Event: 40.986 Thread 0x000001dacddf7000 17279       3       java.util.stream.ReferencePipeline$StatelessOp::<init> (29 bytes)
Event: 40.987 Thread 0x000001dacddf7000 nmethod 17279 0x000001dab74d5110 code [0x000001dab74d52e0, 0x000001dab74d5488]
Event: 40.987 Thread 0x000001dacddf7000 17280       3       com.android.tools.r8.code.M::a (13 bytes)
Event: 40.987 Thread 0x000001dacddf7000 nmethod 17280 0x000001dab74f0910 code [0x000001dab74f0b20, 0x000001dab74f1158]
Event: 40.987 Thread 0x000001dacddf7000 17278       3       com.android.tools.r8.graph.n0$$Lambda$1504/0x0000000100f30840::accept (16 bytes)
Event: 40.987 Thread 0x000001dacddf7000 nmethod 17278 0x000001dab74d9510 code [0x000001dab74d9700, 0x000001dab74d9b18]
Event: 40.987 Thread 0x000001dacddf7000 17275       3       com.android.tools.r8.dex.P::a (86 bytes)
Event: 40.988 Thread 0x000001dacddf7000 nmethod 17275 0x000001dab74f2410 code [0x000001dab74f26c0, 0x000001dab74f3218]
Event: 40.989 Thread 0x000001dacddf7000 17282       3       com.android.tools.r8.code.e0::a (1 bytes)
Event: 40.989 Thread 0x000001dacddf7000 nmethod 17282 0x000001dab7478d10 code [0x000001dab7478ec0, 0x000001dab7478fb8]
Event: 40.992 Thread 0x000001dacddf7000 17283       1       com.android.tools.r8.dex.P::b (5 bytes)
Event: 40.992 Thread 0x000001dacddf7000 nmethod 17283 0x000001dabe74c910 code [0x000001dabe74cac0, 0x000001dabe74cb58]
Event: 40.999 Thread 0x000001dacddf7000 17288       3       com.android.tools.r8.graph.E::a (32 bytes)
Event: 40.999 Thread 0x000001dacddf7000 nmethod 17288 0x000001dab74e4390 code [0x000001dab74e4560, 0x000001dab74e4788]

GC Heap History (20 events):
Event: 39.459 GC heap after
{Heap after GC invocations=31 (full 0):
 garbage-first heap   total 262144K, used 169418K [0x0000000080000000, 0x0000000100000000)
  region size 1024K, 2 young (2048K), 2 survivors (2048K)
 Metaspace       used 116703K, capacity 119648K, committed 120484K, reserved 1153024K
  class space    used 14823K, capacity 15959K, committed 16292K, reserved 1048576K
}
Event: 39.664 GC heap before
{Heap before GC invocations=31 (full 0):
 garbage-first heap   total 262144K, used 201162K [0x0000000080000000, 0x0000000100000000)
  region size 1024K, 34 young (34816K), 2 survivors (2048K)
 Metaspace       used 117791K, capacity 120813K, committed 121380K, reserved 1155072K
  class space    used 15051K, capacity 16200K, committed 16420K, reserved 1048576K
}
Event: 39.679 GC heap after
{Heap after GC invocations=32 (full 0):
 garbage-first heap   total 262144K, used 188331K [0x0000000080000000, 0x0000000100000000)
  region size 1024K, 5 young (5120K), 5 survivors (5120K)
 Metaspace       used 117791K, capacity 120813K, committed 121380K, reserved 1155072K
  class space    used 15051K, capacity 16200K, committed 16420K, reserved 1048576K
}
Event: 39.821 GC heap before
{Heap before GC invocations=32 (full 0):
 garbage-first heap   total 262144K, used 208811K [0x0000000080000000, 0x0000000100000000)
  region size 1024K, 26 young (26624K), 5 survivors (5120K)
 Metaspace       used 117809K, capacity 120878K, committed 121380K, reserved 1155072K
  class space    used 15051K, capacity 16200K, committed 16420K, reserved 1048576K
}
Event: 39.840 GC heap after
{Heap after GC invocations=33 (full 0):
 garbage-first heap   total 262144K, used 202060K [0x0000000080000000, 0x0000000100000000)
  region size 1024K, 4 young (4096K), 4 survivors (4096K)
 Metaspace       used 117809K, capacity 120878K, committed 121380K, reserved 1155072K
  class space    used 15051K, capacity 16200K, committed 16420K, reserved 1048576K
}
Event: 39.935 GC heap before
{Heap before GC invocations=33 (full 0):
 garbage-first heap   total 262144K, used 213324K [0x0000000080000000, 0x0000000100000000)
  region size 1024K, 18 young (18432K), 4 survivors (4096K)
 Metaspace       used 117812K, capacity 120878K, committed 121380K, reserved 1155072K
  class space    used 15051K, capacity 16200K, committed 16420K, reserved 1048576K
}
Event: 39.948 GC heap after
{Heap after GC invocations=34 (full 0):
 garbage-first heap   total 262144K, used 209859K [0x0000000080000000, 0x0000000100000000)
  region size 1024K, 3 young (3072K), 3 survivors (3072K)
 Metaspace       used 117812K, capacity 120878K, committed 121380K, reserved 1155072K
  class space    used 15051K, capacity 16200K, committed 16420K, reserved 1048576K
}
Event: 40.035 GC heap before
{Heap before GC invocations=34 (full 0):
 garbage-first heap   total 262144K, used 223171K [0x0000000080000000, 0x0000000100000000)
  region size 1024K, 14 young (14336K), 3 survivors (3072K)
 Metaspace       used 117834K, capacity 120878K, committed 121380K, reserved 1155072K
  class space    used 15051K, capacity 16200K, committed 16420K, reserved 1048576K
}
Event: 40.047 GC heap after
{Heap after GC invocations=35 (full 0):
 garbage-first heap   total 262144K, used 218879K [0x0000000080000000, 0x0000000100000000)
  region size 1024K, 2 young (2048K), 2 survivors (2048K)
 Metaspace       used 117834K, capacity 120878K, committed 121380K, reserved 1155072K
  class space    used 15051K, capacity 16200K, committed 16420K, reserved 1048576K
}
Event: 40.095 GC heap before
{Heap before GC invocations=36 (full 0):
 garbage-first heap   total 262144K, used 229119K [0x0000000080000000, 0x0000000100000000)
  region size 1024K, 12 young (12288K), 2 survivors (2048K)
 Metaspace       used 117834K, capacity 120878K, committed 121380K, reserved 1155072K
  class space    used 15051K, capacity 16200K, committed 16420K, reserved 1048576K
}
Event: 40.103 GC heap after
{Heap after GC invocations=37 (full 0):
 garbage-first heap   total 262144K, used 225280K [0x0000000080000000, 0x0000000100000000)
  region size 1024K, 2 young (2048K), 2 survivors (2048K)
 Metaspace       used 117834K, capacity 120878K, committed 121380K, reserved 1155072K
  class space    used 15051K, capacity 16200K, committed 16420K, reserved 1048576K
}
Event: 40.142 GC heap before
{Heap before GC invocations=37 (full 0):
 garbage-first heap   total 262144K, used 237568K [0x0000000080000000, 0x0000000100000000)
  region size 1024K, 12 young (12288K), 2 survivors (2048K)
 Metaspace       used 117834K, capacity 120878K, committed 121380K, reserved 1155072K
  class space    used 15051K, capacity 16200K, committed 16420K, reserved 1048576K
}
Event: 40.159 GC heap after
{Heap after GC invocations=38 (full 0):
 garbage-first heap   total 315392K, used 230400K [0x0000000080000000, 0x0000000100000000)
  region size 1024K, 2 young (2048K), 2 survivors (2048K)
 Metaspace       used 117834K, capacity 120878K, committed 121380K, reserved 1155072K
  class space    used 15051K, capacity 16200K, committed 16420K, reserved 1048576K
}
Event: 40.316 GC heap before
{Heap before GC invocations=38 (full 0):
 garbage-first heap   total 315392K, used 250880K [0x0000000080000000, 0x0000000100000000)
  region size 1024K, 22 young (22528K), 2 survivors (2048K)
 Metaspace       used 118023K, capacity 121095K, committed 121380K, reserved 1155072K
  class space    used 15063K, capacity 16243K, committed 16420K, reserved 1048576K
}
Event: 40.329 GC heap after
{Heap after GC invocations=39 (full 0):
 garbage-first heap   total 315392K, used 235520K [0x0000000080000000, 0x0000000100000000)
  region size 1024K, 3 young (3072K), 3 survivors (3072K)
 Metaspace       used 118023K, capacity 121095K, committed 121380K, reserved 1155072K
  class space    used 15063K, capacity 16243K, committed 16420K, reserved 1048576K
}
Event: 40.475 GC heap before
{Heap before GC invocations=39 (full 0):
 garbage-first heap   total 315392K, used 254976K [0x0000000080000000, 0x0000000100000000)
  region size 1024K, 22 young (22528K), 3 survivors (3072K)
 Metaspace       used 118061K, capacity 121104K, committed 121380K, reserved 1155072K
  class space    used 15065K, capacity 16245K, committed 16420K, reserved 1048576K
}
Event: 40.486 GC heap after
{Heap after GC invocations=40 (full 0):
 garbage-first heap   total 315392K, used 239165K [0x0000000080000000, 0x0000000100000000)
  region size 1024K, 3 young (3072K), 3 survivors (3072K)
 Metaspace       used 118061K, capacity 121104K, committed 121380K, reserved 1155072K
  class space    used 15065K, capacity 16245K, committed 16420K, reserved 1048576K
}
Event: 40.725 GC heap before
{Heap before GC invocations=40 (full 0):
 garbage-first heap   total 315392K, used 243261K [0x0000000080000000, 0x0000000100000000)
  region size 1024K, 22 young (22528K), 3 survivors (3072K)
 Metaspace       used 118134K, capacity 121150K, committed 121636K, reserved 1155072K
  class space    used 15048K, capacity 16207K, committed 16420K, reserved 1048576K
}
Event: 40.733 GC heap after
{Heap after GC invocations=41 (full 0):
 garbage-first heap   total 315392K, used 227079K [0x0000000080000000, 0x0000000100000000)
  region size 1024K, 3 young (3072K), 3 survivors (3072K)
 Metaspace       used 118134K, capacity 121150K, committed 121636K, reserved 1155072K
  class space    used 15048K, capacity 16207K, committed 16420K, reserved 1048576K
}
Event: 41.003 GC heap before
{Heap before GC invocations=42 (full 0):
 garbage-first heap   total 315392K, used 260871K [0x0000000080000000, 0x0000000100000000)
  region size 1024K, 27 young (27648K), 3 survivors (3072K)
 Metaspace       used 118141K, capacity 121150K, committed 121636K, reserved 1155072K
  class space    used 15048K, capacity 16207K, committed 16420K, reserved 1048576K
}

Deoptimization events (20 events):
Event: 40.802 Thread 0x000001dacfc9d800 Uncommon trap: trap_request=0xffffff6e fr.pc=0x000001dabe7154b8 relative=0x0000000000000a58
Event: 40.802 Thread 0x000001dacfc9d800 Uncommon trap: reason=speculate_class_check action=maybe_recompile pc=0x000001dabe7154b8 method=java.util.stream.AbstractPipeline.evaluate(Ljava/util/Spliterator;ZLjava/util/function/IntFunction;)Ljava/util/stream/Node; @ 23 c2
Event: 40.802 Thread 0x000001dacfc9d800 DEOPT PACKING pc=0x000001dabe7154b8 sp=0x000000130aefcc70
Event: 40.802 Thread 0x000001dacfc9d800 DEOPT UNPACKING pc=0x000001dab6ba78af sp=0x000000130aefcbb8 mode 2
Event: 40.802 Thread 0x000001dacfc9d800 Uncommon trap: trap_request=0xffffff6e fr.pc=0x000001dabe7154b8 relative=0x0000000000000a58
Event: 40.802 Thread 0x000001dacfc9d800 Uncommon trap: reason=speculate_class_check action=maybe_recompile pc=0x000001dabe7154b8 method=java.util.stream.AbstractPipeline.evaluate(Ljava/util/Spliterator;ZLjava/util/function/IntFunction;)Ljava/util/stream/Node; @ 23 c2
Event: 40.802 Thread 0x000001dacfc9d800 DEOPT PACKING pc=0x000001dabe7154b8 sp=0x000000130aefcc70
Event: 40.802 Thread 0x000001dacfc9d800 DEOPT UNPACKING pc=0x000001dab6ba78af sp=0x000000130aefcbb8 mode 2
Event: 40.802 Thread 0x000001dacfc9d800 Uncommon trap: trap_request=0xffffff6e fr.pc=0x000001dabe7154b8 relative=0x0000000000000a58
Event: 40.802 Thread 0x000001dacfc9d800 Uncommon trap: reason=speculate_class_check action=maybe_recompile pc=0x000001dabe7154b8 method=java.util.stream.AbstractPipeline.evaluate(Ljava/util/Spliterator;ZLjava/util/function/IntFunction;)Ljava/util/stream/Node; @ 23 c2
Event: 40.802 Thread 0x000001dacfc9d800 DEOPT PACKING pc=0x000001dabe7154b8 sp=0x000000130aefcc70
Event: 40.802 Thread 0x000001dacfc9d800 DEOPT UNPACKING pc=0x000001dab6ba78af sp=0x000000130aefcbb8 mode 2
Event: 40.823 Thread 0x000001dacfc9d800 DEOPT PACKING pc=0x000001dab740da03 sp=0x000000130aefcf80
Event: 40.823 Thread 0x000001dacfc9d800 DEOPT UNPACKING pc=0x000001dab6ba76ce sp=0x000000130aefc438 mode 0
Event: 40.867 Thread 0x000001dacfc9d800 DEOPT PACKING pc=0x000001dab737893b sp=0x000000130aefd190
Event: 40.867 Thread 0x000001dacfc9d800 DEOPT UNPACKING pc=0x000001dab6ba76ce sp=0x000000130aefc640 mode 0
Event: 40.962 Thread 0x000001dacfc9d800 DEOPT PACKING pc=0x000001dab837c719 sp=0x000000130aefd1a0
Event: 40.962 Thread 0x000001dacfc9d800 DEOPT UNPACKING pc=0x000001dab6ba76ce sp=0x000000130aefc658 mode 0
Event: 40.969 Thread 0x000001dacfc9d800 DEOPT PACKING pc=0x000001dab837c719 sp=0x000000130aefd1c0
Event: 40.969 Thread 0x000001dacfc9d800 DEOPT UNPACKING pc=0x000001dab6ba76ce sp=0x000000130aefc678 mode 0

Classes redefined (0 events):
No events

Internal exceptions (20 events):
Event: 37.070 Thread 0x000001dad103f000 Exception <a 'java/lang/NoSuchMethodError'{0x000000008cb7b258}: 'void java.lang.invoke.DirectMethodHandle$Holder.invokeStatic(java.lang.Object, java.lang.Object, java.lang.Object, int)'> (0x000000008cb7b258) thrown at [./src/hotspot/share/interpreter/linkResolver.cpp, line 773]
Event: 37.070 Thread 0x000001dad104a800 Exception <a 'java/lang/NoSuchMethodError'{0x000000008cb66268}: 'void java.lang.invoke.DirectMethodHandle$Holder.invokeStatic(java.lang.Object, java.lang.Object, java.lang.Object, int)'> (0x000000008cb66268) thrown at [./src/hotspot/share/interpreter/linkResolver.cpp, line 773]
Event: 37.071 Thread 0x000001dad103f000 Exception <a 'java/lang/IncompatibleClassChangeError'{0x000000008cb80e78}: Found class java.lang.Object, but interface was expected> (0x000000008cb80e78) thrown at [./src/hotspot/share/interpreter/linkResolver.cpp, line 839]
Event: 37.071 Thread 0x000001dad104a800 Exception <a 'java/lang/IncompatibleClassChangeError'{0x000000008cb6e1c0}: Found class java.lang.Object, but interface was expected> (0x000000008cb6e1c0) thrown at [./src/hotspot/share/interpreter/linkResolver.cpp, line 839]
Event: 37.131 Thread 0x000001dad104a800 Exception <a 'java/lang/NoSuchMethodError'{0x000000008c72a8c0}: 'void java.lang.invoke.DirectMethodHandle$Holder.invokeStaticInit(java.lang.Object, java.lang.Object, java.lang.Object, java.lang.Object, java.lang.Object)'> (0x000000008c72a8c0) thrown at [./src/hotspot/share/interpreter/linkResolver.cpp, line 773]
Event: 37.131 Thread 0x000001dad103f000 Exception <a 'java/lang/NoSuchMethodError'{0x000000008c739e48}: 'void java.lang.invoke.DirectMethodHandle$Holder.invokeStaticInit(java.lang.Object, java.lang.Object, java.lang.Object, java.lang.Object, java.lang.Object)'> (0x000000008c739e48) thrown at [./src/hotspot/share/interpreter/linkResolver.cpp, line 773]
Event: 37.160 Thread 0x000001dad103f000 Exception <a 'java/lang/NoSuchMethodError'{0x000000008c6dad10}: 'java.lang.Object java.lang.invoke.DirectMethodHandle$Holder.invokeStatic(java.lang.Object, int, java.lang.Object, java.lang.Object)'> (0x000000008c6dad10) thrown at [./src/hotspot/share/interpreter/linkResolver.cpp, line 773]
Event: 37.160 Thread 0x000001dad104a800 Exception <a 'java/lang/NoSuchMethodError'{0x000000008c6c7230}: 'java.lang.Object java.lang.invoke.DirectMethodHandle$Holder.invokeStatic(java.lang.Object, int, java.lang.Object, java.lang.Object)'> (0x000000008c6c7230) thrown at [./src/hotspot/share/interpreter/linkResolver.cpp, line 773]
Event: 37.176 Thread 0x000001dad103f000 Exception <a 'java/lang/NoSuchMethodError'{0x000000008c5dac28}: 'void java.lang.invoke.DirectMethodHandle$Holder.invokeSpecial(java.lang.Object, java.lang.Object, int, java.lang.Object)'> (0x000000008c5dac28) thrown at [./src/hotspot/share/interpreter/linkResolver.cpp, line 773]
Event: 37.208 Thread 0x000001dad103f000 Exception <a 'java/lang/NoSuchMethodError'{0x000000008c25daf0}: 'java.lang.Object java.lang.invoke.DirectMethodHandle$Holder.invokeSpecial(java.lang.Object, java.lang.Object, java.lang.Object, java.lang.Object, java.lang.Object, java.lang.Object, java.lang.Object, java.lang.Object, java.lang.Object, java.lang.Object)'> (0x000000008c25daf0) thrown at [./src/hotspot/share/interpreter/linkResolver.cpp, line 773]
Event: 37.208 Thread 0x000001dad103f000 Exception <a 'java/lang/NoSuchMethodError'{0x000000008c261e60}: 'java.lang.Object java.lang.invoke.Invokers$Holder.linkToTargetMethod(java.lang.Object, java.lang.Object, java.lang.Object, java.lang.Object, java.lang.Object, java.lang.Object, java.lang.Object, java.lang.Object, java.lang.Object)'> (0x000000008c261e60) thrown at [./src/hotspot/share/interpreter/linkResolver.cpp, line 773]
Event: 37.242 Thread 0x000001dad104a800 Exception <a 'java/lang/NoSuchMethodError'{0x000000008bf3cde8}: 'java.lang.Object java.lang.invoke.DirectMethodHandle$Holder.invokeVirtual(java.lang.Object, java.lang.Object, int, java.lang.Object)'> (0x000000008bf3cde8) thrown at [./src/hotspot/share/interpreter/linkResolver.cpp, line 773]
Event: 37.262 Thread 0x000001dad103f000 Exception <a 'java/lang/NoSuchMethodError'{0x000000008bee1f28}: 'void java.lang.invoke.DirectMethodHandle$Holder.invokeVirtual(java.lang.Object, java.lang.Object, int)'> (0x000000008bee1f28) thrown at [./src/hotspot/share/interpreter/linkResolver.cpp, line 773]
Event: 37.267 Thread 0x000001dad104a800 Exception <a 'java/lang/NoSuchMethodError'{0x000000008bd47d38}: 'void java.lang.invoke.DirectMethodHandle$Holder.invokeVirtual(java.lang.Object, java.lang.Object, int, java.lang.Object)'> (0x000000008bd47d38) thrown at [./src/hotspot/share/interpreter/linkResolver.cpp, line 773]
Event: 37.278 Thread 0x000001dad103f000 Exception <a 'sun/nio/fs/WindowsException'{0x000000008bc13a38}> (0x000000008bc13a38) thrown at [./src/hotspot/share/prims/jni.cpp, line 615]
Event: 37.358 Thread 0x000001dad104a800 Exception <a 'sun/nio/fs/WindowsException'{0x000000008b913d30}> (0x000000008b913d30) thrown at [./src/hotspot/share/prims/jni.cpp, line 615]
Event: 37.393 Thread 0x000001dacfc9d000 Exception <a 'java/lang/NoSuchMethodError'{0x000000008b87f528}: <clinit>> (0x000000008b87f528) thrown at [./src/hotspot/share/prims/jni.cpp, line 1362]
Event: 37.454 Thread 0x000001daceeee800 Exception <a 'sun/nio/fs/WindowsException'{0x000000008b3166f8}> (0x000000008b3166f8) thrown at [./src/hotspot/share/prims/jni.cpp, line 615]
Event: 37.455 Thread 0x000001daceeee800 Exception <a 'sun/nio/fs/WindowsException'{0x000000008b317e08}> (0x000000008b317e08) thrown at [./src/hotspot/share/prims/jni.cpp, line 615]
Event: 39.119 Thread 0x000001dacfc9d800 Exception <a 'sun/nio/fs/WindowsException'{0x000000008fe37d78}> (0x000000008fe37d78) thrown at [./src/hotspot/share/prims/jni.cpp, line 615]

Events (20 events):
Event: 40.439 loading class com/android/tools/r8/graph/n0 done
Event: 40.475 Executing VM operation: G1CollectForAllocation
Event: 40.486 Executing VM operation: G1CollectForAllocation done
Event: 40.497 loading class com/android/tools/r8/dex/P$i
Event: 40.497 loading class com/android/tools/r8/dex/P$i done
Event: 40.499 loading class com/android/tools/r8/dex/P$j
Event: 40.499 loading class com/android/tools/r8/dex/P$j done
Event: 40.500 loading class com/android/tools/r8/s/a/a/b/F0
Event: 40.500 loading class com/android/tools/r8/s/a/a/b/F0 done
Event: 40.500 loading class com/android/tools/r8/s/a/a/b/N0
Event: 40.500 loading class com/android/tools/r8/s/a/a/b/N0 done
Event: 40.500 loading class com/android/tools/r8/s/a/a/b/J0
Event: 40.500 loading class com/android/tools/r8/s/a/a/b/J0 done
Event: 40.647 Executing VM operation: CGC_Operation
Event: 40.663 Executing VM operation: CGC_Operation done
Event: 40.724 Executing VM operation: G1CollectForAllocation
Event: 40.733 Executing VM operation: G1CollectForAllocation done
Event: 40.845 Executing VM operation: CGC_Operation
Event: 40.845 Executing VM operation: CGC_Operation done
Event: 41.003 Executing VM operation: G1CollectForAllocation


Dynamic libraries:
0x00007ff689df0000 - 0x00007ff689dfa000 	C:\Program Files\Android\Android Studio\jre\bin\java.exe
0x00007ff9bf340000 - 0x00007ff9bf530000 	C:\WINDOWS\SYSTEM32\ntdll.dll
0x00007ff9bed80000 - 0x00007ff9bee32000 	C:\WINDOWS\System32\KERNEL32.DLL
0x00007ff9bcb50000 - 0x00007ff9bcdf4000 	C:\WINDOWS\System32\KERNELBASE.dll
0x00007ff9bc2d0000 - 0x00007ff9bc3ca000 	C:\WINDOWS\System32\ucrtbase.dll
0x00007ff9ab8c0000 - 0x00007ff9ab8d9000 	C:\Program Files\Android\Android Studio\jre\bin\jli.dll
0x00007ff9b72a0000 - 0x00007ff9b72b7000 	C:\Program Files\Android\Android Studio\jre\bin\VCRUNTIME140.dll
0x00007ff9bddc0000 - 0x00007ff9bdf54000 	C:\WINDOWS\System32\USER32.dll
0x00007ff9a9820000 - 0x00007ff9a9aa4000 	C:\WINDOWS\WinSxS\amd64_microsoft.windows.common-controls_6595b64144ccf1df_6.0.18362.836_none_e6c4b943130f18ed\COMCTL32.dll
0x00007ff9bcf50000 - 0x00007ff9bcf71000 	C:\WINDOWS\System32\win32u.dll
0x00007ff9be650000 - 0x00007ff9be6ee000 	C:\WINDOWS\System32\msvcrt.dll
0x00007ff9bdd90000 - 0x00007ff9bddb6000 	C:\WINDOWS\System32\GDI32.dll
0x00007ff9bcfb0000 - 0x00007ff9bd144000 	C:\WINDOWS\System32\gdi32full.dll
0x00007ff9bef10000 - 0x00007ff9bf246000 	C:\WINDOWS\System32\combase.dll
0x00007ff9bec60000 - 0x00007ff9bed80000 	C:\WINDOWS\System32\RPCRT4.dll
0x00007ff9bd2f0000 - 0x00007ff9bd38e000 	C:\WINDOWS\System32\msvcp_win.dll
0x00007ff9bced0000 - 0x00007ff9bcf50000 	C:\WINDOWS\System32\bcryptPrimitives.dll
0x00007ff9bdd60000 - 0x00007ff9bdd8e000 	C:\WINDOWS\System32\IMM32.DLL
0x00007ff992dd0000 - 0x00007ff992e6d000 	C:\Program Files\Android\Android Studio\jre\bin\msvcp140.dll
0x00007ff95e140000 - 0x00007ff95ec0f000 	C:\Program Files\Android\Android Studio\jre\bin\server\jvm.dll
0x00007ff9be5a0000 - 0x00007ff9be643000 	C:\WINDOWS\System32\ADVAPI32.dll
0x00007ff9bdfc0000 - 0x00007ff9be057000 	C:\WINDOWS\System32\sechost.dll
0x00007ff9bebe0000 - 0x00007ff9bebe8000 	C:\WINDOWS\System32\PSAPI.DLL
0x00007ff9b9d30000 - 0x00007ff9b9d54000 	C:\WINDOWS\SYSTEM32\WINMM.dll
0x00007ff9a7e90000 - 0x00007ff9a7e99000 	C:\WINDOWS\SYSTEM32\WSOCK32.dll
0x00007ff9b5310000 - 0x00007ff9b531a000 	C:\WINDOWS\SYSTEM32\VERSION.dll
0x00007ff9be4d0000 - 0x00007ff9be53f000 	C:\WINDOWS\System32\WS2_32.dll
0x00007ff9b9d00000 - 0x00007ff9b9d2d000 	C:\WINDOWS\SYSTEM32\winmmbase.dll
0x00007ff9bd2a0000 - 0x00007ff9bd2ea000 	C:\WINDOWS\System32\cfgmgr32.dll
0x00007ff9bc2b0000 - 0x00007ff9bc2c1000 	C:\WINDOWS\System32\kernel.appcore.dll
0x00007ff9b73d0000 - 0x00007ff9b73e1000 	C:\Program Files\Android\Android Studio\jre\bin\verify.dll
0x00007ff9bab40000 - 0x00007ff9bad34000 	C:\WINDOWS\SYSTEM32\DBGHELP.DLL
0x00007ff9a7960000 - 0x00007ff9a798a000 	C:\WINDOWS\SYSTEM32\dbgcore.DLL
0x00007ff9b33b0000 - 0x00007ff9b33d9000 	C:\Program Files\Android\Android Studio\jre\bin\java.dll
0x00007ff9b8550000 - 0x00007ff9b855b000 	C:\Program Files\Android\Android Studio\jre\bin\jimage.dll
0x00007ff9a41f0000 - 0x00007ff9a4208000 	C:\Program Files\Android\Android Studio\jre\bin\zip.dll
0x00007ff9bd4a0000 - 0x00007ff9bdb84000 	C:\WINDOWS\System32\SHELL32.dll
0x00007ff9bf250000 - 0x00007ff9bf2f9000 	C:\WINDOWS\System32\shcore.dll
0x00007ff9bc3d0000 - 0x00007ff9bcb4e000 	C:\WINDOWS\System32\windows.storage.dll
0x00007ff9bc210000 - 0x00007ff9bc233000 	C:\WINDOWS\System32\profapi.dll
0x00007ff9bc240000 - 0x00007ff9bc28a000 	C:\WINDOWS\System32\powrprof.dll
0x00007ff9bc200000 - 0x00007ff9bc210000 	C:\WINDOWS\System32\UMPDC.dll
0x00007ff9be540000 - 0x00007ff9be592000 	C:\WINDOWS\System32\shlwapi.dll
0x00007ff9bceb0000 - 0x00007ff9bcec7000 	C:\WINDOWS\System32\cryptsp.dll
0x00007ff999670000 - 0x00007ff99968a000 	C:\Program Files\Android\Android Studio\jre\bin\net.dll
0x00007ff9ace20000 - 0x00007ff9acf10000 	C:\WINDOWS\SYSTEM32\WINHTTP.dll
0x00007ff9bba70000 - 0x00007ff9bbad7000 	C:\WINDOWS\system32\mswsock.dll
0x00007ff999650000 - 0x00007ff999664000 	C:\Program Files\Android\Android Studio\jre\bin\nio.dll
0x00007ff9ad230000 - 0x00007ff9ad257000 	C:\Users\hp\.gradle\native\fdc75f09e3144964f2cf3f50f0aa648679c211496f362492102eb8c894070792\windows-amd64\native-platform.dll
0x00007ff9612b0000 - 0x00007ff961446000 	C:\Users\hp\.gradle\native\12488b8bf47d2d4c9fbf2f6322a914ad602e24e48041cd04a747c6da556b65c4\windows-amd64\native-platform-file-events.dll
0x00007ff9b33a0000 - 0x00007ff9b33aa000 	C:\Program Files\Android\Android Studio\jre\bin\management.dll
0x00007ff9a8d80000 - 0x00007ff9a8d8c000 	C:\Program Files\Android\Android Studio\jre\bin\management_ext.dll
0x00007ff9bb580000 - 0x00007ff9bb5b3000 	C:\WINDOWS\system32\rsaenh.dll
0x00007ff9bcf80000 - 0x00007ff9bcfa6000 	C:\WINDOWS\System32\bcrypt.dll
0x00007ff9bc0f0000 - 0x00007ff9bc115000 	C:\WINDOWS\SYSTEM32\USERENV.dll
0x00007ff9bbc40000 - 0x00007ff9bbc4c000 	C:\WINDOWS\SYSTEM32\CRYPTBASE.dll
0x00007ff9bb720000 - 0x00007ff9bb75a000 	C:\WINDOWS\SYSTEM32\IPHLPAPI.DLL
0x00007ff9bea20000 - 0x00007ff9bea28000 	C:\WINDOWS\System32\NSI.dll
0x00007ff9b35a0000 - 0x00007ff9b35b6000 	C:\WINDOWS\SYSTEM32\dhcpcsvc6.DLL
0x00007ff9b3d80000 - 0x00007ff9b3d9c000 	C:\WINDOWS\SYSTEM32\dhcpcsvc.DLL
0x00007ff9bb760000 - 0x00007ff9bb82b000 	C:\WINDOWS\SYSTEM32\DNSAPI.dll
0x00007ff9b5300000 - 0x00007ff9b530b000 	C:\WINDOWS\SYSTEM32\WINNSI.DLL
0x00007ff9b8620000 - 0x00007ff9b8628000 	C:\Program Files\Android\Android Studio\jre\bin\rmi.dll

dbghelp: loaded successfully - version: 4.0.5 - missing functions: none
symbol engine: initialized successfully - sym options: 0x614 - pdb path: .;C:\Program Files\Android\Android Studio\jre\bin;C:\WINDOWS\SYSTEM32;C:\WINDOWS\WinSxS\amd64_microsoft.windows.common-controls_6595b64144ccf1df_6.0.18362.836_none_e6c4b943130f18ed;C:\Program Files\Android\Android Studio\jre\bin\server;C:\Users\hp\.gradle\native\fdc75f09e3144964f2cf3f50f0aa648679c211496f362492102eb8c894070792\windows-amd64;C:\Users\hp\.gradle\native\12488b8bf47d2d4c9fbf2f6322a914ad602e24e48041cd04a747c6da556b65c4\windows-amd64

VM Arguments:
jvm_args: --add-opens=java.base/java.util=ALL-UNNAMED --add-opens=java.base/java.lang=ALL-UNNAMED --add-opens=java.base/java.lang.invoke=ALL-UNNAMED --add-opens=java.prefs/java.util.prefs=ALL-UNNAMED -Xmx2048m -Dfile.encoding=UTF-8 -Duser.country=US -Duser.language=en -Duser.variant 
java_command: org.gradle.launcher.daemon.bootstrap.GradleDaemon 6.7.1
java_class_path (initial): C:\Users\hp\.gradle\wrapper\dists\gradle-6.7.1-bin\bwlcbys1h7rz3272sye1xwiv6\gradle-6.7.1\lib\gradle-launcher-6.7.1.jar
Launcher Type: SUN_STANDARD

[Global flags]
     intx CICompilerCount                          = 4                                         {product} {ergonomic}
     uint ConcGCThreads                            = 2                                         {product} {ergonomic}
     uint G1ConcRefinementThreads                  = 8                                         {product} {ergonomic}
   size_t G1HeapRegionSize                         = 1048576                                   {product} {ergonomic}
    uintx GCDrainStackTargetSize                   = 64                                        {product} {ergonomic}
   size_t InitialHeapSize                          = 268435456                                 {product} {ergonomic}
   size_t MarkStackSize                            = 4194304                                   {product} {ergonomic}
   size_t MaxHeapSize                              = 2147483648                                {product} {command line}
   size_t MaxNewSize                               = 1287651328                                {product} {ergonomic}
   size_t MinHeapDeltaBytes                        = 1048576                                   {product} {ergonomic}
    uintx NonNMethodCodeHeapSize                   = 5836300                                {pd product} {ergonomic}
    uintx NonProfiledCodeHeapSize                  = 122910970                              {pd product} {ergonomic}
    uintx ProfiledCodeHeapSize                     = 122910970                              {pd product} {ergonomic}
    uintx ReservedCodeCacheSize                    = 251658240                              {pd product} {ergonomic}
     bool SegmentedCodeCache                       = true                                      {product} {ergonomic}
     bool UseCompressedClassPointers               = true                                 {lp64_product} {ergonomic}
     bool UseCompressedOops                        = true                                 {lp64_product} {ergonomic}
     bool UseG1GC                                  = true                                      {product} {ergonomic}
     bool UseLargePagesIndividualAllocation        = false                                  {pd product} {ergonomic}

Logging:
Log output configuration:
 #0: stdout all=warning uptime,level,tags
 #1: stderr all=off uptime,level,tags

Environment Variables:
JAVA_HOME=C:\Program Files\Java\jre1.8.0_212
PATH=C:\Program Files (x86)\Common Files\Oracle\Java\javapath;C:\WINDOWS\system32;C:\WINDOWS;C:\WINDOWS\System32\Wbem;C:\WINDOWS\System32\WindowsPowerShell\v1.0\;C:\WINDOWS\System32\OpenSSH\;C:\Program Files\Git\cmd;C:\Program Files\NVIDIA Corporation\NVIDIA NvDLISR;C:\Users\hp\AppData\Local\Microsoft\WindowsApps;D:\Program Files\Microsoft VS Code\bin;D:\Program Files\JetBrains\PyCharm 2019.1.3\bin;C:\adb;C:\WINDOWS\system32;C:\WINDOWS;C:\WINDOWS\System32\Wbem;C:\WINDOWS\System32\WindowsPowerShell\v1.0\;C:\WINDOWS\System32\OpenSSH\;C:\Program Files (x86)\NVIDIA Corporation\PhysX\Common;C:\Users\hp\AppData\Local\Microsoft\WindowsApps;;D:\Program Files\Microsoft VS Code\bin;D:\Program Files\JetBrains\PyCharm 2019.1.3\bin;
USERNAME=hp
OS=Windows_NT
PROCESSOR_IDENTIFIER=Intel64 Family 6 Model 158 Stepping 9, GenuineIntel



---------------  S Y S T E M  ---------------

OS: Windows 10 , 64 bit Build 18362 (10.0.18362.778)
OS uptime: 10 days 23:28 hours

CPU:total 8 (initial active 8) (4 cores per cpu, 2 threads per core) family 6 model 158 stepping 9 microcode 0xb4, cmov, cx8, fxsr, mmx, sse, sse2, sse3, ssse3, sse4.1, sse4.2, popcnt, avx, avx2, aes, clmul, erms, 3dnowpref, lzcnt, ht, tsc, tscinvbit, bmi1, bmi2, adx, fma

Memory: 4k page, system-wide physical 16267M (1121M free)
TotalPageFile size 31347M (AvailPageFile size 279M)
current process WorkingSet (physical memory assigned to process): 634M, peak: 648M
current process commit charge ("private bytes"): 696M, peak: 1005M

vm_info: OpenJDK 64-Bit Server VM (11.0.10+0-b96-7249189) for windows-amd64 JRE (11.0.10+0-b96-7249189), built on Mar 31 2021 21:44:00 by "builder" with MS VC++ 14.0 (VS2015)

END.
