#
# There is insufficient memory for the Java Runtime Environment to continue.
# Native memory allocation (mmap) failed to map 310378496 bytes for Failed to commit area from 0x000000009ff00000 to 0x00000000b2700000 of length 310378496.
# Possible reasons:
#   The system is out of physical RAM or swap space
#   The process is running with CompressedOops enabled, and the Java Heap may be blocking the growth of the native heap
# Possible solutions:
#   Reduce memory load on the system
#   Increase physical memory or swap space
#   Check if swap backing store is full
#   Decrease Java heap size (-Xmx/-Xms)
#   Decrease number of Java threads
#   Decrease Java thread stack sizes (-Xss)
#   Set larger code cache with -XX:ReservedCodeCacheSize=
#   JVM is running with Unscaled Compressed Oops mode in which the Java heap is
#     placed in the first 4GB address space. The Java Heap base address is the
#     maximum limit for the native heap growth. Please use -XX:HeapBaseMinAddress
#     to set the Java Heap base and to place the Java Heap above 4GB virtual address.
# This output file may be truncated or incomplete.
#
#  Out of Memory Error (./src/hotspot/os/windows/os_windows.cpp:3301), pid=13404, tid=20952
#
# JRE version: OpenJDK Runtime Environment (11.0.10) (build 11.0.10+0-b96-7249189)
# Java VM: OpenJDK 64-Bit Server VM (11.0.10+0-b96-7249189, mixed mode, tiered, compressed oops, g1 gc, windows-amd64)
# No core dump will be written. Minidumps are not enabled by default on client versions of Windows
#

---------------  S U M M A R Y ------------

Command Line: --add-opens=java.base/java.util=ALL-UNNAMED --add-opens=java.base/java.lang=ALL-UNNAMED --add-opens=java.base/java.lang.invoke=ALL-UNNAMED --add-opens=java.prefs/java.util.prefs=ALL-UNNAMED -Xmx2048m -Dfile.encoding=UTF-8 -Duser.country=US -Duser.language=en -Duser.variant org.gradle.launcher.daemon.bootstrap.GradleDaemon 6.7.1

Host: Intel(R) Core(TM) i7-7700HQ CPU @ 2.80GHz, 8 cores, 15G,  Windows 10 , 64 bit Build 18362 (10.0.18362.778)
Time: Mon Jan  3 16:48:39 2022 Pakistan Standard Time elapsed time: 54.655487 seconds (0d 0h 0m 54s)

---------------  T H R E A D  ---------------

Current thread (0x000001d1851c0800):  VMThread "VM Thread" [stack: 0x00000081d6100000,0x00000081d6200000] [id=20952]

Stack: [0x00000081d6100000,0x00000081d6200000]
[error occurred during error reporting (printing stack bounds), id 0xc0000005, EXCEPTION_ACCESS_VIOLATION (0xc0000005) at pc=0x000001d1ed760f2d]

Native frames: (J=compiled Java code, j=interpreted, Vv=VM code, C=native code)
V  [jvm.dll+0x5ecfaa]
V  [jvm.dll+0x722bd5]
V  [jvm.dll+0x72412d]
V  [jvm.dll+0x724745]
V  [jvm.dll+0x7246fb]
V  [jvm.dll+0x5ec348]
V  [jvm.dll+0x5ecad8]
C  [ntdll.dll+0xa11cf]
C  [ntdll.dll+0x6a209]
C  [ntdll.dll+0x9fe3e]
C  0x000001d1ed760f2d

VM_Operation (0x00000081e14f8550): G1CollectForAllocation, mode: safepoint, requested by thread 0x000001d188669000


---------------  P R O C E S S  ---------------

Threads class SMR info:
_java_thread_list=0x000001d18f6d5450, length=191, elements={
0x000001d1e847e000, 0x000001d1851c8000, 0x000001d1851cb000, 0x000001d185220800,
0x000001d185221800, 0x000001d185225000, 0x000001d185228000, 0x000001d185229000,
0x000001d185235000, 0x000001d1853a4000, 0x000001d1869bd800, 0x000001d186dd2800,
0x000001d186d70000, 0x000001d1873d2800, 0x000001d187aad800, 0x000001d187988000,
0x000001d187986800, 0x000001d187985800, 0x000001d188461800, 0x000001d188462800,
0x000001d188468000, 0x000001d188465000, 0x000001d188469000, 0x000001d188466000,
0x000001d18846a000, 0x000001d188464000, 0x000001d18846a800, 0x000001d18846b800,
0x000001d18846c800, 0x000001d188466800, 0x000001d18846d000, 0x000001d188467800,
0x000001d188470800, 0x000001d18846e000, 0x000001d18846e800, 0x000001d18846f800,
0x000001d188fb5000, 0x000001d188fb1000, 0x000001d188fb2000, 0x000001d188fb8800,
0x000001d188fbe000, 0x000001d18f043000, 0x000001d18f042000, 0x000001d18f03d800,
0x000001d18f03f800, 0x000001d18f044000, 0x000001d18f041800, 0x000001d18f040800,
0x000001d18f03e000, 0x000001d18f044800, 0x000001d18f03f000, 0x000001d18f049800,
0x000001d18f04a800, 0x000001d18f04b000, 0x000001d18f048800, 0x000001d18f045800,
0x000001d18f047000, 0x000001d18f048000, 0x000001d18f04c000, 0x000001d18f046800,
0x000001d18e42f000, 0x000001d18e430800, 0x000001d18e430000, 0x000001d18e431800,
0x000001d18e432000, 0x000001d18e42c800, 0x000001d18e433000, 0x000001d18e42d800,
0x000001d18e434000, 0x000001d18e42e000, 0x000001d18e438000, 0x000001d18e435800,
0x000001d18e438800, 0x000001d18e436800, 0x000001d18e439800, 0x000001d18e437000,
0x000001d18e43a800, 0x000001d18e434800, 0x000001d18e43b000, 0x000001d187d4c000,
0x000001d187d4b000, 0x000001d187d46800, 0x000001d187d4d000, 0x000001d187d48000,
0x000001d187d47000, 0x000001d187d4d800, 0x000001d187d49800, 0x000001d187d4e800,
0x000001d187d48800, 0x000001d187d50000, 0x000001d187d4f800, 0x000001d187d4a800,
0x000001d187d55000, 0x000001d187d54000, 0x000001d187d51000, 0x000001d187d52800,
0x000001d187d53800, 0x000001d187d51800, 0x000001d18e59f000, 0x000001d18e5a2000,
0x000001d18e5a0800, 0x000001d18e5a5800, 0x000001d18e5a1800, 0x000001d18e5a3000,
0x000001d18e5a4000, 0x000001d18e5a4800, 0x000001d18e59f800, 0x000001d18e5ac000,
0x000001d18e5a6000, 0x000001d18e5a8000, 0x000001d18e5ac800, 0x000001d18e5a7000,
0x000001d18e5ad800, 0x000001d18e5a9800, 0x000001d18e5aa800, 0x000001d18e5a8800,
0x000001d18e5ab000, 0x000001d18ca1d800, 0x000001d18ca1e800, 0x000001d18ca21000,
0x000001d18ca1c000, 0x000001d18ca1d000, 0x000001d18ca1f800, 0x000001d18ca20000,
0x000001d18ca1b800, 0x000001d18ca27800, 0x000001d18ca23800, 0x000001d18ca22800,
0x000001d18ca26800, 0x000001d18ca24800, 0x000001d18ca25000, 0x000001d18ca26000,
0x000001d18ca22000, 0x000001d18ca28800, 0x000001d18ca29000, 0x000001d18ca2a000,
0x000001d188661800, 0x000001d188660800, 0x000001d188660000, 0x000001d188662800,
0x000001d188b62000, 0x000001d188b5c800, 0x000001d188b5f800, 0x000001d188b63000,
0x000001d188b60800, 0x000001d188b61000, 0x000001d188b63800, 0x000001d188b5e000,
0x000001d188b64800, 0x000001d188b5e800, 0x000001d188b5d000, 0x000001d188b6a000,
0x000001d188b69800, 0x000001d188b66000, 0x000001d188b6b000, 0x000001d188b68800,
0x000001d188b65800, 0x000001d188b67000, 0x000001d188664000, 0x000001d188665000,
0x000001d18865f000, 0x000001d188665800, 0x000001d188667000, 0x000001d188669800,
0x000001d18866a800, 0x000001d188668000, 0x000001d188669000, 0x000001d18866b800,
0x000001d188666800, 0x000001d18866c000, 0x000001d18866d000, 0x000001d18866e000,
0x000001d188fb4800, 0x000001d188fb3800, 0x000001d188fb0000, 0x000001d188fbb000,
0x000001d188fb6000, 0x000001d188fb6800, 0x000001d188fbd800, 0x000001d188fbc800,
0x000001d188fbf000, 0x000001d188463800, 0x000001d188b67800, 0x000001d187987800,
0x000001d18cddd800, 0x000001d18cdde800, 0x000001d18cdd8800, 0x000001d18cddd000,
0x000001d18cddb000, 0x000001d18cdd9800, 0x000001d18cddf800
}

Java Threads: ( => current thread )
  0x000001d1e847e000 JavaThread "main" [_thread_blocked, id=22596, stack(0x00000081d5b00000,0x00000081d5c00000)]
  0x000001d1851c8000 JavaThread "Reference Handler" daemon [_thread_blocked, id=26000, stack(0x00000081d6200000,0x00000081d6300000)]
  0x000001d1851cb000 JavaThread "Finalizer" daemon [_thread_blocked, id=12892, stack(0x00000081d6300000,0x00000081d6400000)]
  0x000001d185220800 JavaThread "Signal Dispatcher" daemon [_thread_blocked, id=26440, stack(0x00000081d6400000,0x00000081d6500000)]
  0x000001d185221800 JavaThread "Attach Listener" daemon [_thread_blocked, id=12792, stack(0x00000081d6500000,0x00000081d6600000)]
  0x000001d185225000 JavaThread "Service Thread" daemon [_thread_blocked, id=23248, stack(0x00000081d6600000,0x00000081d6700000)]
  0x000001d185228000 JavaThread "C2 CompilerThread0" daemon [_thread_blocked, id=23128, stack(0x00000081d6700000,0x00000081d6800000)]
  0x000001d185229000 JavaThread "C1 CompilerThread0" daemon [_thread_blocked, id=18808, stack(0x00000081d6800000,0x00000081d6900000)]
  0x000001d185235000 JavaThread "Sweeper thread" daemon [_thread_blocked, id=1820, stack(0x00000081d6900000,0x00000081d6a00000)]
  0x000001d1853a4000 JavaThread "Common-Cleaner" daemon [_thread_blocked, id=25052, stack(0x00000081d6a00000,0x00000081d6b00000)]
  0x000001d1869bd800 JavaThread "Daemon health stats" [_thread_blocked, id=2356, stack(0x00000081d7300000,0x00000081d7400000)]
  0x000001d186dd2800 JavaThread "Incoming local TCP Connector on port 60784" [_thread_in_native, id=22620, stack(0x00000081d7400000,0x00000081d7500000)]
  0x000001d186d70000 JavaThread "Daemon periodic checks" [_thread_blocked, id=23840, stack(0x00000081d7500000,0x00000081d7600000)]
  0x000001d1873d2800 JavaThread "Daemon" [_thread_blocked, id=27056, stack(0x00000081d7600000,0x00000081d7700000)]
  0x000001d187aad800 JavaThread "Daemon worker" [_thread_blocked, id=24640, stack(0x00000081d7900000,0x00000081d7a00000)]
  0x000001d187988000 JavaThread "Cache worker for file hash cache (C:\Users\hp\.gradle\caches\6.7.1\fileHashes)" [_thread_blocked, id=24188, stack(0x00000081d7d00000,0x00000081d7e00000)]
  0x000001d187986800 JavaThread "File lock request listener" [_thread_in_native, id=22796, stack(0x00000081d7e00000,0x00000081d7f00000)]
  0x000001d187985800 JavaThread "Cache worker for journal cache (C:\Users\hp\.gradle\caches\journal-1)" [_thread_blocked, id=22668, stack(0x00000081d8200000,0x00000081d8300000)]
  0x000001d188461800 JavaThread "jar transforms" [_thread_blocked, id=20916, stack(0x00000081d8500000,0x00000081d8600000)]
  0x000001d188462800 JavaThread "jar transforms Thread 2" [_thread_blocked, id=24196, stack(0x00000081d8600000,0x00000081d8700000)]
  0x000001d188468000 JavaThread "jar transforms Thread 3" [_thread_blocked, id=19060, stack(0x00000081d8700000,0x00000081d8800000)]
  0x000001d188465000 JavaThread "jar transforms Thread 4" [_thread_blocked, id=15716, stack(0x00000081d8800000,0x00000081d8900000)]
  0x000001d188469000 JavaThread "jar transforms Thread 5" [_thread_blocked, id=11920, stack(0x00000081d8900000,0x00000081d8a00000)]
  0x000001d188466000 JavaThread "jar transforms Thread 6" [_thread_blocked, id=24168, stack(0x00000081d8a00000,0x00000081d8b00000)]
  0x000001d18846a000 JavaThread "jar transforms Thread 7" [_thread_blocked, id=3788, stack(0x00000081d8c00000,0x00000081d8d00000)]
  0x000001d188464000 JavaThread "jar transforms Thread 8" [_thread_blocked, id=23980, stack(0x00000081d8d00000,0x00000081d8e00000)]
  0x000001d18846a800 JavaThread "jar transforms Thread 9" [_thread_blocked, id=6452, stack(0x00000081d8e00000,0x00000081d8f00000)]
  0x000001d18846b800 JavaThread "jar transforms Thread 10" [_thread_blocked, id=20404, stack(0x00000081d8f00000,0x00000081d9000000)]
  0x000001d18846c800 JavaThread "jar transforms Thread 11" [_thread_blocked, id=22584, stack(0x00000081d9000000,0x00000081d9100000)]
  0x000001d188466800 JavaThread "jar transforms Thread 12" [_thread_blocked, id=10712, stack(0x00000081d9100000,0x00000081d9200000)]
  0x000001d18846d000 JavaThread "jar transforms Thread 13" [_thread_blocked, id=6336, stack(0x00000081d9200000,0x00000081d9300000)]
  0x000001d188467800 JavaThread "jar transforms Thread 14" [_thread_blocked, id=19136, stack(0x00000081d9300000,0x00000081d9400000)]
  0x000001d188470800 JavaThread "jar transforms Thread 15" [_thread_blocked, id=9328, stack(0x00000081d9400000,0x00000081d9500000)]
  0x000001d18846e000 JavaThread "jar transforms Thread 16" [_thread_blocked, id=396, stack(0x00000081d9500000,0x00000081d9600000)]
  0x000001d18846e800 JavaThread "jar transforms Thread 17" [_thread_blocked, id=26772, stack(0x00000081d9600000,0x00000081d9700000)]
  0x000001d18846f800 JavaThread "jar transforms Thread 18" [_thread_blocked, id=20716, stack(0x00000081d9700000,0x00000081d9800000)]
  0x000001d188fb5000 JavaThread "jar transforms Thread 19" [_thread_blocked, id=9864, stack(0x00000081d9800000,0x00000081d9900000)]
  0x000001d188fb1000 JavaThread "jar transforms Thread 20" [_thread_blocked, id=19976, stack(0x00000081d9900000,0x00000081d9a00000)]
  0x000001d188fb2000 JavaThread "Cache worker for execution history cache (C:\Users\hp\.gradle\caches\6.7.1\executionHistory)" [_thread_blocked, id=15820, stack(0x00000081d9c00000,0x00000081d9d00000)]
  0x000001d188fb8800 JavaThread "Cache worker for file content cache (C:\Users\hp\.gradle\caches\6.7.1\fileContent)" [_thread_blocked, id=26876, stack(0x00000081d9d00000,0x00000081d9e00000)]
  0x000001d188fbe000 JavaThread "jar transforms Thread 21" [_thread_blocked, id=12348, stack(0x00000081da800000,0x00000081da900000)]
  0x000001d18f043000 JavaThread "jar transforms Thread 22" [_thread_blocked, id=15496, stack(0x00000081da900000,0x00000081daa00000)]
  0x000001d18f042000 JavaThread "jar transforms Thread 23" [_thread_blocked, id=26780, stack(0x00000081daa00000,0x00000081dab00000)]
  0x000001d18f03d800 JavaThread "jar transforms Thread 24" [_thread_blocked, id=25972, stack(0x00000081dab00000,0x00000081dac00000)]
  0x000001d18f03f800 JavaThread "jar transforms Thread 25" [_thread_blocked, id=11172, stack(0x00000081dac00000,0x00000081dad00000)]
  0x000001d18f044000 JavaThread "jar transforms Thread 26" [_thread_blocked, id=23180, stack(0x00000081dad00000,0x00000081dae00000)]
  0x000001d18f041800 JavaThread "jar transforms Thread 27" [_thread_blocked, id=17248, stack(0x00000081dae00000,0x00000081daf00000)]
  0x000001d18f040800 JavaThread "jar transforms Thread 28" [_thread_blocked, id=5332, stack(0x00000081daf00000,0x00000081db000000)]
  0x000001d18f03e000 JavaThread "jar transforms Thread 29" [_thread_blocked, id=24712, stack(0x00000081db000000,0x00000081db100000)]
  0x000001d18f044800 JavaThread "jar transforms Thread 30" [_thread_blocked, id=19500, stack(0x00000081db100000,0x00000081db200000)]
  0x000001d18f03f000 JavaThread "jar transforms Thread 31" [_thread_blocked, id=26092, stack(0x00000081db200000,0x00000081db300000)]
  0x000001d18f049800 JavaThread "jar transforms Thread 32" [_thread_blocked, id=15236, stack(0x00000081db300000,0x00000081db400000)]
  0x000001d18f04a800 JavaThread "jar transforms Thread 33" [_thread_blocked, id=25876, stack(0x00000081db400000,0x00000081db500000)]
  0x000001d18f04b000 JavaThread "jar transforms Thread 34" [_thread_blocked, id=92, stack(0x00000081db500000,0x00000081db600000)]
  0x000001d18f048800 JavaThread "jar transforms Thread 35" [_thread_blocked, id=23572, stack(0x00000081db600000,0x00000081db700000)]
  0x000001d18f045800 JavaThread "jar transforms Thread 36" [_thread_blocked, id=15544, stack(0x00000081db700000,0x00000081db800000)]
  0x000001d18f047000 JavaThread "jar transforms Thread 37" [_thread_blocked, id=15428, stack(0x00000081db800000,0x00000081db900000)]
  0x000001d18f048000 JavaThread "jar transforms Thread 38" [_thread_blocked, id=15332, stack(0x00000081db900000,0x00000081dba00000)]
  0x000001d18f04c000 JavaThread "jar transforms Thread 39" [_thread_blocked, id=26976, stack(0x00000081dba00000,0x00000081dbb00000)]
  0x000001d18f046800 JavaThread "jar transforms Thread 40" [_thread_blocked, id=23184, stack(0x00000081dbb00000,0x00000081dbc00000)]
  0x000001d18e42f000 JavaThread "jar transforms Thread 41" [_thread_blocked, id=14528, stack(0x00000081dbc00000,0x00000081dbd00000)]
  0x000001d18e430800 JavaThread "jar transforms Thread 42" [_thread_blocked, id=9312, stack(0x00000081dbd00000,0x00000081dbe00000)]
  0x000001d18e430000 JavaThread "jar transforms Thread 43" [_thread_blocked, id=3888, stack(0x00000081dbe00000,0x00000081dbf00000)]
  0x000001d18e431800 JavaThread "jar transforms Thread 44" [_thread_blocked, id=25444, stack(0x00000081dbf00000,0x00000081dc000000)]
  0x000001d18e432000 JavaThread "jar transforms Thread 45" [_thread_blocked, id=13840, stack(0x00000081dc000000,0x00000081dc100000)]
  0x000001d18e42c800 JavaThread "jar transforms Thread 46" [_thread_blocked, id=25912, stack(0x00000081dc100000,0x00000081dc200000)]
  0x000001d18e433000 JavaThread "jar transforms Thread 47" [_thread_blocked, id=8780, stack(0x00000081dc200000,0x00000081dc300000)]
  0x000001d18e42d800 JavaThread "jar transforms Thread 48" [_thread_blocked, id=22764, stack(0x00000081dc300000,0x00000081dc400000)]
  0x000001d18e434000 JavaThread "jar transforms Thread 49" [_thread_blocked, id=24968, stack(0x00000081dc400000,0x00000081dc500000)]
  0x000001d18e42e000 JavaThread "jar transforms Thread 50" [_thread_blocked, id=23556, stack(0x00000081dc500000,0x00000081dc600000)]
  0x000001d18e438000 JavaThread "jar transforms Thread 51" [_thread_blocked, id=20588, stack(0x00000081dc600000,0x00000081dc700000)]
  0x000001d18e435800 JavaThread "jar transforms Thread 52" [_thread_blocked, id=21292, stack(0x00000081dc700000,0x00000081dc800000)]
  0x000001d18e438800 JavaThread "jar transforms Thread 53" [_thread_blocked, id=25864, stack(0x00000081dc800000,0x00000081dc900000)]
  0x000001d18e436800 JavaThread "jar transforms Thread 54" [_thread_blocked, id=17420, stack(0x00000081dc900000,0x00000081dca00000)]
  0x000001d18e439800 JavaThread "jar transforms Thread 55" [_thread_blocked, id=19800, stack(0x00000081dca00000,0x00000081dcb00000)]
  0x000001d18e437000 JavaThread "jar transforms Thread 56" [_thread_blocked, id=3624, stack(0x00000081dcb00000,0x00000081dcc00000)]
  0x000001d18e43a800 JavaThread "jar transforms Thread 57" [_thread_blocked, id=14864, stack(0x00000081dcc00000,0x00000081dcd00000)]
  0x000001d18e434800 JavaThread "jar transforms Thread 58" [_thread_blocked, id=23096, stack(0x00000081dcd00000,0x00000081dce00000)]
  0x000001d18e43b000 JavaThread "jar transforms Thread 59" [_thread_blocked, id=18524, stack(0x00000081dce00000,0x00000081dcf00000)]
  0x000001d187d4c000 JavaThread "jar transforms Thread 60" [_thread_blocked, id=13652, stack(0x00000081dcf00000,0x00000081dd000000)]
  0x000001d187d4b000 JavaThread "jar transforms Thread 61" [_thread_blocked, id=18316, stack(0x00000081dd000000,0x00000081dd100000)]
  0x000001d187d46800 JavaThread "jar transforms Thread 62" [_thread_blocked, id=19656, stack(0x00000081dd100000,0x00000081dd200000)]
  0x000001d187d4d000 JavaThread "jar transforms Thread 63" [_thread_blocked, id=25112, stack(0x00000081dd200000,0x00000081dd300000)]
  0x000001d187d48000 JavaThread "jar transforms Thread 64" [_thread_blocked, id=12244, stack(0x00000081dd300000,0x00000081dd400000)]
  0x000001d187d47000 JavaThread "jar transforms Thread 65" [_thread_blocked, id=26124, stack(0x00000081dd400000,0x00000081dd500000)]
  0x000001d187d4d800 JavaThread "jar transforms Thread 66" [_thread_blocked, id=25740, stack(0x00000081dd500000,0x00000081dd600000)]
  0x000001d187d49800 JavaThread "jar transforms Thread 67" [_thread_blocked, id=24328, stack(0x00000081dd600000,0x00000081dd700000)]
  0x000001d187d4e800 JavaThread "jar transforms Thread 68" [_thread_blocked, id=18852, stack(0x00000081dd700000,0x00000081dd800000)]
  0x000001d187d48800 JavaThread "jar transforms Thread 69" [_thread_blocked, id=23724, stack(0x00000081dd800000,0x00000081dd900000)]
  0x000001d187d50000 JavaThread "jar transforms Thread 70" [_thread_blocked, id=15244, stack(0x00000081dd900000,0x00000081dda00000)]
  0x000001d187d4f800 JavaThread "jar transforms Thread 71" [_thread_blocked, id=23956, stack(0x00000081dda00000,0x00000081ddb00000)]
  0x000001d187d4a800 JavaThread "jar transforms Thread 72" [_thread_blocked, id=24288, stack(0x00000081ddb00000,0x00000081ddc00000)]
  0x000001d187d55000 JavaThread "jar transforms Thread 73" [_thread_blocked, id=7932, stack(0x00000081ddc00000,0x00000081ddd00000)]
  0x000001d187d54000 JavaThread "jar transforms Thread 74" [_thread_blocked, id=26392, stack(0x00000081ddd00000,0x00000081dde00000)]
  0x000001d187d51000 JavaThread "jar transforms Thread 75" [_thread_blocked, id=26132, stack(0x00000081dde00000,0x00000081ddf00000)]
  0x000001d187d52800 JavaThread "jar transforms Thread 76" [_thread_blocked, id=18764, stack(0x00000081ddf00000,0x00000081de000000)]
  0x000001d187d53800 JavaThread "jar transforms Thread 77" [_thread_blocked, id=9488, stack(0x00000081de000000,0x00000081de100000)]
  0x000001d187d51800 JavaThread "jar transforms Thread 78" [_thread_blocked, id=15848, stack(0x00000081de100000,0x00000081de200000)]
  0x000001d18e59f000 JavaThread "jar transforms Thread 79" [_thread_blocked, id=12616, stack(0x00000081de200000,0x00000081de300000)]
  0x000001d18e5a2000 JavaThread "jar transforms Thread 80" [_thread_blocked, id=6152, stack(0x00000081de300000,0x00000081de400000)]
  0x000001d18e5a0800 JavaThread "jar transforms Thread 81" [_thread_blocked, id=22636, stack(0x00000081de400000,0x00000081de500000)]
  0x000001d18e5a5800 JavaThread "jar transforms Thread 82" [_thread_blocked, id=18012, stack(0x00000081de500000,0x00000081de600000)]
  0x000001d18e5a1800 JavaThread "jar transforms Thread 83" [_thread_blocked, id=27460, stack(0x00000081de600000,0x00000081de700000)]
  0x000001d18e5a3000 JavaThread "jar transforms Thread 84" [_thread_blocked, id=16136, stack(0x00000081de700000,0x00000081de800000)]
  0x000001d18e5a4000 JavaThread "jar transforms Thread 85" [_thread_blocked, id=20068, stack(0x00000081de800000,0x00000081de900000)]
  0x000001d18e5a4800 JavaThread "jar transforms Thread 86" [_thread_blocked, id=18388, stack(0x00000081de900000,0x00000081dea00000)]
  0x000001d18e59f800 JavaThread "jar transforms Thread 87" [_thread_blocked, id=21752, stack(0x00000081dea00000,0x00000081deb00000)]
  0x000001d18e5ac000 JavaThread "jar transforms Thread 88" [_thread_blocked, id=25796, stack(0x00000081deb00000,0x00000081dec00000)]
  0x000001d18e5a6000 JavaThread "jar transforms Thread 89" [_thread_blocked, id=20880, stack(0x00000081dec00000,0x00000081ded00000)]
  0x000001d18e5a8000 JavaThread "jar transforms Thread 90" [_thread_blocked, id=15432, stack(0x00000081ded00000,0x00000081dee00000)]
  0x000001d18e5ac800 JavaThread "jar transforms Thread 91" [_thread_blocked, id=1504, stack(0x00000081dee00000,0x00000081def00000)]
  0x000001d18e5a7000 JavaThread "jar transforms Thread 92" [_thread_blocked, id=19980, stack(0x00000081def00000,0x00000081df000000)]
  0x000001d18e5ad800 JavaThread "jar transforms Thread 93" [_thread_blocked, id=6992, stack(0x00000081df000000,0x00000081df100000)]
  0x000001d18e5a9800 JavaThread "jar transforms Thread 94" [_thread_blocked, id=27016, stack(0x00000081df100000,0x00000081df200000)]
  0x000001d18e5aa800 JavaThread "jar transforms Thread 95" [_thread_blocked, id=26328, stack(0x00000081df200000,0x00000081df300000)]
  0x000001d18e5a8800 JavaThread "jar transforms Thread 96" [_thread_blocked, id=3776, stack(0x00000081df300000,0x00000081df400000)]
  0x000001d18e5ab000 JavaThread "jar transforms Thread 97" [_thread_blocked, id=13532, stack(0x00000081df400000,0x00000081df500000)]
  0x000001d18ca1d800 JavaThread "jar transforms Thread 98" [_thread_blocked, id=16016, stack(0x00000081df500000,0x00000081df600000)]
  0x000001d18ca1e800 JavaThread "jar transforms Thread 99" [_thread_blocked, id=18608, stack(0x00000081df600000,0x00000081df700000)]
  0x000001d18ca21000 JavaThread "jar transforms Thread 100" [_thread_blocked, id=24228, stack(0x00000081df700000,0x00000081df800000)]
  0x000001d18ca1c000 JavaThread "jar transforms Thread 101" [_thread_blocked, id=27456, stack(0x00000081df800000,0x00000081df900000)]
  0x000001d18ca1d000 JavaThread "jar transforms Thread 102" [_thread_blocked, id=21516, stack(0x00000081df900000,0x00000081dfa00000)]
  0x000001d18ca1f800 JavaThread "jar transforms Thread 103" [_thread_blocked, id=4620, stack(0x00000081dfa00000,0x00000081dfb00000)]
  0x000001d18ca20000 JavaThread "jar transforms Thread 104" [_thread_blocked, id=20956, stack(0x00000081dfb00000,0x00000081dfc00000)]
  0x000001d18ca1b800 JavaThread "jar transforms Thread 105" [_thread_blocked, id=13780, stack(0x00000081dfc00000,0x00000081dfd00000)]
  0x000001d18ca27800 JavaThread "jar transforms Thread 106" [_thread_blocked, id=14740, stack(0x00000081dfd00000,0x00000081dfe00000)]
  0x000001d18ca23800 JavaThread "jar transforms Thread 107" [_thread_blocked, id=22592, stack(0x00000081dfe00000,0x00000081dff00000)]
  0x000001d18ca22800 JavaThread "jar transforms Thread 108" [_thread_blocked, id=25808, stack(0x00000081dff00000,0x00000081e0000000)]
  0x000001d18ca26800 JavaThread "jar transforms Thread 109" [_thread_blocked, id=26352, stack(0x00000081e0000000,0x00000081e0100000)]
  0x000001d18ca24800 JavaThread "jar transforms Thread 110" [_thread_blocked, id=6828, stack(0x00000081e0100000,0x00000081e0200000)]
  0x000001d18ca25000 JavaThread "jar transforms Thread 111" [_thread_blocked, id=25536, stack(0x00000081e0200000,0x00000081e0300000)]
  0x000001d18ca26000 JavaThread "jar transforms Thread 112" [_thread_blocked, id=27500, stack(0x00000081e0300000,0x00000081e0400000)]
  0x000001d18ca22000 JavaThread "jar transforms Thread 113" [_thread_blocked, id=20720, stack(0x00000081e0400000,0x00000081e0500000)]
  0x000001d18ca28800 JavaThread "jar transforms Thread 114" [_thread_blocked, id=26844, stack(0x00000081e0500000,0x00000081e0600000)]
  0x000001d18ca29000 JavaThread "jar transforms Thread 115" [_thread_blocked, id=26948, stack(0x00000081e0600000,0x00000081e0700000)]
  0x000001d18ca2a000 JavaThread "jar transforms Thread 116" [_thread_blocked, id=26804, stack(0x00000081e0700000,0x00000081e0800000)]
  0x000001d188661800 JavaThread "jar transforms Thread 117" [_thread_blocked, id=26416, stack(0x00000081e0800000,0x00000081e0900000)]
  0x000001d188660800 JavaThread "jar transforms Thread 118" [_thread_blocked, id=1448, stack(0x00000081e0900000,0x00000081e0a00000)]
  0x000001d188660000 JavaThread "jar transforms Thread 119" [_thread_blocked, id=2820, stack(0x00000081e0a00000,0x00000081e0b00000)]
  0x000001d188662800 JavaThread "Memory manager" [_thread_blocked, id=25276, stack(0x00000081e0b00000,0x00000081e0c00000)]
  0x000001d188b62000 JavaThread "Handler for socket connection from /127.0.0.1:60784 to /127.0.0.1:60813" [_thread_in_native, id=19740, stack(0x00000081d7700000,0x00000081d7800000)]
  0x000001d188b5c800 JavaThread "Cancel handler" [_thread_blocked, id=2940, stack(0x00000081d7800000,0x00000081d7900000)]
  0x000001d188b5f800 JavaThread "Asynchronous log dispatcher for DefaultDaemonConnection: socket connection from /127.0.0.1:60784 to /127.0.0.1:60813" [_thread_blocked, id=5448, stack(0x00000081d7a00000,0x00000081d7b00000)]
  0x000001d188b63000 JavaThread "Stdin handler" [_thread_blocked, id=21060, stack(0x00000081d7b00000,0x00000081d7c00000)]
  0x000001d188b60800 JavaThread "Thread-184" [_thread_blocked, id=22936, stack(0x00000081d7c00000,0x00000081d7d00000)]
  0x000001d188b61000 JavaThread "Cache worker for file hash cache (E:\OfficeGit\Berger_Xpress_Visualizer\Berger_Visualizer\Berger Visualizer\.gradle\6.7.1\fileHashes)" [_thread_blocked, id=25264, stack(0x00000081d8300000,0x00000081d8400000)]
  0x000001d188b63800 JavaThread "Cache worker for checksums cache (E:\OfficeGit\Berger_Xpress_Visualizer\Berger_Visualizer\Berger Visualizer\.gradle\checksums)" [_thread_blocked, id=11548, stack(0x00000081d8400000,0x00000081d8500000)]
  0x000001d188b5e000 JavaThread "Cache worker for cache directory md-supplier (C:\Users\hp\.gradle\caches\6.7.1\md-supplier)" [_thread_blocked, id=23416, stack(0x00000081d8b00000,0x00000081d8c00000)]
  0x000001d188b64800 JavaThread "Cache worker for cache directory md-rule (C:\Users\hp\.gradle\caches\6.7.1\md-rule)" [_thread_blocked, id=21360, stack(0x00000081d9a00000,0x00000081d9b00000)]
  0x000001d188b5e800 JavaThread "Cache worker for Build Output Cleanup Cache (E:\OfficeGit\Berger_Xpress_Visualizer\Berger_Visualizer\Berger Visualizer\.gradle\buildOutputCleanup)" [_thread_blocked, id=17004, stack(0x00000081d9e00000,0x00000081d9f00000)]
  0x000001d188b5d000 JavaThread "Build operations" [_thread_blocked, id=25664, stack(0x00000081da000000,0x00000081da100000)]
  0x000001d188b6a000 JavaThread "Build operations Thread 2" [_thread_blocked, id=21080, stack(0x00000081da100000,0x00000081da200000)]
  0x000001d188b69800 JavaThread "Build operations Thread 3" [_thread_blocked, id=10580, stack(0x00000081da200000,0x00000081da300000)]
  0x000001d188b66000 JavaThread "Build operations Thread 4" [_thread_blocked, id=20412, stack(0x00000081da300000,0x00000081da400000)]
  0x000001d188b6b000 JavaThread "Build operations Thread 5" [_thread_blocked, id=12336, stack(0x00000081da400000,0x00000081da500000)]
  0x000001d188b68800 JavaThread "Build operations Thread 6" [_thread_blocked, id=17728, stack(0x00000081da500000,0x00000081da600000)]
  0x000001d188b65800 JavaThread "Build operations Thread 7" [_thread_blocked, id=21844, stack(0x00000081da600000,0x00000081da700000)]
  0x000001d188b67000 JavaThread "Build operations Thread 8" [_thread_blocked, id=26860, stack(0x00000081da700000,0x00000081da800000)]
  0x000001d188664000 JavaThread "build event listener" [_thread_blocked, id=26648, stack(0x00000081e0c00000,0x00000081e0d00000)]
  0x000001d188665000 JavaThread "build event listener" [_thread_blocked, id=17332, stack(0x00000081e0d00000,0x00000081e0e00000)]
  0x000001d18865f000 JavaThread "Execution worker for ':'" [_thread_blocked, id=25408, stack(0x00000081e0e00000,0x00000081e0f00000)]
  0x000001d188665800 JavaThread "Execution worker for ':' Thread 2" [_thread_blocked, id=25504, stack(0x00000081e0f00000,0x00000081e1000000)]
  0x000001d188667000 JavaThread "Execution worker for ':' Thread 3" [_thread_blocked, id=19808, stack(0x00000081e1000000,0x00000081e1100000)]
  0x000001d188669800 JavaThread "Execution worker for ':' Thread 4" [_thread_blocked, id=25064, stack(0x00000081e1100000,0x00000081e1200000)]
  0x000001d18866a800 JavaThread "Execution worker for ':' Thread 5" [_thread_blocked, id=13012, stack(0x00000081e1200000,0x00000081e1300000)]
  0x000001d188668000 JavaThread "Execution worker for ':' Thread 6" [_thread_blocked, id=22044, stack(0x00000081e1300000,0x00000081e1400000)]
  0x000001d188669000 JavaThread "Execution worker for ':' Thread 7" [_thread_blocked, id=18192, stack(0x00000081e1400000,0x00000081e1500000)]
  0x000001d18866b800 JavaThread "Cache worker for execution history cache (E:\OfficeGit\Berger_Xpress_Visualizer\Berger_Visualizer\Berger Visualizer\.gradle\6.7.1\executionHistory)" [_thread_blocked, id=24940, stack(0x00000081e1500000,0x00000081e1600000)]
  0x000001d188666800 JavaThread "WorkerExecutor Queue" [_thread_blocked, id=25756, stack(0x00000081e1600000,0x00000081e1700000)]
  0x000001d18866c000 JavaThread "WorkerExecutor Queue Thread 2" [_thread_blocked, id=27268, stack(0x00000081e1700000,0x00000081e1800000)]
  0x000001d18866d000 JavaThread "Exec process" [_thread_blocked, id=21696, stack(0x00000081e1800000,0x00000081e1900000)]
  0x000001d18866e000 JavaThread "Exec process Thread 2" [_thread_blocked, id=13360, stack(0x00000081e1900000,0x00000081e1a00000)]
  0x000001d188fb4800 JavaThread "Exec process Thread 3" [_thread_blocked, id=15420, stack(0x00000081e1a00000,0x00000081e1b00000)]
  0x000001d188fb3800 JavaThread "WorkerExecutor Queue Thread 3" [_thread_blocked, id=18368, stack(0x00000081e1b00000,0x00000081e1c00000)]
  0x000001d188fb0000 JavaThread "WorkerExecutor Queue Thread 4" [_thread_blocked, id=25340, stack(0x00000081d9f00000,0x00000081da000000)]
  0x000001d188fbb000 JavaThread "WorkerExecutor Queue Thread 6" [_thread_blocked, id=14628, stack(0x00000081d9b00000,0x00000081d9c00000)]
  0x000001d188fb6000 JavaThread "WorkerExecutor Queue Thread 7" [_thread_blocked, id=23464, stack(0x00000081e1e00000,0x00000081e1f00000)]
  0x000001d188fb6800 JavaThread "C2 CompilerThread1" daemon [_thread_blocked, id=25916, stack(0x00000081e1c00000,0x00000081e1d00000)]
  0x000001d188fbd800 JavaThread "C2 CompilerThread2" daemon [_thread_blocked, id=7044, stack(0x00000081e1f00000,0x00000081e2000000)]
  0x000001d188fbc800 JavaThread "WorkerExecutor Queue Thread 9" [_thread_blocked, id=14728, stack(0x00000081e2100000,0x00000081e2200000)]
  0x000001d188fbf000 JavaThread "WorkerExecutor Queue Thread 10" [_thread_blocked, id=24828, stack(0x00000081e2200000,0x00000081e2300000)]
  0x000001d188463800 JavaThread "ForkJoinPool-3-worker-3" daemon [_thread_blocked, id=21216, stack(0x00000081e2300000,0x00000081e2400000)]
  0x000001d188b67800 JavaThread "ForkJoinPool-3-worker-5" daemon [_thread_blocked, id=13756, stack(0x00000081e2400000,0x00000081e2500000)]
  0x000001d187987800 JavaThread "ForkJoinPool-3-worker-7" daemon [_thread_blocked, id=10676, stack(0x00000081e2500000,0x00000081e2600000)]
  0x000001d18cddd800 JavaThread "ForkJoinPool-3-worker-9" daemon [_thread_blocked, id=21868, stack(0x00000081e2600000,0x00000081e2700000)]
  0x000001d18cdde800 JavaThread "ForkJoinPool-3-worker-11" daemon [_thread_blocked, id=3896, stack(0x00000081e2700000,0x00000081e2800000)]
  0x000001d18cdd8800 JavaThread "ForkJoinPool-3-worker-13" daemon [_thread_blocked, id=27084, stack(0x00000081e2800000,0x00000081e2900000)]
  0x000001d18cddd000 JavaThread "ForkJoinPool-3-worker-15" daemon [_thread_blocked, id=20132, stack(0x00000081e2900000,0x00000081e2a00000)]
  0x000001d18cddb000 JavaThread "ForkJoinPool-3-worker-1" daemon [_thread_blocked, id=19828, stack(0x00000081e2a00000,0x00000081e2b00000)]
  0x000001d18cdd9800 JavaThread "Cache worker for Java compile cache (C:\Users\hp\.gradle\caches\6.7.1\javaCompile)" [_thread_blocked, id=21832, stack(0x00000081e2e00000,0x00000081e2f00000)]
  0x000001d18cddf800 JavaThread "Cache worker for Java compile cache (E:\OfficeGit\Berger_Xpress_Visualizer\Berger_Visualizer\Berger Visualizer\.gradle\6.7.1\javaCompile)" [_thread_blocked, id=1660, stack(0x00000081e2f00000,0x00000081e3000000)]

Other Threads:
=>0x000001d1851c0800 VMThread "VM Thread" [stack: 0x00000081d6100000,0x00000081d6200000] [id=20952]
  0x000001d1853d1000 WatcherThread [stack: 0x00000081d6b00000,0x00000081d6c00000] [id=26264]
  0x000001d1e8496000 GCTaskThread "GC Thread#0" [stack: 0x00000081d5c00000,0x00000081d5d00000] [id=17912]
  0x000001d1857e7000 GCTaskThread "GC Thread#1" [stack: 0x00000081d6e00000,0x00000081d6f00000] [id=10156]
  0x000001d185fb1800 GCTaskThread "GC Thread#2" [stack: 0x00000081d6f00000,0x00000081d7000000] [id=14496]
  0x000001d185caa000 GCTaskThread "GC Thread#3" [stack: 0x00000081d7000000,0x00000081d7100000] [id=27372]
  0x000001d185877800 GCTaskThread "GC Thread#4" [stack: 0x00000081d7100000,0x00000081d7200000] [id=27568]
  0x000001d185878000 GCTaskThread "GC Thread#5" [stack: 0x00000081d7200000,0x00000081d7300000] [id=23788]
  0x000001d187413000 GCTaskThread "GC Thread#6" [stack: 0x00000081d7f00000,0x00000081d8000000] [id=18452]
  0x000001d1870e0000 GCTaskThread "GC Thread#7" [stack: 0x00000081d8000000,0x00000081d8100000] [id=21712]
  0x000001d1e84c8000 ConcurrentGCThread "G1 Main Marker" [stack: 0x00000081d5d00000,0x00000081d5e00000] [id=22532]
  0x000001d1e84ca800 ConcurrentGCThread "G1 Conc#0" [stack: 0x00000081d5e00000,0x00000081d5f00000] [id=23784]
  0x000001d185e6d800 ConcurrentGCThread "G1 Conc#1" [stack: 0x00000081d8100000,0x00000081d8200000] [id=13816]
  0x000001d18480e800 ConcurrentGCThread "G1 Refine#0" [stack: 0x00000081d5f00000,0x00000081d6000000] [id=9196]
  0x000001d185f47800 ConcurrentGCThread "G1 Refine#1" [stack: 0x00000081e2b00000,0x00000081e2c00000] [id=21716]
  0x000001d1945f0000 ConcurrentGCThread "G1 Refine#2" [stack: 0x00000081e2c00000,0x00000081e2d00000] [id=3828]
  0x000001d18ac60000 ConcurrentGCThread "G1 Refine#3" [stack: 0x00000081e2d00000,0x00000081e2e00000] [id=24156]
  0x000001d18480f800 ConcurrentGCThread "G1 Young RemSet Sampling" [stack: 0x00000081d6000000,0x00000081d6100000] [id=25848]

Threads with active compile tasks:
C2 CompilerThread0  54677 20178   !   4       java.nio.file.FileTreeWalker::visit (204 bytes)
C1 CompilerThread0  54677 20710       2       com.sun.tools.javac.code.Types$5::visitArrayType (68 bytes)
C2 CompilerThread1  54677 20061 %     4       com.android.tools.r8.dex.A::a @ 856 (3938 bytes)
C2 CompilerThread2  54677 20610       4       java.util.TimSort::sort (229 bytes)

VM state:at safepoint (normal execution)

VM Mutex/Monitor currently owned by a thread:  ([mutex/lock_event])
[0x000001d1e8479c50] Threads_lock - owner thread: 0x000001d1851c0800
[0x000001d1e8479110] Heap_lock - owner thread: 0x000001d188669000

Heap address: 0x0000000080000000, size: 2048 MB, Compressed Oops mode: 32-bit
Narrow klass base: 0x0000000000000000, Narrow klass shift: 3
Compressed class space size: 1073741824 Address: 0x0000000100000000

Heap:
 garbage-first heap   total 826368K, used 316770K [0x0000000080000000, 0x0000000100000000)
  region size 1024K, 12 young (12288K), 12 survivors (12288K)
 Metaspace       used 134287K, capacity 137772K, committed 137856K, reserved 1169408K
  class space    used 16526K, capacity 17724K, committed 17792K, reserved 1048576K
Heap Regions: E=young(eden), S=young(survivor), O=old, HS=humongous(starts), HC=humongous(continues), CS=collection set, F=free, A=archive, TAMS=top-at-mark-start (previous, next)
|   0|0x0000000080000000, 0x0000000080100000, 0x0000000080100000|100%| O|  |TAMS 0x0000000080100000, 0x0000000080000000| Updating 
|   1|0x0000000080100000, 0x0000000080200000, 0x0000000080200000|100%| O|  |TAMS 0x0000000080200000, 0x0000000080100000| Updating 
|   2|0x0000000080200000, 0x0000000080300000, 0x0000000080300000|100%| O|  |TAMS 0x0000000080300000, 0x0000000080200000| Updating 
|   3|0x0000000080300000, 0x0000000080400000, 0x0000000080400000|100%|HS|  |TAMS 0x0000000080400000, 0x0000000080300000| Complete 
|   4|0x0000000080400000, 0x0000000080500000, 0x0000000080500000|100%|HC|  |TAMS 0x0000000080500000, 0x0000000080400000| Complete 
|   5|0x0000000080500000, 0x0000000080600000, 0x0000000080600000|100%|HC|  |TAMS 0x0000000080600000, 0x0000000080500000| Complete 
|   6|0x0000000080600000, 0x0000000080700000, 0x0000000080700000|100%| O|  |TAMS 0x0000000080700000, 0x0000000080600000| Updating 
|   7|0x0000000080700000, 0x0000000080800000, 0x0000000080800000|100%| O|  |TAMS 0x0000000080800000, 0x0000000080700000| Updating 
|   8|0x0000000080800000, 0x0000000080900000, 0x0000000080900000|100%| O|  |TAMS 0x0000000080900000, 0x0000000080800000| Updating 
|   9|0x0000000080900000, 0x0000000080a00000, 0x0000000080a00000|100%| O|  |TAMS 0x0000000080a00000, 0x0000000080900000| Updating 
|  10|0x0000000080a00000, 0x0000000080b00000, 0x0000000080b00000|100%| O|  |TAMS 0x0000000080b00000, 0x0000000080a00000| Updating 
|  11|0x0000000080b00000, 0x0000000080c00000, 0x0000000080c00000|100%| O|  |TAMS 0x0000000080c00000, 0x0000000080b00000| Updating 
|  12|0x0000000080c00000, 0x0000000080d00000, 0x0000000080d00000|100%| O|  |TAMS 0x0000000080d00000, 0x0000000080c00000| Updating 
|  13|0x0000000080d00000, 0x0000000080e00000, 0x0000000080e00000|100%| O|  |TAMS 0x0000000080e00000, 0x0000000080d00000| Updating 
|  14|0x0000000080e00000, 0x0000000080f00000, 0x0000000080f00000|100%| O|  |TAMS 0x0000000080f00000, 0x0000000080e00000| Updating 
|  15|0x0000000080f00000, 0x0000000081000000, 0x0000000081000000|100%| O|  |TAMS 0x0000000081000000, 0x0000000080f00000| Updating 
|  16|0x0000000081000000, 0x0000000081100000, 0x0000000081100000|100%|HS|  |TAMS 0x0000000081100000, 0x0000000081000000| Complete 
|  17|0x0000000081100000, 0x0000000081200000, 0x0000000081200000|100%|HC|  |TAMS 0x0000000081200000, 0x0000000081100000| Complete 
|  18|0x0000000081200000, 0x0000000081300000, 0x0000000081300000|100%|HS|  |TAMS 0x0000000081300000, 0x0000000081200000| Complete 
|  19|0x0000000081300000, 0x0000000081400000, 0x0000000081400000|100%|HC|  |TAMS 0x0000000081400000, 0x0000000081300000| Complete 
|  20|0x0000000081400000, 0x0000000081500000, 0x0000000081500000|100%|HC|  |TAMS 0x0000000081500000, 0x0000000081400000| Complete 
|  21|0x0000000081500000, 0x0000000081600000, 0x0000000081600000|100%|HS|  |TAMS 0x0000000081600000, 0x0000000081500000| Complete 
|  22|0x0000000081600000, 0x0000000081700000, 0x0000000081700000|100%|HC|  |TAMS 0x0000000081700000, 0x0000000081600000| Complete 
|  23|0x0000000081700000, 0x0000000081800000, 0x0000000081800000|100%|HC|  |TAMS 0x0000000081800000, 0x0000000081700000| Complete 
|  24|0x0000000081800000, 0x0000000081900000, 0x0000000081900000|100%|HC|  |TAMS 0x0000000081900000, 0x0000000081800000| Complete 
|  25|0x0000000081900000, 0x0000000081a00000, 0x0000000081a00000|100%|HC|  |TAMS 0x0000000081a00000, 0x0000000081900000| Complete 
|  26|0x0000000081a00000, 0x0000000081b00000, 0x0000000081b00000|100%|HS|  |TAMS 0x0000000081b00000, 0x0000000081a00000| Complete 
|  27|0x0000000081b00000, 0x0000000081c00000, 0x0000000081c00000|100%|HS|  |TAMS 0x0000000081c00000, 0x0000000081b00000| Complete 
|  28|0x0000000081c00000, 0x0000000081d00000, 0x0000000081d00000|100%| O|  |TAMS 0x0000000081d00000, 0x0000000081c00000| Updating 
|  29|0x0000000081d00000, 0x0000000081e00000, 0x0000000081e00000|100%|HS|  |TAMS 0x0000000081e00000, 0x0000000081d00000| Complete 
|  30|0x0000000081e00000, 0x0000000081f00000, 0x0000000081f00000|100%|HC|  |TAMS 0x0000000081f00000, 0x0000000081e00000| Complete 
|  31|0x0000000081f00000, 0x0000000082000000, 0x0000000082000000|100%|HC|  |TAMS 0x0000000082000000, 0x0000000081f00000| Complete 
|  32|0x0000000082000000, 0x0000000082100000, 0x0000000082100000|100%|HC|  |TAMS 0x0000000082100000, 0x0000000082000000| Complete 
|  33|0x0000000082100000, 0x0000000082200000, 0x0000000082200000|100%|HC|  |TAMS 0x0000000082200000, 0x0000000082100000| Complete 
|  34|0x0000000082200000, 0x0000000082300000, 0x0000000082300000|100%|HS|  |TAMS 0x0000000082300000, 0x0000000082200000| Complete 
|  35|0x0000000082300000, 0x0000000082400000, 0x0000000082400000|100%|HC|  |TAMS 0x0000000082400000, 0x0000000082300000| Complete 
|  36|0x0000000082400000, 0x0000000082500000, 0x0000000082500000|100%|HC|  |TAMS 0x0000000082500000, 0x0000000082400000| Complete 
|  37|0x0000000082500000, 0x0000000082600000, 0x0000000082600000|100%| O|  |TAMS 0x0000000082600000, 0x0000000082500000| Updating 
|  38|0x0000000082600000, 0x0000000082700000, 0x0000000082700000|100%| O|  |TAMS 0x0000000082700000, 0x0000000082600000| Updating 
|  39|0x0000000082700000, 0x0000000082800000, 0x0000000082800000|100%| O|  |TAMS 0x0000000082800000, 0x0000000082700000| Updating 
|  40|0x0000000082800000, 0x0000000082900000, 0x0000000082900000|100%| O|  |TAMS 0x0000000082900000, 0x0000000082800000| Updating 
|  41|0x0000000082900000, 0x0000000082a00000, 0x0000000082a00000|100%| O|  |TAMS 0x0000000082a00000, 0x0000000082900000| Updating 
|  42|0x0000000082a00000, 0x0000000082b00000, 0x0000000082b00000|100%| O|  |TAMS 0x0000000082b00000, 0x0000000082a00000| Updating 
|  43|0x0000000082b00000, 0x0000000082c00000, 0x0000000082c00000|100%| O|  |TAMS 0x0000000082c00000, 0x0000000082b00000| Updating 
|  44|0x0000000082c00000, 0x0000000082d00000, 0x0000000082d00000|100%| O|  |TAMS 0x0000000082d00000, 0x0000000082c00000| Updating 
|  45|0x0000000082d00000, 0x0000000082e00000, 0x0000000082e00000|100%| O|  |TAMS 0x0000000082e00000, 0x0000000082d00000| Updating 
|  46|0x0000000082e00000, 0x0000000082f00000, 0x0000000082f00000|100%|HS|  |TAMS 0x0000000082f00000, 0x0000000082e00000| Complete 
|  47|0x0000000082f00000, 0x0000000083000000, 0x0000000083000000|100%|HC|  |TAMS 0x0000000083000000, 0x0000000082f00000| Complete 
|  48|0x0000000083000000, 0x0000000083100000, 0x0000000083100000|100%|HC|  |TAMS 0x0000000083100000, 0x0000000083000000| Complete 
|  49|0x0000000083100000, 0x0000000083200000, 0x0000000083200000|100%|HS|  |TAMS 0x0000000083200000, 0x0000000083100000| Complete 
|  50|0x0000000083200000, 0x0000000083300000, 0x0000000083300000|100%|HC|  |TAMS 0x0000000083300000, 0x0000000083200000| Complete 
|  51|0x0000000083300000, 0x0000000083400000, 0x0000000083400000|100%| O|  |TAMS 0x0000000083400000, 0x0000000083300000| Updating 
|  52|0x0000000083400000, 0x0000000083500000, 0x0000000083500000|100%| O|  |TAMS 0x0000000083500000, 0x0000000083400000| Updating 
|  53|0x0000000083500000, 0x0000000083600000, 0x0000000083600000|100%| O|  |TAMS 0x0000000083600000, 0x0000000083500000| Updating 
|  54|0x0000000083600000, 0x0000000083700000, 0x0000000083700000|100%| O|  |TAMS 0x0000000083700000, 0x0000000083600000| Updating 
|  55|0x0000000083700000, 0x0000000083800000, 0x0000000083800000|100%| O|  |TAMS 0x0000000083800000, 0x0000000083700000| Updating 
|  56|0x0000000083800000, 0x0000000083900000, 0x0000000083900000|100%| O|  |TAMS 0x0000000083900000, 0x0000000083800000| Updating 
|  57|0x0000000083900000, 0x0000000083a00000, 0x0000000083a00000|100%| O|  |TAMS 0x0000000083a00000, 0x0000000083900000| Updating 
|  58|0x0000000083a00000, 0x0000000083b00000, 0x0000000083b00000|100%| O|  |TAMS 0x0000000083b00000, 0x0000000083a00000| Updating 
|  59|0x0000000083b00000, 0x0000000083c00000, 0x0000000083c00000|100%| O|  |TAMS 0x0000000083c00000, 0x0000000083b00000| Updating 
|  60|0x0000000083c00000, 0x0000000083d00000, 0x0000000083d00000|100%| O|  |TAMS 0x0000000083d00000, 0x0000000083c00000| Updating 
|  61|0x0000000083d00000, 0x0000000083e00000, 0x0000000083e00000|100%| O|  |TAMS 0x0000000083e00000, 0x0000000083d00000| Updating 
|  62|0x0000000083e00000, 0x0000000083f00000, 0x0000000083f00000|100%| O|  |TAMS 0x0000000083f00000, 0x0000000083e00000| Updating 
|  63|0x0000000083f00000, 0x0000000084000000, 0x0000000084000000|100%| O|  |TAMS 0x0000000084000000, 0x0000000083f00000| Updating 
|  64|0x0000000084000000, 0x0000000084100000, 0x0000000084100000|100%| O|  |TAMS 0x0000000084100000, 0x0000000084000000| Updating 
|  65|0x0000000084100000, 0x0000000084200000, 0x0000000084200000|100%| O|  |TAMS 0x0000000084200000, 0x0000000084100000| Updating 
|  66|0x0000000084200000, 0x0000000084300000, 0x0000000084300000|100%| O|  |TAMS 0x0000000084300000, 0x0000000084200000| Updating 
|  67|0x0000000084300000, 0x0000000084400000, 0x0000000084400000|100%| O|  |TAMS 0x0000000084400000, 0x0000000084300000| Updating 
|  68|0x0000000084400000, 0x0000000084500000, 0x0000000084500000|100%| O|  |TAMS 0x0000000084500000, 0x0000000084400000| Updating 
|  69|0x0000000084500000, 0x0000000084600000, 0x0000000084600000|100%| O|  |TAMS 0x0000000084600000, 0x0000000084500000| Updating 
|  70|0x0000000084600000, 0x0000000084700000, 0x0000000084700000|100%| O|  |TAMS 0x0000000084700000, 0x0000000084600000| Updating 
|  71|0x0000000084700000, 0x0000000084800000, 0x0000000084800000|100%| O|  |TAMS 0x0000000084800000, 0x0000000084700000| Updating 
|  72|0x0000000084800000, 0x0000000084900000, 0x0000000084900000|100%| O|  |TAMS 0x0000000084900000, 0x0000000084800000| Updating 
|  73|0x0000000084900000, 0x0000000084a00000, 0x0000000084a00000|100%| O|  |TAMS 0x0000000084a00000, 0x0000000084900000| Updating 
|  74|0x0000000084a00000, 0x0000000084b00000, 0x0000000084b00000|100%| O|  |TAMS 0x0000000084b00000, 0x0000000084a00000| Updating 
|  75|0x0000000084b00000, 0x0000000084c00000, 0x0000000084c00000|100%| O|  |TAMS 0x0000000084c00000, 0x0000000084b00000| Updating 
|  76|0x0000000084c00000, 0x0000000084d00000, 0x0000000084d00000|100%| O|  |TAMS 0x0000000084d00000, 0x0000000084c00000| Updating 
|  77|0x0000000084d00000, 0x0000000084e00000, 0x0000000084e00000|100%| O|  |TAMS 0x0000000084e00000, 0x0000000084d00000| Updating 
|  78|0x0000000084e00000, 0x0000000084f00000, 0x0000000084f00000|100%| O|  |TAMS 0x0000000084f00000, 0x0000000084e00000| Updating 
|  79|0x0000000084f00000, 0x0000000085000000, 0x0000000085000000|100%| O|  |TAMS 0x0000000085000000, 0x0000000084f00000| Updating 
|  80|0x0000000085000000, 0x0000000085100000, 0x0000000085100000|100%| O|  |TAMS 0x0000000085100000, 0x0000000085000000| Updating 
|  81|0x0000000085100000, 0x0000000085200000, 0x0000000085200000|100%| O|  |TAMS 0x0000000085200000, 0x0000000085100000| Updating 
|  82|0x0000000085200000, 0x0000000085300000, 0x0000000085300000|100%| O|  |TAMS 0x0000000085300000, 0x0000000085200000| Updating 
|  83|0x0000000085300000, 0x0000000085400000, 0x0000000085400000|100%| O|  |TAMS 0x0000000085400000, 0x0000000085300000| Updating 
|  84|0x0000000085400000, 0x0000000085500000, 0x0000000085500000|100%| O|  |TAMS 0x0000000085500000, 0x0000000085400000| Updating 
|  85|0x0000000085500000, 0x0000000085600000, 0x0000000085600000|100%| O|  |TAMS 0x0000000085600000, 0x0000000085500000| Updating 
|  86|0x0000000085600000, 0x0000000085700000, 0x0000000085700000|100%| O|  |TAMS 0x0000000085700000, 0x0000000085600000| Updating 
|  87|0x0000000085700000, 0x0000000085800000, 0x0000000085800000|100%| O|  |TAMS 0x0000000085800000, 0x0000000085700000| Updating 
|  88|0x0000000085800000, 0x0000000085900000, 0x0000000085900000|100%| O|  |TAMS 0x0000000085900000, 0x0000000085800000| Updating 
|  89|0x0000000085900000, 0x0000000085a00000, 0x0000000085a00000|100%| O|  |TAMS 0x0000000085a00000, 0x0000000085900000| Updating 
|  90|0x0000000085a00000, 0x0000000085b00000, 0x0000000085b00000|100%| O|  |TAMS 0x0000000085b00000, 0x0000000085a00000| Updating 
|  91|0x0000000085b00000, 0x0000000085c00000, 0x0000000085c00000|100%| O|  |TAMS 0x0000000085c00000, 0x0000000085b00000| Updating 
|  92|0x0000000085c00000, 0x0000000085d00000, 0x0000000085d00000|100%| O|  |TAMS 0x0000000085d00000, 0x0000000085c00000| Updating 
|  93|0x0000000085d00000, 0x0000000085e00000, 0x0000000085e00000|100%| O|  |TAMS 0x0000000085e00000, 0x0000000085d00000| Updating 
|  94|0x0000000085e00000, 0x0000000085f00000, 0x0000000085f00000|100%| O|  |TAMS 0x0000000085f00000, 0x0000000085e00000| Updating 
|  95|0x0000000085f00000, 0x0000000086000000, 0x0000000086000000|100%| O|  |TAMS 0x0000000086000000, 0x0000000085f00000| Updating 
|  96|0x0000000086000000, 0x0000000086100000, 0x0000000086100000|100%|HS|  |TAMS 0x0000000086100000, 0x0000000086000000| Complete 
|  97|0x0000000086100000, 0x0000000086200000, 0x0000000086200000|100%| O|  |TAMS 0x0000000086200000, 0x0000000086100000| Updating 
|  98|0x0000000086200000, 0x0000000086300000, 0x0000000086300000|100%| O|  |TAMS 0x0000000086300000, 0x0000000086200000| Updating 
|  99|0x0000000086300000, 0x0000000086400000, 0x0000000086400000|100%| O|  |TAMS 0x0000000086400000, 0x0000000086300000| Updating 
| 100|0x0000000086400000, 0x0000000086500000, 0x0000000086500000|100%| O|  |TAMS 0x0000000086500000, 0x0000000086400000| Updating 
| 101|0x0000000086500000, 0x0000000086600000, 0x0000000086600000|100%| O|  |TAMS 0x0000000086600000, 0x0000000086500000| Updating 
| 102|0x0000000086600000, 0x0000000086700000, 0x0000000086700000|100%| O|  |TAMS 0x0000000086700000, 0x0000000086600000| Updating 
| 103|0x0000000086700000, 0x0000000086800000, 0x0000000086800000|100%| O|  |TAMS 0x0000000086800000, 0x0000000086700000| Updating 
| 104|0x0000000086800000, 0x0000000086900000, 0x0000000086900000|100%| O|  |TAMS 0x0000000086900000, 0x0000000086800000| Updating 
| 105|0x0000000086900000, 0x0000000086a00000, 0x0000000086a00000|100%| O|  |TAMS 0x0000000086a00000, 0x0000000086900000| Updating 
| 106|0x0000000086a00000, 0x0000000086b00000, 0x0000000086b00000|100%| O|  |TAMS 0x0000000086b00000, 0x0000000086a00000| Updating 
| 107|0x0000000086b00000, 0x0000000086c00000, 0x0000000086c00000|100%| O|  |TAMS 0x0000000086c00000, 0x0000000086b00000| Updating 
| 108|0x0000000086c00000, 0x0000000086d00000, 0x0000000086d00000|100%| O|  |TAMS 0x0000000086d00000, 0x0000000086c00000| Updating 
| 109|0x0000000086d00000, 0x0000000086e00000, 0x0000000086e00000|100%| O|  |TAMS 0x0000000086e00000, 0x0000000086d00000| Updating 
| 110|0x0000000086e00000, 0x0000000086f00000, 0x0000000086f00000|100%| O|  |TAMS 0x0000000086f00000, 0x0000000086e00000| Updating 
| 111|0x0000000086f00000, 0x0000000087000000, 0x0000000087000000|100%| O|  |TAMS 0x0000000087000000, 0x0000000086f00000| Updating 
| 112|0x0000000087000000, 0x0000000087100000, 0x0000000087100000|100%| O|  |TAMS 0x0000000087100000, 0x0000000087000000| Updating 
| 113|0x0000000087100000, 0x0000000087200000, 0x0000000087200000|100%| O|  |TAMS 0x0000000087200000, 0x0000000087100000| Updating 
| 114|0x0000000087200000, 0x0000000087300000, 0x0000000087300000|100%| O|  |TAMS 0x0000000087300000, 0x0000000087200000| Updating 
| 115|0x0000000087300000, 0x0000000087400000, 0x0000000087400000|100%|HS|  |TAMS 0x0000000087400000, 0x0000000087300000| Complete 
| 116|0x0000000087400000, 0x0000000087500000, 0x0000000087500000|100%| O|  |TAMS 0x0000000087500000, 0x0000000087400000| Updating 
| 117|0x0000000087500000, 0x0000000087600000, 0x0000000087600000|100%| O|  |TAMS 0x0000000087600000, 0x0000000087500000| Updating 
| 118|0x0000000087600000, 0x0000000087700000, 0x0000000087700000|100%| O|  |TAMS 0x0000000087700000, 0x0000000087600000| Updating 
| 119|0x0000000087700000, 0x0000000087800000, 0x0000000087800000|100%| O|  |TAMS 0x0000000087800000, 0x0000000087700000| Updating 
| 120|0x0000000087800000, 0x0000000087900000, 0x0000000087900000|100%| O|  |TAMS 0x0000000087900000, 0x0000000087800000| Updating 
| 121|0x0000000087900000, 0x0000000087a00000, 0x0000000087a00000|100%| O|  |TAMS 0x0000000087a00000, 0x0000000087900000| Updating 
| 122|0x0000000087a00000, 0x0000000087b00000, 0x0000000087b00000|100%| O|  |TAMS 0x0000000087b00000, 0x0000000087a00000| Updating 
| 123|0x0000000087b00000, 0x0000000087c00000, 0x0000000087c00000|100%| O|  |TAMS 0x0000000087c00000, 0x0000000087b00000| Updating 
| 124|0x0000000087c00000, 0x0000000087d00000, 0x0000000087d00000|100%| O|  |TAMS 0x0000000087d00000, 0x0000000087c00000| Updating 
| 125|0x0000000087d00000, 0x0000000087e00000, 0x0000000087e00000|100%| O|  |TAMS 0x0000000087e00000, 0x0000000087d00000| Updating 
| 126|0x0000000087e00000, 0x0000000087f00000, 0x0000000087f00000|100%| O|  |TAMS 0x0000000087f00000, 0x0000000087e00000| Updating 
| 127|0x0000000087f00000, 0x0000000088000000, 0x0000000088000000|100%| O|  |TAMS 0x0000000088000000, 0x0000000087f00000| Updating 
| 128|0x0000000088000000, 0x0000000088100000, 0x0000000088100000|100%| O|  |TAMS 0x0000000088100000, 0x0000000088000000| Updating 
| 129|0x0000000088100000, 0x0000000088200000, 0x0000000088200000|100%| O|  |TAMS 0x0000000088200000, 0x0000000088100000| Updating 
| 130|0x0000000088200000, 0x0000000088300000, 0x0000000088300000|100%| O|  |TAMS 0x0000000088300000, 0x0000000088200000| Updating 
| 131|0x0000000088300000, 0x0000000088400000, 0x0000000088400000|100%| O|  |TAMS 0x0000000088400000, 0x0000000088300000| Updating 
| 132|0x0000000088400000, 0x0000000088500000, 0x0000000088500000|100%| O|  |TAMS 0x0000000088500000, 0x0000000088400000| Updating 
| 133|0x0000000088500000, 0x0000000088600000, 0x0000000088600000|100%|HS|  |TAMS 0x0000000088600000, 0x0000000088500000| Complete 
| 134|0x0000000088600000, 0x0000000088700000, 0x0000000088700000|100%| O|  |TAMS 0x0000000088700000, 0x0000000088600000| Updating 
| 135|0x0000000088700000, 0x0000000088800000, 0x0000000088800000|100%|HS|  |TAMS 0x0000000088800000, 0x0000000088700000| Complete 
| 136|0x0000000088800000, 0x0000000088900000, 0x0000000088900000|100%|HC|  |TAMS 0x0000000088900000, 0x0000000088800000| Complete 
| 137|0x0000000088900000, 0x0000000088a00000, 0x0000000088a00000|100%|HS|  |TAMS 0x0000000088a00000, 0x0000000088900000| Complete 
| 138|0x0000000088a00000, 0x0000000088b00000, 0x0000000088b00000|100%| O|  |TAMS 0x0000000088b00000, 0x0000000088a00000| Updating 
| 139|0x0000000088b00000, 0x0000000088c00000, 0x0000000088c00000|100%|HS|  |TAMS 0x0000000088c00000, 0x0000000088b00000| Complete 
| 140|0x0000000088c00000, 0x0000000088d00000, 0x0000000088d00000|100%|HC|  |TAMS 0x0000000088d00000, 0x0000000088c00000| Complete 
| 141|0x0000000088d00000, 0x0000000088e00000, 0x0000000088e00000|100%|HC|  |TAMS 0x0000000088e00000, 0x0000000088d00000| Complete 
| 142|0x0000000088e00000, 0x0000000088f00000, 0x0000000088f00000|100%|HS|  |TAMS 0x0000000088f00000, 0x0000000088e00000| Complete 
| 143|0x0000000088f00000, 0x0000000089000000, 0x0000000089000000|100%|HC|  |TAMS 0x0000000089000000, 0x0000000088f00000| Complete 
| 144|0x0000000089000000, 0x0000000089100000, 0x0000000089100000|100%|HS|  |TAMS 0x0000000089100000, 0x0000000089000000| Complete 
| 145|0x0000000089100000, 0x0000000089200000, 0x0000000089200000|100%|HS|  |TAMS 0x0000000089200000, 0x0000000089100000| Complete 
| 146|0x0000000089200000, 0x0000000089300000, 0x0000000089300000|100%| O|  |TAMS 0x0000000089300000, 0x0000000089200000| Updating 
| 147|0x0000000089300000, 0x0000000089400000, 0x0000000089400000|100%|HS|  |TAMS 0x0000000089400000, 0x0000000089300000| Complete 
| 148|0x0000000089400000, 0x0000000089500000, 0x0000000089500000|100%| O|  |TAMS 0x0000000089500000, 0x0000000089400000| Updating 
| 149|0x0000000089500000, 0x0000000089600000, 0x0000000089600000|100%| O|  |TAMS 0x0000000089600000, 0x0000000089500000| Updating 
| 150|0x0000000089600000, 0x0000000089700000, 0x0000000089700000|100%| O|  |TAMS 0x0000000089700000, 0x0000000089600000| Updating 
| 151|0x0000000089700000, 0x0000000089800000, 0x0000000089800000|100%| O|  |TAMS 0x0000000089800000, 0x0000000089700000| Updating 
| 152|0x0000000089800000, 0x0000000089900000, 0x0000000089900000|100%|HS|  |TAMS 0x0000000089900000, 0x0000000089800000| Complete 
| 153|0x0000000089900000, 0x0000000089a00000, 0x0000000089a00000|100%|HC|  |TAMS 0x0000000089a00000, 0x0000000089900000| Complete 
| 154|0x0000000089a00000, 0x0000000089b00000, 0x0000000089b00000|100%| O|  |TAMS 0x0000000089b00000, 0x0000000089a00000| Updating 
| 155|0x0000000089b00000, 0x0000000089c00000, 0x0000000089c00000|100%| O|  |TAMS 0x0000000089c00000, 0x0000000089b00000| Updating 
| 156|0x0000000089c00000, 0x0000000089d00000, 0x0000000089d00000|100%| O|  |TAMS 0x0000000089d00000, 0x0000000089c00000| Updating 
| 157|0x0000000089d00000, 0x0000000089e00000, 0x0000000089e00000|100%|HS|  |TAMS 0x0000000089e00000, 0x0000000089d00000| Complete 
| 158|0x0000000089e00000, 0x0000000089f00000, 0x0000000089f00000|100%|HC|  |TAMS 0x0000000089f00000, 0x0000000089e00000| Complete 
| 159|0x0000000089f00000, 0x000000008a000000, 0x000000008a000000|100%|HS|  |TAMS 0x000000008a000000, 0x0000000089f00000| Complete 
| 160|0x000000008a000000, 0x000000008a100000, 0x000000008a100000|100%| O|  |TAMS 0x000000008a100000, 0x000000008a000000| Updating 
| 161|0x000000008a100000, 0x000000008a200000, 0x000000008a200000|100%| O|  |TAMS 0x000000008a200000, 0x000000008a100000| Updating 
| 162|0x000000008a200000, 0x000000008a300000, 0x000000008a300000|100%|HS|  |TAMS 0x000000008a200000, 0x000000008a200000| Complete 
| 163|0x000000008a300000, 0x000000008a300000, 0x000000008a400000|  0%| F|  |TAMS 0x000000008a300000, 0x000000008a300000| Untracked 
| 164|0x000000008a400000, 0x000000008a500000, 0x000000008a500000|100%|HS|  |TAMS 0x000000008a500000, 0x000000008a400000| Complete 
| 165|0x000000008a500000, 0x000000008a600000, 0x000000008a600000|100%| O|  |TAMS 0x000000008a600000, 0x000000008a500000| Updating 
| 166|0x000000008a600000, 0x000000008a700000, 0x000000008a700000|100%|HS|  |TAMS 0x000000008a700000, 0x000000008a600000| Complete 
| 167|0x000000008a700000, 0x000000008a800000, 0x000000008a800000|100%| O|  |TAMS 0x000000008a800000, 0x000000008a700000| Updating 
| 168|0x000000008a800000, 0x000000008a900000, 0x000000008a900000|100%|HS|  |TAMS 0x000000008a900000, 0x000000008a800000| Complete 
| 169|0x000000008a900000, 0x000000008aa00000, 0x000000008aa00000|100%| O|  |TAMS 0x000000008aa00000, 0x000000008a900000| Updating 
| 170|0x000000008aa00000, 0x000000008ab00000, 0x000000008ab00000|100%|HS|  |TAMS 0x000000008ab00000, 0x000000008aa00000| Complete 
| 171|0x000000008ab00000, 0x000000008ac00000, 0x000000008ac00000|100%|HS|  |TAMS 0x000000008ac00000, 0x000000008ab00000| Complete 
| 172|0x000000008ac00000, 0x000000008ad00000, 0x000000008ad00000|100%|HS|  |TAMS 0x000000008ad00000, 0x000000008ac00000| Complete 
| 173|0x000000008ad00000, 0x000000008ae00000, 0x000000008ae00000|100%| O|  |TAMS 0x000000008ae00000, 0x000000008ad00000| Updating 
| 174|0x000000008ae00000, 0x000000008af00000, 0x000000008af00000|100%| O|  |TAMS 0x000000008af00000, 0x000000008ae00000| Updating 
| 175|0x000000008af00000, 0x000000008b000000, 0x000000008b000000|100%| O|  |TAMS 0x000000008b000000, 0x000000008af00000| Updating 
| 176|0x000000008b000000, 0x000000008b100000, 0x000000008b100000|100%| O|  |TAMS 0x000000008b100000, 0x000000008b000000| Updating 
| 177|0x000000008b100000, 0x000000008b200000, 0x000000008b200000|100%| O|  |TAMS 0x000000008b200000, 0x000000008b100000| Updating 
| 178|0x000000008b200000, 0x000000008b300000, 0x000000008b300000|100%| O|  |TAMS 0x000000008b300000, 0x000000008b200000| Updating 
| 179|0x000000008b300000, 0x000000008b400000, 0x000000008b400000|100%| O|  |TAMS 0x000000008b400000, 0x000000008b300000| Updating 
| 180|0x000000008b400000, 0x000000008b500000, 0x000000008b500000|100%| O|  |TAMS 0x000000008b500000, 0x000000008b400000| Updating 
| 181|0x000000008b500000, 0x000000008b600000, 0x000000008b600000|100%| O|  |TAMS 0x000000008b600000, 0x000000008b500000| Updating 
| 182|0x000000008b600000, 0x000000008b700000, 0x000000008b700000|100%| O|  |TAMS 0x000000008b700000, 0x000000008b600000| Updating 
| 183|0x000000008b700000, 0x000000008b800000, 0x000000008b800000|100%| O|  |TAMS 0x000000008b800000, 0x000000008b700000| Updating 
| 184|0x000000008b800000, 0x000000008b900000, 0x000000008b900000|100%| O|  |TAMS 0x000000008b900000, 0x000000008b800000| Updating 
| 185|0x000000008b900000, 0x000000008ba00000, 0x000000008ba00000|100%| O|  |TAMS 0x000000008ba00000, 0x000000008b900000| Updating 
| 186|0x000000008ba00000, 0x000000008bb00000, 0x000000008bb00000|100%| O|  |TAMS 0x000000008bb00000, 0x000000008ba00000| Updating 
| 187|0x000000008bb00000, 0x000000008bc00000, 0x000000008bc00000|100%| O|  |TAMS 0x000000008bc00000, 0x000000008bb00000| Updating 
| 188|0x000000008bc00000, 0x000000008bd00000, 0x000000008bd00000|100%| O|  |TAMS 0x000000008bd00000, 0x000000008bc00000| Updating 
| 189|0x000000008bd00000, 0x000000008be00000, 0x000000008be00000|100%| O|  |TAMS 0x000000008be00000, 0x000000008bd00000| Updating 
| 190|0x000000008be00000, 0x000000008bf00000, 0x000000008bf00000|100%| O|  |TAMS 0x000000008bf00000, 0x000000008be00000| Updating 
| 191|0x000000008bf00000, 0x000000008c000000, 0x000000008c000000|100%| O|  |TAMS 0x000000008c000000, 0x000000008bf00000| Updating 
| 192|0x000000008c000000, 0x000000008c100000, 0x000000008c100000|100%| O|  |TAMS 0x000000008c100000, 0x000000008c000000| Updating 
| 193|0x000000008c100000, 0x000000008c200000, 0x000000008c200000|100%| O|  |TAMS 0x000000008c200000, 0x000000008c100000| Updating 
| 194|0x000000008c200000, 0x000000008c300000, 0x000000008c300000|100%| O|  |TAMS 0x000000008c300000, 0x000000008c200000| Updating 
| 195|0x000000008c300000, 0x000000008c400000, 0x000000008c400000|100%| O|  |TAMS 0x000000008c400000, 0x000000008c300000| Updating 
| 196|0x000000008c400000, 0x000000008c500000, 0x000000008c500000|100%| O|  |TAMS 0x000000008c500000, 0x000000008c400000| Updating 
| 197|0x000000008c500000, 0x000000008c600000, 0x000000008c600000|100%| O|  |TAMS 0x000000008c600000, 0x000000008c500000| Updating 
| 198|0x000000008c600000, 0x000000008c700000, 0x000000008c700000|100%| O|  |TAMS 0x000000008c700000, 0x000000008c600000| Updating 
| 199|0x000000008c700000, 0x000000008c800000, 0x000000008c800000|100%|HS|  |TAMS 0x000000008c700000, 0x000000008c700000| Complete 
| 200|0x000000008c800000, 0x000000008c900000, 0x000000008c900000|100%|HC|  |TAMS 0x000000008c800000, 0x000000008c800000| Complete 
| 201|0x000000008c900000, 0x000000008ca00000, 0x000000008ca00000|100%|HS|  |TAMS 0x000000008c900000, 0x000000008c900000| Complete 
| 202|0x000000008ca00000, 0x000000008cb00000, 0x000000008cb00000|100%| O|  |TAMS 0x000000008cb00000, 0x000000008ca00000| Updating 
| 203|0x000000008cb00000, 0x000000008cc00000, 0x000000008cc00000|100%| O|  |TAMS 0x000000008cc00000, 0x000000008cb00000| Updating 
| 204|0x000000008cc00000, 0x000000008cd00000, 0x000000008cd00000|100%| O|  |TAMS 0x000000008cd00000, 0x000000008cc00000| Updating 
| 205|0x000000008cd00000, 0x000000008ce00000, 0x000000008ce00000|100%| O|  |TAMS 0x000000008ce00000, 0x000000008cd00000| Updating 
| 206|0x000000008ce00000, 0x000000008cf00000, 0x000000008cf00000|100%| O|  |TAMS 0x000000008cf00000, 0x000000008ce00000| Updating 
| 207|0x000000008cf00000, 0x000000008d000000, 0x000000008d000000|100%| O|  |TAMS 0x000000008d000000, 0x000000008cf00000| Updating 
| 208|0x000000008d000000, 0x000000008d100000, 0x000000008d100000|100%| O|  |TAMS 0x000000008d100000, 0x000000008d000000| Updating 
| 209|0x000000008d100000, 0x000000008d200000, 0x000000008d200000|100%|HS|  |TAMS 0x000000008d100000, 0x000000008d100000| Complete 
| 210|0x000000008d200000, 0x000000008d300000, 0x000000008d300000|100%|HS|  |TAMS 0x000000008d300000, 0x000000008d200000| Complete 
| 211|0x000000008d300000, 0x000000008d400000, 0x000000008d400000|100%| O|  |TAMS 0x000000008d400000, 0x000000008d300000| Updating 
| 212|0x000000008d400000, 0x000000008d500000, 0x000000008d500000|100%| O|  |TAMS 0x000000008d500000, 0x000000008d400000| Updating 
| 213|0x000000008d500000, 0x000000008d600000, 0x000000008d600000|100%| O|  |TAMS 0x000000008d600000, 0x000000008d500000| Updating 
| 214|0x000000008d600000, 0x000000008d700000, 0x000000008d700000|100%| O|  |TAMS 0x000000008d700000, 0x000000008d600000| Updating 
| 215|0x000000008d700000, 0x000000008d800000, 0x000000008d800000|100%| O|  |TAMS 0x000000008d800000, 0x000000008d700000| Updating 
| 216|0x000000008d800000, 0x000000008d900000, 0x000000008d900000|100%| O|  |TAMS 0x000000008d900000, 0x000000008d800000| Updating 
| 217|0x000000008d900000, 0x000000008da00000, 0x000000008da00000|100%| O|  |TAMS 0x000000008da00000, 0x000000008d900000| Updating 
| 218|0x000000008da00000, 0x000000008db00000, 0x000000008db00000|100%| O|  |TAMS 0x000000008db00000, 0x000000008da00000| Updating 
| 219|0x000000008db00000, 0x000000008dc00000, 0x000000008dc00000|100%| O|  |TAMS 0x000000008dc00000, 0x000000008db00000| Updating 
| 220|0x000000008dc00000, 0x000000008dd00000, 0x000000008dd00000|100%| O|  |TAMS 0x000000008dd00000, 0x000000008dc00000| Updating 
| 221|0x000000008dd00000, 0x000000008de00000, 0x000000008de00000|100%| O|  |TAMS 0x000000008de00000, 0x000000008dd00000| Updating 
| 222|0x000000008de00000, 0x000000008df00000, 0x000000008df00000|100%| O|  |TAMS 0x000000008df00000, 0x000000008de00000| Updating 
| 223|0x000000008df00000, 0x000000008e000000, 0x000000008e000000|100%|HS|  |TAMS 0x000000008e000000, 0x000000008df00000| Complete 
| 224|0x000000008e000000, 0x000000008e100000, 0x000000008e100000|100%|HC|  |TAMS 0x000000008e100000, 0x000000008e000000| Complete 
| 225|0x000000008e100000, 0x000000008e200000, 0x000000008e200000|100%| O|  |TAMS 0x000000008e200000, 0x000000008e100000| Updating 
| 226|0x000000008e200000, 0x000000008e300000, 0x000000008e300000|100%| O|  |TAMS 0x000000008e300000, 0x000000008e200000| Updating 
| 227|0x000000008e300000, 0x000000008e400000, 0x000000008e400000|100%| O|  |TAMS 0x000000008e400000, 0x000000008e300000| Updating 
| 228|0x000000008e400000, 0x000000008e500000, 0x000000008e500000|100%| O|  |TAMS 0x000000008e500000, 0x000000008e400000| Updating 
| 229|0x000000008e500000, 0x000000008e600000, 0x000000008e600000|100%| O|  |TAMS 0x000000008e600000, 0x000000008e500000| Updating 
| 230|0x000000008e600000, 0x000000008e700000, 0x000000008e700000|100%| O|  |TAMS 0x000000008e700000, 0x000000008e600000| Updating 
| 231|0x000000008e700000, 0x000000008e800000, 0x000000008e800000|100%|HS|  |TAMS 0x000000008e700000, 0x000000008e700000| Complete 
| 232|0x000000008e800000, 0x000000008e900000, 0x000000008e900000|100%|HS|  |TAMS 0x000000008e800000, 0x000000008e800000| Complete 
| 233|0x000000008e900000, 0x000000008ea00000, 0x000000008ea00000|100%|HS|  |TAMS 0x000000008e900000, 0x000000008e900000| Complete 
| 234|0x000000008ea00000, 0x000000008eb00000, 0x000000008eb00000|100%| O|  |TAMS 0x000000008eb00000, 0x000000008ea00000| Updating 
| 235|0x000000008eb00000, 0x000000008ec00000, 0x000000008ec00000|100%| O|  |TAMS 0x000000008ec00000, 0x000000008eb00000| Updating 
| 236|0x000000008ec00000, 0x000000008ed00000, 0x000000008ed00000|100%| O|  |TAMS 0x000000008ed00000, 0x000000008ec00000| Updating 
| 237|0x000000008ed00000, 0x000000008ee00000, 0x000000008ee00000|100%| O|  |TAMS 0x000000008ee00000, 0x000000008ed00000| Updating 
| 238|0x000000008ee00000, 0x000000008ef00000, 0x000000008ef00000|100%| O|  |TAMS 0x000000008ef00000, 0x000000008ee00000| Updating 
| 239|0x000000008ef00000, 0x000000008f000000, 0x000000008f000000|100%|HS|  |TAMS 0x000000008f000000, 0x000000008ef00000| Complete 
| 240|0x000000008f000000, 0x000000008f100000, 0x000000008f100000|100%|HC|  |TAMS 0x000000008f100000, 0x000000008f000000| Complete 
| 241|0x000000008f100000, 0x000000008f200000, 0x000000008f200000|100%|HS|  |TAMS 0x000000008f200000, 0x000000008f100000| Complete 
| 242|0x000000008f200000, 0x000000008f300000, 0x000000008f300000|100%|HC|  |TAMS 0x000000008f300000, 0x000000008f200000| Complete 
| 243|0x000000008f300000, 0x000000008f400000, 0x000000008f400000|100%|HS|  |TAMS 0x000000008f400000, 0x000000008f300000| Complete 
| 244|0x000000008f400000, 0x000000008f500000, 0x000000008f500000|100%|HC|  |TAMS 0x000000008f500000, 0x000000008f400000| Complete 
| 245|0x000000008f500000, 0x000000008f600000, 0x000000008f600000|100%|HS|  |TAMS 0x000000008f500000, 0x000000008f500000| Complete 
| 246|0x000000008f600000, 0x000000008f700000, 0x000000008f700000|100%|HC|  |TAMS 0x000000008f600000, 0x000000008f600000| Complete 
| 247|0x000000008f700000, 0x000000008f800000, 0x000000008f800000|100%| O|  |TAMS 0x000000008f800000, 0x000000008f700000| Updating 
| 248|0x000000008f800000, 0x000000008f900000, 0x000000008f900000|100%| O|  |TAMS 0x000000008f900000, 0x000000008f800000| Updating 
| 249|0x000000008f900000, 0x000000008fa00000, 0x000000008fa00000|100%| O|  |TAMS 0x000000008fa00000, 0x000000008f900000| Updating 
| 250|0x000000008fa00000, 0x000000008fb00000, 0x000000008fb00000|100%| O|  |TAMS 0x000000008fb00000, 0x000000008fa00000| Updating 
| 251|0x000000008fb00000, 0x000000008fc00000, 0x000000008fc00000|100%| O|  |TAMS 0x000000008fc00000, 0x000000008fb00000| Updating 
| 252|0x000000008fc00000, 0x000000008fd00000, 0x000000008fd00000|100%| O|  |TAMS 0x000000008fd00000, 0x000000008fc00000| Updating 
| 253|0x000000008fd00000, 0x000000008fe00000, 0x000000008fe00000|100%| O|  |TAMS 0x000000008fe00000, 0x000000008fd00000| Updating 
| 254|0x000000008fe00000, 0x000000008ff00000, 0x000000008ff00000|100%| O|  |TAMS 0x000000008ff00000, 0x000000008fe00000| Updating 
| 255|0x000000008ff00000, 0x0000000090000000, 0x0000000090000000|100%| O|  |TAMS 0x0000000090000000, 0x000000008ff00000| Updating 
| 256|0x0000000090000000, 0x0000000090100000, 0x0000000090100000|100%| O|  |TAMS 0x0000000090100000, 0x0000000090000000| Updating 
| 257|0x0000000090100000, 0x0000000090200000, 0x0000000090200000|100%| O|  |TAMS 0x0000000090200000, 0x0000000090100000| Updating 
| 258|0x0000000090200000, 0x0000000090300000, 0x0000000090300000|100%| O|  |TAMS 0x0000000090300000, 0x0000000090200000| Updating 
| 259|0x0000000090300000, 0x0000000090400000, 0x0000000090400000|100%| O|  |TAMS 0x0000000090400000, 0x0000000090300000| Updating 
| 260|0x0000000090400000, 0x0000000090500000, 0x0000000090500000|100%|HS|  |TAMS 0x0000000090400000, 0x0000000090400000| Complete 
| 261|0x0000000090500000, 0x0000000090600000, 0x0000000090600000|100%|HC|  |TAMS 0x0000000090500000, 0x0000000090500000| Complete 
| 262|0x0000000090600000, 0x0000000090700000, 0x0000000090700000|100%| O|  |TAMS 0x0000000090700000, 0x0000000090600000| Updating 
| 263|0x0000000090700000, 0x0000000090800000, 0x0000000090800000|100%| O|  |TAMS 0x0000000090800000, 0x0000000090700000| Updating 
| 264|0x0000000090800000, 0x0000000090900000, 0x0000000090900000|100%| O|  |TAMS 0x0000000090900000, 0x0000000090800000| Updating 
| 265|0x0000000090900000, 0x0000000090a00000, 0x0000000090a00000|100%| O|  |TAMS 0x0000000090a00000, 0x0000000090900000| Updating 
| 266|0x0000000090a00000, 0x0000000090b00000, 0x0000000090b00000|100%| O|  |TAMS 0x0000000090b00000, 0x0000000090a00000| Updating 
| 267|0x0000000090b00000, 0x0000000090c00000, 0x0000000090c00000|100%| O|  |TAMS 0x0000000090c00000, 0x0000000090b00000| Updating 
| 268|0x0000000090c00000, 0x0000000090d00000, 0x0000000090d00000|100%| O|  |TAMS 0x0000000090d00000, 0x0000000090c00000| Updating 
| 269|0x0000000090d00000, 0x0000000090e00000, 0x0000000090e00000|100%| O|  |TAMS 0x0000000090e00000, 0x0000000090d00000| Updating 
| 270|0x0000000090e00000, 0x0000000090f00000, 0x0000000090f00000|100%| O|  |TAMS 0x0000000090f00000, 0x0000000090e00000| Updating 
| 271|0x0000000090f00000, 0x0000000091000000, 0x0000000091000000|100%| O|  |TAMS 0x0000000091000000, 0x0000000090f00000| Updating 
| 272|0x0000000091000000, 0x0000000091100000, 0x0000000091100000|100%| O|  |TAMS 0x0000000091100000, 0x0000000091000000| Updating 
| 273|0x0000000091100000, 0x0000000091200000, 0x0000000091200000|100%| O|  |TAMS 0x0000000091200000, 0x0000000091100000| Updating 
| 274|0x0000000091200000, 0x0000000091300000, 0x0000000091300000|100%| O|  |TAMS 0x0000000091300000, 0x0000000091200000| Updating 
| 275|0x0000000091300000, 0x0000000091400000, 0x0000000091400000|100%| O|  |TAMS 0x0000000091400000, 0x0000000091300000| Updating 
| 276|0x0000000091400000, 0x0000000091500000, 0x0000000091500000|100%| O|  |TAMS 0x0000000091500000, 0x0000000091400000| Updating 
| 277|0x0000000091500000, 0x0000000091600000, 0x0000000091600000|100%| O|  |TAMS 0x0000000091600000, 0x0000000091500000| Updating 
| 278|0x0000000091600000, 0x0000000091700000, 0x0000000091700000|100%| O|  |TAMS 0x0000000091700000, 0x0000000091600000| Updating 
| 279|0x0000000091700000, 0x0000000091800000, 0x0000000091800000|100%| O|  |TAMS 0x0000000091800000, 0x0000000091700000| Updating 
| 280|0x0000000091800000, 0x0000000091900000, 0x0000000091900000|100%| O|  |TAMS 0x0000000091900000, 0x0000000091800000| Updating 
| 281|0x0000000091900000, 0x0000000091a00000, 0x0000000091a00000|100%| O|  |TAMS 0x0000000091a00000, 0x0000000091900000| Updating 
| 282|0x0000000091a00000, 0x0000000091b00000, 0x0000000091b00000|100%| O|  |TAMS 0x0000000091b00000, 0x0000000091a00000| Updating 
| 283|0x0000000091b00000, 0x0000000091c00000, 0x0000000091c00000|100%|HS|  |TAMS 0x0000000091b00000, 0x0000000091b00000| Complete 
| 284|0x0000000091c00000, 0x0000000091d00000, 0x0000000091d00000|100%|HS|  |TAMS 0x0000000091c00000, 0x0000000091c00000| Complete 
| 285|0x0000000091d00000, 0x0000000091e00000, 0x0000000091e00000|100%|HC|  |TAMS 0x0000000091d00000, 0x0000000091d00000| Complete 
| 286|0x0000000091e00000, 0x0000000091f00000, 0x0000000091f00000|100%| O|  |TAMS 0x0000000091e00000, 0x0000000091e00000| Untracked 
| 287|0x0000000091f00000, 0x0000000092000000, 0x0000000092000000|100%| O|  |TAMS 0x0000000091f00000, 0x0000000091f00000| Untracked 
| 288|0x0000000092000000, 0x0000000092100000, 0x0000000092100000|100%| O|  |TAMS 0x0000000092000000, 0x0000000092000000| Untracked 
| 289|0x0000000092100000, 0x0000000092200000, 0x0000000092200000|100%| O|  |TAMS 0x0000000092100000, 0x0000000092100000| Untracked 
| 290|0x0000000092200000, 0x0000000092300000, 0x0000000092300000|100%| O|  |TAMS 0x0000000092200000, 0x0000000092200000| Untracked 
| 291|0x0000000092300000, 0x0000000092400000, 0x0000000092400000|100%| O|  |TAMS 0x0000000092300000, 0x0000000092300000| Untracked 
| 292|0x0000000092400000, 0x0000000092500000, 0x0000000092500000|100%| O|  |TAMS 0x0000000092400000, 0x0000000092400000| Untracked 
| 293|0x0000000092500000, 0x0000000092600000, 0x0000000092600000|100%| O|  |TAMS 0x0000000092500000, 0x0000000092500000| Untracked 
| 294|0x0000000092600000, 0x0000000092700000, 0x0000000092700000|100%| O|  |TAMS 0x0000000092600000, 0x0000000092600000| Untracked 
| 295|0x0000000092700000, 0x0000000092800000, 0x0000000092800000|100%| O|  |TAMS 0x0000000092700000, 0x0000000092700000| Untracked 
| 296|0x0000000092800000, 0x0000000092900000, 0x0000000092900000|100%| O|  |TAMS 0x0000000092800000, 0x0000000092800000| Untracked 
| 297|0x0000000092900000, 0x0000000092a00000, 0x0000000092a00000|100%| O|  |TAMS 0x0000000092900000, 0x0000000092900000| Untracked 
| 298|0x0000000092a00000, 0x0000000092a58a00, 0x0000000092b00000| 34%| O|  |TAMS 0x0000000092a00000, 0x0000000092a00000| Untracked 
| 299|0x0000000092b00000, 0x0000000092b00000, 0x0000000092c00000|  0%| F|  |TAMS 0x0000000092b00000, 0x0000000092b00000| Untracked 
| 300|0x0000000092c00000, 0x0000000092c00000, 0x0000000092d00000|  0%| F|  |TAMS 0x0000000092c00000, 0x0000000092c00000| Untracked 
| 301|0x0000000092d00000, 0x0000000092d00000, 0x0000000092e00000|  0%| F|  |TAMS 0x0000000092d00000, 0x0000000092d00000| Untracked 
| 302|0x0000000092e00000, 0x0000000092e00000, 0x0000000092f00000|  0%| F|  |TAMS 0x0000000092e00000, 0x0000000092e00000| Untracked 
| 303|0x0000000092f00000, 0x0000000092f00000, 0x0000000093000000|  0%| F|  |TAMS 0x0000000092f00000, 0x0000000092f00000| Untracked 
| 304|0x0000000093000000, 0x0000000093000000, 0x0000000093100000|  0%| F|  |TAMS 0x0000000093000000, 0x0000000093000000| Untracked 
| 305|0x0000000093100000, 0x0000000093100000, 0x0000000093200000|  0%| F|  |TAMS 0x0000000093100000, 0x0000000093100000| Untracked 
| 306|0x0000000093200000, 0x0000000093200000, 0x0000000093300000|  0%| F|  |TAMS 0x0000000093200000, 0x0000000093200000| Untracked 
| 307|0x0000000093300000, 0x0000000093300000, 0x0000000093400000|  0%| F|  |TAMS 0x0000000093300000, 0x0000000093300000| Untracked 
| 308|0x0000000093400000, 0x0000000093400000, 0x0000000093500000|  0%| F|  |TAMS 0x0000000093400000, 0x0000000093400000| Untracked 
| 309|0x0000000093500000, 0x0000000093500000, 0x0000000093600000|  0%| F|  |TAMS 0x0000000093500000, 0x0000000093500000| Untracked 
| 310|0x0000000093600000, 0x0000000093600000, 0x0000000093700000|  0%| F|  |TAMS 0x0000000093600000, 0x0000000093600000| Untracked 
| 311|0x0000000093700000, 0x0000000093700000, 0x0000000093800000|  0%| F|  |TAMS 0x0000000093700000, 0x0000000093700000| Untracked 
| 312|0x0000000093800000, 0x0000000093800000, 0x0000000093900000|  0%| F|  |TAMS 0x0000000093800000, 0x0000000093800000| Untracked 
| 313|0x0000000093900000, 0x0000000093900000, 0x0000000093a00000|  0%| F|  |TAMS 0x0000000093900000, 0x0000000093900000| Untracked 
| 314|0x0000000093a00000, 0x0000000093a00000, 0x0000000093b00000|  0%| F|  |TAMS 0x0000000093a00000, 0x0000000093a00000| Untracked 
| 315|0x0000000093b00000, 0x0000000093b00000, 0x0000000093c00000|  0%| F|  |TAMS 0x0000000093b00000, 0x0000000093b00000| Untracked 
| 316|0x0000000093c00000, 0x0000000093c00000, 0x0000000093d00000|  0%| F|  |TAMS 0x0000000093c00000, 0x0000000093c00000| Untracked 
| 317|0x0000000093d00000, 0x0000000093d00000, 0x0000000093e00000|  0%| F|  |TAMS 0x0000000093d00000, 0x0000000093d00000| Untracked 
| 318|0x0000000093e00000, 0x0000000093e00000, 0x0000000093f00000|  0%| F|  |TAMS 0x0000000093e00000, 0x0000000093e00000| Untracked 
| 319|0x0000000093f00000, 0x0000000093f00000, 0x0000000094000000|  0%| F|  |TAMS 0x0000000093f00000, 0x0000000093f00000| Untracked 
| 320|0x0000000094000000, 0x0000000094000000, 0x0000000094100000|  0%| F|  |TAMS 0x0000000094000000, 0x0000000094000000| Untracked 
| 321|0x0000000094100000, 0x0000000094100000, 0x0000000094200000|  0%| F|  |TAMS 0x0000000094100000, 0x0000000094100000| Untracked 
| 322|0x0000000094200000, 0x0000000094200000, 0x0000000094300000|  0%| F|  |TAMS 0x0000000094200000, 0x0000000094200000| Untracked 
| 323|0x0000000094300000, 0x0000000094300000, 0x0000000094400000|  0%| F|  |TAMS 0x0000000094300000, 0x0000000094300000| Untracked 
| 324|0x0000000094400000, 0x0000000094400000, 0x0000000094500000|  0%| F|  |TAMS 0x0000000094400000, 0x0000000094400000| Untracked 
| 325|0x0000000094500000, 0x0000000094500000, 0x0000000094600000|  0%| F|  |TAMS 0x0000000094500000, 0x0000000094500000| Untracked 
| 326|0x0000000094600000, 0x0000000094600000, 0x0000000094700000|  0%| F|  |TAMS 0x0000000094600000, 0x0000000094600000| Untracked 
| 327|0x0000000094700000, 0x0000000094700000, 0x0000000094800000|  0%| F|  |TAMS 0x0000000094700000, 0x0000000094700000| Untracked 
| 328|0x0000000094800000, 0x0000000094800000, 0x0000000094900000|  0%| F|  |TAMS 0x0000000094800000, 0x0000000094800000| Untracked 
| 329|0x0000000094900000, 0x0000000094900000, 0x0000000094a00000|  0%| F|  |TAMS 0x0000000094900000, 0x0000000094900000| Untracked 
| 330|0x0000000094a00000, 0x0000000094a00000, 0x0000000094b00000|  0%| F|  |TAMS 0x0000000094a00000, 0x0000000094a00000| Untracked 
| 331|0x0000000094b00000, 0x0000000094b00000, 0x0000000094c00000|  0%| F|  |TAMS 0x0000000094b00000, 0x0000000094b00000| Untracked 
| 332|0x0000000094c00000, 0x0000000094c00000, 0x0000000094d00000|  0%| F|  |TAMS 0x0000000094c00000, 0x0000000094c00000| Untracked 
| 333|0x0000000094d00000, 0x0000000094d00000, 0x0000000094e00000|  0%| F|  |TAMS 0x0000000094d00000, 0x0000000094d00000| Untracked 
| 334|0x0000000094e00000, 0x0000000094e00000, 0x0000000094f00000|  0%| F|  |TAMS 0x0000000094e00000, 0x0000000094e00000| Untracked 
| 335|0x0000000094f00000, 0x0000000094f00000, 0x0000000095000000|  0%| F|  |TAMS 0x0000000094f00000, 0x0000000094f00000| Untracked 
| 336|0x0000000095000000, 0x0000000095000000, 0x0000000095100000|  0%| F|  |TAMS 0x0000000095000000, 0x0000000095000000| Untracked 
| 337|0x0000000095100000, 0x0000000095100000, 0x0000000095200000|  0%| F|  |TAMS 0x0000000095100000, 0x0000000095100000| Untracked 
| 338|0x0000000095200000, 0x0000000095200000, 0x0000000095300000|  0%| F|  |TAMS 0x0000000095200000, 0x0000000095200000| Untracked 
| 339|0x0000000095300000, 0x0000000095300000, 0x0000000095400000|  0%| F|  |TAMS 0x0000000095300000, 0x0000000095300000| Untracked 
| 340|0x0000000095400000, 0x0000000095400000, 0x0000000095500000|  0%| F|  |TAMS 0x0000000095400000, 0x0000000095400000| Untracked 
| 341|0x0000000095500000, 0x0000000095500000, 0x0000000095600000|  0%| F|  |TAMS 0x0000000095500000, 0x0000000095500000| Untracked 
| 342|0x0000000095600000, 0x0000000095600000, 0x0000000095700000|  0%| F|  |TAMS 0x0000000095600000, 0x0000000095600000| Untracked 
| 343|0x0000000095700000, 0x0000000095700000, 0x0000000095800000|  0%| F|  |TAMS 0x0000000095700000, 0x0000000095700000| Untracked 
| 344|0x0000000095800000, 0x0000000095800000, 0x0000000095900000|  0%| F|  |TAMS 0x0000000095800000, 0x0000000095800000| Untracked 
| 345|0x0000000095900000, 0x0000000095900000, 0x0000000095a00000|  0%| F|  |TAMS 0x0000000095900000, 0x0000000095900000| Untracked 
| 346|0x0000000095a00000, 0x0000000095a00000, 0x0000000095b00000|  0%| F|  |TAMS 0x0000000095a00000, 0x0000000095a00000| Untracked 
| 347|0x0000000095b00000, 0x0000000095b00000, 0x0000000095c00000|  0%| F|  |TAMS 0x0000000095b00000, 0x0000000095b00000| Untracked 
| 348|0x0000000095c00000, 0x0000000095c00000, 0x0000000095d00000|  0%| F|  |TAMS 0x0000000095c00000, 0x0000000095c00000| Untracked 
| 349|0x0000000095d00000, 0x0000000095d00000, 0x0000000095e00000|  0%| F|  |TAMS 0x0000000095d00000, 0x0000000095d00000| Untracked 
| 350|0x0000000095e00000, 0x0000000095e00000, 0x0000000095f00000|  0%| F|  |TAMS 0x0000000095e00000, 0x0000000095e00000| Untracked 
| 351|0x0000000095f00000, 0x0000000095f00000, 0x0000000096000000|  0%| F|  |TAMS 0x0000000095f00000, 0x0000000095f00000| Untracked 
| 352|0x0000000096000000, 0x0000000096000000, 0x0000000096100000|  0%| F|  |TAMS 0x0000000096000000, 0x0000000096000000| Untracked 
| 353|0x0000000096100000, 0x0000000096100000, 0x0000000096200000|  0%| F|  |TAMS 0x0000000096100000, 0x0000000096100000| Untracked 
| 354|0x0000000096200000, 0x0000000096200000, 0x0000000096300000|  0%| F|  |TAMS 0x0000000096200000, 0x0000000096200000| Untracked 
| 355|0x0000000096300000, 0x0000000096300000, 0x0000000096400000|  0%| F|  |TAMS 0x0000000096300000, 0x0000000096300000| Untracked 
| 356|0x0000000096400000, 0x0000000096400000, 0x0000000096500000|  0%| F|  |TAMS 0x0000000096400000, 0x0000000096400000| Untracked 
| 357|0x0000000096500000, 0x0000000096500000, 0x0000000096600000|  0%| F|  |TAMS 0x0000000096500000, 0x0000000096500000| Untracked 
| 358|0x0000000096600000, 0x0000000096600000, 0x0000000096700000|  0%| F|  |TAMS 0x0000000096600000, 0x0000000096600000| Untracked 
| 359|0x0000000096700000, 0x0000000096700000, 0x0000000096800000|  0%| F|  |TAMS 0x0000000096700000, 0x0000000096700000| Untracked 
| 360|0x0000000096800000, 0x0000000096800000, 0x0000000096900000|  0%| F|  |TAMS 0x0000000096800000, 0x0000000096800000| Untracked 
| 361|0x0000000096900000, 0x0000000096900000, 0x0000000096a00000|  0%| F|  |TAMS 0x0000000096900000, 0x0000000096900000| Untracked 
| 362|0x0000000096a00000, 0x0000000096a00000, 0x0000000096b00000|  0%| F|  |TAMS 0x0000000096a00000, 0x0000000096a00000| Untracked 
| 363|0x0000000096b00000, 0x0000000096b00000, 0x0000000096c00000|  0%| F|  |TAMS 0x0000000096b00000, 0x0000000096b00000| Untracked 
| 364|0x0000000096c00000, 0x0000000096c00000, 0x0000000096d00000|  0%| F|  |TAMS 0x0000000096c00000, 0x0000000096c00000| Untracked 
| 365|0x0000000096d00000, 0x0000000096d00000, 0x0000000096e00000|  0%| F|  |TAMS 0x0000000096d00000, 0x0000000096d00000| Untracked 
| 366|0x0000000096e00000, 0x0000000096e00000, 0x0000000096f00000|  0%| F|  |TAMS 0x0000000096e00000, 0x0000000096e00000| Untracked 
| 367|0x0000000096f00000, 0x0000000096f00000, 0x0000000097000000|  0%| F|  |TAMS 0x0000000096f00000, 0x0000000096f00000| Untracked 
| 368|0x0000000097000000, 0x0000000097000000, 0x0000000097100000|  0%| F|  |TAMS 0x0000000097000000, 0x0000000097000000| Untracked 
| 369|0x0000000097100000, 0x0000000097100000, 0x0000000097200000|  0%| F|  |TAMS 0x0000000097100000, 0x0000000097100000| Untracked 
| 370|0x0000000097200000, 0x0000000097200000, 0x0000000097300000|  0%| F|  |TAMS 0x0000000097200000, 0x0000000097200000| Untracked 
| 371|0x0000000097300000, 0x0000000097300000, 0x0000000097400000|  0%| F|  |TAMS 0x0000000097300000, 0x0000000097300000| Untracked 
| 372|0x0000000097400000, 0x0000000097400000, 0x0000000097500000|  0%| F|  |TAMS 0x0000000097400000, 0x0000000097400000| Untracked 
| 373|0x0000000097500000, 0x0000000097500000, 0x0000000097600000|  0%| F|  |TAMS 0x0000000097500000, 0x0000000097500000| Untracked 
| 374|0x0000000097600000, 0x0000000097600000, 0x0000000097700000|  0%| F|  |TAMS 0x0000000097600000, 0x0000000097600000| Untracked 
| 375|0x0000000097700000, 0x0000000097700000, 0x0000000097800000|  0%| F|  |TAMS 0x0000000097700000, 0x0000000097700000| Untracked 
| 376|0x0000000097800000, 0x0000000097800000, 0x0000000097900000|  0%| F|  |TAMS 0x0000000097800000, 0x0000000097800000| Untracked 
| 377|0x0000000097900000, 0x0000000097900000, 0x0000000097a00000|  0%| F|  |TAMS 0x0000000097900000, 0x0000000097900000| Untracked 
| 378|0x0000000097a00000, 0x0000000097a00000, 0x0000000097b00000|  0%| F|  |TAMS 0x0000000097a00000, 0x0000000097a00000| Untracked 
| 379|0x0000000097b00000, 0x0000000097b00000, 0x0000000097c00000|  0%| F|  |TAMS 0x0000000097b00000, 0x0000000097b00000| Untracked 
| 380|0x0000000097c00000, 0x0000000097c00000, 0x0000000097d00000|  0%| F|  |TAMS 0x0000000097c00000, 0x0000000097c00000| Untracked 
| 381|0x0000000097d00000, 0x0000000097d00000, 0x0000000097e00000|  0%| F|  |TAMS 0x0000000097d00000, 0x0000000097d00000| Untracked 
| 382|0x0000000097e00000, 0x0000000097e00000, 0x0000000097f00000|  0%| F|  |TAMS 0x0000000097e00000, 0x0000000097e00000| Untracked 
| 383|0x0000000097f00000, 0x0000000097f00000, 0x0000000098000000|  0%| F|  |TAMS 0x0000000097f00000, 0x0000000097f00000| Untracked 
| 384|0x0000000098000000, 0x0000000098000000, 0x0000000098100000|  0%| F|  |TAMS 0x0000000098000000, 0x0000000098000000| Untracked 
| 385|0x0000000098100000, 0x0000000098100000, 0x0000000098200000|  0%| F|  |TAMS 0x0000000098100000, 0x0000000098100000| Untracked 
| 386|0x0000000098200000, 0x0000000098200000, 0x0000000098300000|  0%| F|  |TAMS 0x0000000098200000, 0x0000000098200000| Untracked 
| 387|0x0000000098300000, 0x0000000098300000, 0x0000000098400000|  0%| F|  |TAMS 0x0000000098300000, 0x0000000098300000| Untracked 
| 388|0x0000000098400000, 0x0000000098400000, 0x0000000098500000|  0%| F|  |TAMS 0x0000000098400000, 0x0000000098400000| Untracked 
| 389|0x0000000098500000, 0x0000000098500000, 0x0000000098600000|  0%| F|  |TAMS 0x0000000098500000, 0x0000000098500000| Untracked 
| 390|0x0000000098600000, 0x0000000098600000, 0x0000000098700000|  0%| F|  |TAMS 0x0000000098600000, 0x0000000098600000| Untracked 
| 391|0x0000000098700000, 0x0000000098700000, 0x0000000098800000|  0%| F|  |TAMS 0x0000000098700000, 0x0000000098700000| Untracked 
| 392|0x0000000098800000, 0x0000000098800000, 0x0000000098900000|  0%| F|  |TAMS 0x0000000098800000, 0x0000000098800000| Untracked 
| 393|0x0000000098900000, 0x0000000098900000, 0x0000000098a00000|  0%| F|  |TAMS 0x0000000098900000, 0x0000000098900000| Untracked 
| 394|0x0000000098a00000, 0x0000000098a00000, 0x0000000098b00000|  0%| F|  |TAMS 0x0000000098a00000, 0x0000000098a00000| Untracked 
| 395|0x0000000098b00000, 0x0000000098b00000, 0x0000000098c00000|  0%| F|  |TAMS 0x0000000098b00000, 0x0000000098b00000| Untracked 
| 396|0x0000000098c00000, 0x0000000098c00000, 0x0000000098d00000|  0%| F|  |TAMS 0x0000000098c00000, 0x0000000098c00000| Untracked 
| 397|0x0000000098d00000, 0x0000000098d00000, 0x0000000098e00000|  0%| F|  |TAMS 0x0000000098d00000, 0x0000000098d00000| Untracked 
| 398|0x0000000098e00000, 0x0000000098e00000, 0x0000000098f00000|  0%| F|  |TAMS 0x0000000098e00000, 0x0000000098e00000| Untracked 
| 399|0x0000000098f00000, 0x0000000098f00000, 0x0000000099000000|  0%| F|  |TAMS 0x0000000098f00000, 0x0000000098f00000| Untracked 
| 400|0x0000000099000000, 0x0000000099000000, 0x0000000099100000|  0%| F|  |TAMS 0x0000000099000000, 0x0000000099000000| Untracked 
| 401|0x0000000099100000, 0x0000000099100000, 0x0000000099200000|  0%| F|  |TAMS 0x0000000099100000, 0x0000000099100000| Untracked 
| 402|0x0000000099200000, 0x0000000099200000, 0x0000000099300000|  0%| F|  |TAMS 0x0000000099200000, 0x0000000099200000| Untracked 
| 403|0x0000000099300000, 0x0000000099300000, 0x0000000099400000|  0%| F|  |TAMS 0x0000000099300000, 0x0000000099300000| Untracked 
| 404|0x0000000099400000, 0x0000000099400000, 0x0000000099500000|  0%| F|  |TAMS 0x0000000099400000, 0x0000000099400000| Untracked 
| 405|0x0000000099500000, 0x0000000099500000, 0x0000000099600000|  0%| F|  |TAMS 0x0000000099500000, 0x0000000099500000| Untracked 
| 406|0x0000000099600000, 0x0000000099700000, 0x0000000099700000|100%| S|CS|TAMS 0x0000000099600000, 0x0000000099600000| Complete 
| 407|0x0000000099700000, 0x0000000099800000, 0x0000000099800000|100%| S|CS|TAMS 0x0000000099700000, 0x0000000099700000| Complete 
| 408|0x0000000099800000, 0x0000000099900000, 0x0000000099900000|100%| S|CS|TAMS 0x0000000099800000, 0x0000000099800000| Complete 
| 409|0x0000000099900000, 0x0000000099a00000, 0x0000000099a00000|100%| S|CS|TAMS 0x0000000099900000, 0x0000000099900000| Complete 
| 410|0x0000000099a00000, 0x0000000099b00000, 0x0000000099b00000|100%| S|CS|TAMS 0x0000000099a00000, 0x0000000099a00000| Complete 
| 411|0x0000000099b00000, 0x0000000099c00000, 0x0000000099c00000|100%| S|CS|TAMS 0x0000000099b00000, 0x0000000099b00000| Complete 
| 412|0x0000000099c00000, 0x0000000099d00000, 0x0000000099d00000|100%| S|CS|TAMS 0x0000000099c00000, 0x0000000099c00000| Complete 
| 413|0x0000000099d00000, 0x0000000099e00000, 0x0000000099e00000|100%| S|CS|TAMS 0x0000000099d00000, 0x0000000099d00000| Complete 
| 414|0x0000000099e00000, 0x0000000099f00000, 0x0000000099f00000|100%| S|CS|TAMS 0x0000000099e00000, 0x0000000099e00000| Complete 
| 415|0x0000000099f00000, 0x000000009a000000, 0x000000009a000000|100%| S|CS|TAMS 0x0000000099f00000, 0x0000000099f00000| Complete 
| 416|0x000000009a000000, 0x000000009a100000, 0x000000009a100000|100%| S|CS|TAMS 0x000000009a000000, 0x000000009a000000| Complete 
| 417|0x000000009a100000, 0x000000009a200000, 0x000000009a200000|100%| S|CS|TAMS 0x000000009a100000, 0x000000009a100000| Complete 
| 418|0x000000009a200000, 0x000000009a200000, 0x000000009a300000|  0%| F|  |TAMS 0x000000009a200000, 0x000000009a200000| Untracked 
| 419|0x000000009a300000, 0x000000009a300000, 0x000000009a400000|  0%| F|  |TAMS 0x000000009a300000, 0x000000009a300000| Untracked 
| 420|0x000000009a400000, 0x000000009a400000, 0x000000009a500000|  0%| F|  |TAMS 0x000000009a400000, 0x000000009a400000| Untracked 
| 421|0x000000009a500000, 0x000000009a500000, 0x000000009a600000|  0%| F|  |TAMS 0x000000009a500000, 0x000000009a500000| Untracked 
| 422|0x000000009a600000, 0x000000009a600000, 0x000000009a700000|  0%| F|  |TAMS 0x000000009a600000, 0x000000009a600000| Untracked 
| 423|0x000000009a700000, 0x000000009a700000, 0x000000009a800000|  0%| F|  |TAMS 0x000000009a700000, 0x000000009a700000| Untracked 
| 424|0x000000009a800000, 0x000000009a800000, 0x000000009a900000|  0%| F|  |TAMS 0x000000009a800000, 0x000000009a800000| Untracked 
| 425|0x000000009a900000, 0x000000009a900000, 0x000000009aa00000|  0%| F|  |TAMS 0x000000009a900000, 0x000000009a900000| Untracked 
| 426|0x000000009aa00000, 0x000000009aa00000, 0x000000009ab00000|  0%| F|  |TAMS 0x000000009aa00000, 0x000000009aa00000| Untracked 
| 427|0x000000009ab00000, 0x000000009ab00000, 0x000000009ac00000|  0%| F|  |TAMS 0x000000009ab00000, 0x000000009ab00000| Untracked 
| 428|0x000000009ac00000, 0x000000009ac00000, 0x000000009ad00000|  0%| F|  |TAMS 0x000000009ac00000, 0x000000009ac00000| Untracked 
| 429|0x000000009ad00000, 0x000000009ad00000, 0x000000009ae00000|  0%| F|  |TAMS 0x000000009ad00000, 0x000000009ad00000| Untracked 
| 430|0x000000009ae00000, 0x000000009ae00000, 0x000000009af00000|  0%| F|  |TAMS 0x000000009ae00000, 0x000000009ae00000| Untracked 
| 431|0x000000009af00000, 0x000000009af00000, 0x000000009b000000|  0%| F|  |TAMS 0x000000009af00000, 0x000000009af00000| Untracked 
| 432|0x000000009b000000, 0x000000009b000000, 0x000000009b100000|  0%| F|  |TAMS 0x000000009b000000, 0x000000009b000000| Untracked 
| 433|0x000000009b100000, 0x000000009b100000, 0x000000009b200000|  0%| F|  |TAMS 0x000000009b100000, 0x000000009b100000| Untracked 
| 434|0x000000009b200000, 0x000000009b200000, 0x000000009b300000|  0%| F|  |TAMS 0x000000009b200000, 0x000000009b200000| Untracked 
| 435|0x000000009b300000, 0x000000009b300000, 0x000000009b400000|  0%| F|  |TAMS 0x000000009b300000, 0x000000009b300000| Untracked 
| 436|0x000000009b400000, 0x000000009b400000, 0x000000009b500000|  0%| F|  |TAMS 0x000000009b400000, 0x000000009b400000| Untracked 
| 437|0x000000009b500000, 0x000000009b500000, 0x000000009b600000|  0%| F|  |TAMS 0x000000009b500000, 0x000000009b500000| Untracked 
| 438|0x000000009b600000, 0x000000009b600000, 0x000000009b700000|  0%| F|  |TAMS 0x000000009b600000, 0x000000009b600000| Untracked 
| 439|0x000000009b700000, 0x000000009b700000, 0x000000009b800000|  0%| F|  |TAMS 0x000000009b700000, 0x000000009b700000| Untracked 
| 440|0x000000009b800000, 0x000000009b800000, 0x000000009b900000|  0%| F|  |TAMS 0x000000009b800000, 0x000000009b800000| Untracked 
| 441|0x000000009b900000, 0x000000009b900000, 0x000000009ba00000|  0%| F|  |TAMS 0x000000009b900000, 0x000000009b900000| Untracked 
| 442|0x000000009ba00000, 0x000000009ba00000, 0x000000009bb00000|  0%| F|  |TAMS 0x000000009ba00000, 0x000000009ba00000| Untracked 
| 443|0x000000009bb00000, 0x000000009bb00000, 0x000000009bc00000|  0%| F|  |TAMS 0x000000009bb00000, 0x000000009bb00000| Untracked 
| 444|0x000000009bc00000, 0x000000009bc00000, 0x000000009bd00000|  0%| F|  |TAMS 0x000000009bc00000, 0x000000009bc00000| Untracked 
| 445|0x000000009bd00000, 0x000000009bd00000, 0x000000009be00000|  0%| F|  |TAMS 0x000000009bd00000, 0x000000009bd00000| Untracked 
| 446|0x000000009be00000, 0x000000009be00000, 0x000000009bf00000|  0%| F|  |TAMS 0x000000009be00000, 0x000000009be00000| Untracked 
| 447|0x000000009bf00000, 0x000000009bf00000, 0x000000009c000000|  0%| F|  |TAMS 0x000000009bf00000, 0x000000009bf00000| Untracked 
| 448|0x000000009c000000, 0x000000009c000000, 0x000000009c100000|  0%| F|  |TAMS 0x000000009c000000, 0x000000009c000000| Untracked 
| 449|0x000000009c100000, 0x000000009c100000, 0x000000009c200000|  0%| F|  |TAMS 0x000000009c100000, 0x000000009c100000| Untracked 
| 450|0x000000009c200000, 0x000000009c200000, 0x000000009c300000|  0%| F|  |TAMS 0x000000009c200000, 0x000000009c200000| Untracked 
| 451|0x000000009c300000, 0x000000009c300000, 0x000000009c400000|  0%| F|  |TAMS 0x000000009c300000, 0x000000009c300000| Untracked 
| 452|0x000000009c400000, 0x000000009c400000, 0x000000009c500000|  0%| F|  |TAMS 0x000000009c400000, 0x000000009c400000| Untracked 
| 453|0x000000009c500000, 0x000000009c500000, 0x000000009c600000|  0%| F|  |TAMS 0x000000009c500000, 0x000000009c500000| Untracked 
| 454|0x000000009c600000, 0x000000009c600000, 0x000000009c700000|  0%| F|  |TAMS 0x000000009c600000, 0x000000009c600000| Untracked 
| 455|0x000000009c700000, 0x000000009c700000, 0x000000009c800000|  0%| F|  |TAMS 0x000000009c700000, 0x000000009c700000| Untracked 
| 456|0x000000009c800000, 0x000000009c800000, 0x000000009c900000|  0%| F|  |TAMS 0x000000009c800000, 0x000000009c800000| Untracked 
| 457|0x000000009c900000, 0x000000009c900000, 0x000000009ca00000|  0%| F|  |TAMS 0x000000009c900000, 0x000000009c900000| Untracked 
| 458|0x000000009ca00000, 0x000000009ca00000, 0x000000009cb00000|  0%| F|  |TAMS 0x000000009ca00000, 0x000000009ca00000| Untracked 
| 459|0x000000009cb00000, 0x000000009cb00000, 0x000000009cc00000|  0%| F|  |TAMS 0x000000009cb00000, 0x000000009cb00000| Untracked 
| 460|0x000000009cc00000, 0x000000009cc00000, 0x000000009cd00000|  0%| F|  |TAMS 0x000000009cc00000, 0x000000009cc00000| Untracked 
| 461|0x000000009cd00000, 0x000000009cd00000, 0x000000009ce00000|  0%| F|  |TAMS 0x000000009cd00000, 0x000000009cd00000| Untracked 
| 462|0x000000009ce00000, 0x000000009ce00000, 0x000000009cf00000|  0%| F|  |TAMS 0x000000009ce00000, 0x000000009ce00000| Untracked 
| 463|0x000000009cf00000, 0x000000009cf00000, 0x000000009d000000|  0%| F|  |TAMS 0x000000009cf00000, 0x000000009cf00000| Untracked 
| 464|0x000000009d000000, 0x000000009d000000, 0x000000009d100000|  0%| F|  |TAMS 0x000000009d000000, 0x000000009d000000| Untracked 
| 465|0x000000009d100000, 0x000000009d100000, 0x000000009d200000|  0%| F|  |TAMS 0x000000009d100000, 0x000000009d100000| Untracked 
| 466|0x000000009d200000, 0x000000009d200000, 0x000000009d300000|  0%| F|  |TAMS 0x000000009d200000, 0x000000009d200000| Untracked 
| 467|0x000000009d300000, 0x000000009d300000, 0x000000009d400000|  0%| F|  |TAMS 0x000000009d300000, 0x000000009d300000| Untracked 
| 468|0x000000009d400000, 0x000000009d400000, 0x000000009d500000|  0%| F|  |TAMS 0x000000009d400000, 0x000000009d400000| Untracked 
| 469|0x000000009d500000, 0x000000009d500000, 0x000000009d600000|  0%| F|  |TAMS 0x000000009d500000, 0x000000009d500000| Untracked 
| 470|0x000000009d600000, 0x000000009d600000, 0x000000009d700000|  0%| F|  |TAMS 0x000000009d600000, 0x000000009d600000| Untracked 
| 471|0x000000009d700000, 0x000000009d700000, 0x000000009d800000|  0%| F|  |TAMS 0x000000009d700000, 0x000000009d700000| Untracked 
| 472|0x000000009d800000, 0x000000009d800000, 0x000000009d900000|  0%| F|  |TAMS 0x000000009d800000, 0x000000009d800000| Untracked 
| 473|0x000000009d900000, 0x000000009d900000, 0x000000009da00000|  0%| F|  |TAMS 0x000000009d900000, 0x000000009d900000| Untracked 
| 474|0x000000009da00000, 0x000000009da00000, 0x000000009db00000|  0%| F|  |TAMS 0x000000009da00000, 0x000000009da00000| Untracked 
| 475|0x000000009db00000, 0x000000009db00000, 0x000000009dc00000|  0%| F|  |TAMS 0x000000009db00000, 0x000000009db00000| Untracked 
| 476|0x000000009dc00000, 0x000000009dc00000, 0x000000009dd00000|  0%| F|  |TAMS 0x000000009dc00000, 0x000000009dc00000| Untracked 
| 477|0x000000009dd00000, 0x000000009dd00000, 0x000000009de00000|  0%| F|  |TAMS 0x000000009dd00000, 0x000000009dd00000| Untracked 
| 478|0x000000009de00000, 0x000000009de00000, 0x000000009df00000|  0%| F|  |TAMS 0x000000009de00000, 0x000000009de00000| Untracked 
| 479|0x000000009df00000, 0x000000009df00000, 0x000000009e000000|  0%| F|  |TAMS 0x000000009df00000, 0x000000009df00000| Untracked 
| 480|0x000000009e000000, 0x000000009e000000, 0x000000009e100000|  0%| F|  |TAMS 0x000000009e000000, 0x000000009e000000| Untracked 
| 481|0x000000009e100000, 0x000000009e100000, 0x000000009e200000|  0%| F|  |TAMS 0x000000009e100000, 0x000000009e100000| Untracked 
| 482|0x000000009e200000, 0x000000009e200000, 0x000000009e300000|  0%| F|  |TAMS 0x000000009e200000, 0x000000009e200000| Untracked 
| 483|0x000000009e300000, 0x000000009e300000, 0x000000009e400000|  0%| F|  |TAMS 0x000000009e300000, 0x000000009e300000| Untracked 
| 484|0x000000009e400000, 0x000000009e400000, 0x000000009e500000|  0%| F|  |TAMS 0x000000009e400000, 0x000000009e400000| Untracked 
| 485|0x000000009e500000, 0x000000009e500000, 0x000000009e600000|  0%| F|  |TAMS 0x000000009e500000, 0x000000009e500000| Untracked 
| 486|0x000000009e600000, 0x000000009e600000, 0x000000009e700000|  0%| F|  |TAMS 0x000000009e600000, 0x000000009e600000| Untracked 
| 487|0x000000009e700000, 0x000000009e700000, 0x000000009e800000|  0%| F|  |TAMS 0x000000009e700000, 0x000000009e700000| Untracked 
| 488|0x000000009e800000, 0x000000009e800000, 0x000000009e900000|  0%| F|  |TAMS 0x000000009e800000, 0x000000009e800000| Untracked 
| 489|0x000000009e900000, 0x000000009e900000, 0x000000009ea00000|  0%| F|  |TAMS 0x000000009e900000, 0x000000009e900000| Untracked 
| 490|0x000000009ea00000, 0x000000009ea00000, 0x000000009eb00000|  0%| F|  |TAMS 0x000000009ea00000, 0x000000009ea00000| Untracked 
| 491|0x000000009eb00000, 0x000000009eb00000, 0x000000009ec00000|  0%| F|  |TAMS 0x000000009eb00000, 0x000000009eb00000| Untracked 
| 492|0x000000009ec00000, 0x000000009ec00000, 0x000000009ed00000|  0%| F|  |TAMS 0x000000009ec00000, 0x000000009ec00000| Untracked 
| 493|0x000000009ed00000, 0x000000009ed00000, 0x000000009ee00000|  0%| F|  |TAMS 0x000000009ed00000, 0x000000009ed00000| Untracked 
| 494|0x000000009ee00000, 0x000000009ee00000, 0x000000009ef00000|  0%| F|  |TAMS 0x000000009ee00000, 0x000000009ee00000| Untracked 
| 495|0x000000009ef00000, 0x000000009ef00000, 0x000000009f000000|  0%| F|  |TAMS 0x000000009ef00000, 0x000000009ef00000| Untracked 
| 496|0x000000009f000000, 0x000000009f000000, 0x000000009f100000|  0%| F|  |TAMS 0x000000009f000000, 0x000000009f000000| Untracked 
| 497|0x000000009f100000, 0x000000009f100000, 0x000000009f200000|  0%| F|  |TAMS 0x000000009f100000, 0x000000009f100000| Untracked 
| 498|0x000000009f200000, 0x000000009f200000, 0x000000009f300000|  0%| F|  |TAMS 0x000000009f200000, 0x000000009f200000| Untracked 
| 499|0x000000009f300000, 0x000000009f300000, 0x000000009f400000|  0%| F|  |TAMS 0x000000009f300000, 0x000000009f300000| Untracked 
| 500|0x000000009f400000, 0x000000009f400000, 0x000000009f500000|  0%| F|  |TAMS 0x000000009f400000, 0x000000009f400000| Untracked 
| 501|0x000000009f500000, 0x000000009f500000, 0x000000009f600000|  0%| F|  |TAMS 0x000000009f500000, 0x000000009f500000| Untracked 
| 502|0x000000009f600000, 0x000000009f600000, 0x000000009f700000|  0%| F|  |TAMS 0x000000009f600000, 0x000000009f600000| Untracked 
| 503|0x000000009f700000, 0x000000009f700000, 0x000000009f800000|  0%| F|  |TAMS 0x000000009f700000, 0x000000009f700000| Untracked 
| 504|0x000000009f800000, 0x000000009f800000, 0x000000009f900000|  0%| F|  |TAMS 0x000000009f800000, 0x000000009f800000| Untracked 
| 505|0x000000009f900000, 0x000000009f900000, 0x000000009fa00000|  0%| F|  |TAMS 0x000000009f900000, 0x000000009f900000| Untracked 
| 506|0x000000009fa00000, 0x000000009fa00000, 0x000000009fb00000|  0%| F|  |TAMS 0x000000009fa00000, 0x000000009fa00000| Untracked 
| 507|0x000000009fb00000, 0x000000009fb00000, 0x000000009fc00000|  0%| F|  |TAMS 0x000000009fb00000, 0x000000009fb00000| Untracked 
| 508|0x000000009fc00000, 0x000000009fc00000, 0x000000009fd00000|  0%| F|  |TAMS 0x000000009fc00000, 0x000000009fc00000| Untracked 
| 509|0x000000009fd00000, 0x000000009fd00000, 0x000000009fe00000|  0%| F|  |TAMS 0x000000009fd00000, 0x000000009fd00000| Untracked 
| 510|0x000000009fe00000, 0x000000009fe00000, 0x000000009ff00000|  0%| F|  |TAMS 0x000000009fe00000, 0x000000009fe00000| Untracked 

Card table byte_map: [0x000001d1fd5d0000,0x000001d1fd9d0000] _byte_map_base: 0x000001d1fd1d0000

Marking Bits (Prev, Next): (CMBitMap*) 0x000001d1e84bf5a8, (CMBitMap*) 0x000001d1e84bf5e0
 Prev Bits: [0x000001d1fddd0000, 0x000001d1ffdd0000)
 Next Bits: [0x000001d180000000, 0x000001d182000000)

Polling page: 0x000001d1e8540000

Metaspace:

Usage:
  Non-class:    117.23 MB capacity,   115.00 MB ( 98%) used,     1.87 MB (  2%) free+waste,   373.13 KB ( <1%) overhead. 
      Class:     17.31 MB capacity,    16.14 MB ( 93%) used,     1.01 MB (  6%) free+waste,   165.31 KB ( <1%) overhead. 
       Both:    134.54 MB capacity,   131.14 MB ( 97%) used,     2.88 MB (  2%) free+waste,   538.44 KB ( <1%) overhead. 

Virtual space:
  Non-class space:      118.00 MB reserved,     117.25 MB (>99%) committed 
      Class space:        1.00 GB reserved,      17.38 MB (  2%) committed 
             Both:        1.12 GB reserved,     134.63 MB ( 12%) committed 

Chunk freelists:
   Non-Class:  16.00 KB
       Class:  4.00 KB
        Both:  20.00 KB

MaxMetaspaceSize: 17179869184.00 GB
CompressedClassSpaceSize: 1.00 GB

CodeHeap 'non-profiled nmethods': size=120000Kb used=13340Kb max_used=13471Kb free=106660Kb
 bounds [0x000001d1f5230000, 0x000001d1f5f70000, 0x000001d1fc760000]
CodeHeap 'profiled nmethods': size=120000Kb used=41390Kb max_used=41390Kb free=78609Kb
 bounds [0x000001d1edd00000, 0x000001d1f0580000, 0x000001d1f5230000]
CodeHeap 'non-nmethods': size=5760Kb used=2357Kb max_used=2441Kb free=3402Kb
 bounds [0x000001d1ed760000, 0x000001d1ed9d0000, 0x000001d1edd00000]
 total_blobs=19906 nmethods=18928 adapters=888
 compilation: enabled
              stopped_count=0, restarted_count=0
 full_count=0

Compilation events (20 events):
Event: 54.623 Thread 0x000001d185229000 nmethod 20699 0x000001d1ef092690 code [0x000001d1ef092860, 0x000001d1ef092a68]
Event: 54.623 Thread 0x000001d185229000 20701       2       com.sun.tools.javac.tree.JCTree$JCPackageDecl::getTag (4 bytes)
Event: 54.623 Thread 0x000001d185229000 nmethod 20701 0x000001d1ef053310 code [0x000001d1ef0534c0, 0x000001d1ef0535b8]
Event: 54.623 Thread 0x000001d185229000 20702       2       com.sun.tools.javac.util.List::length (24 bytes)
Event: 54.624 Thread 0x000001d185229000 nmethod 20702 0x000001d1ef076e90 code [0x000001d1ef077040, 0x000001d1ef077198]
Event: 54.624 Thread 0x000001d185229000 20704       2       com.sun.tools.javac.code.Scope::getSymbols (9 bytes)
Event: 54.624 Thread 0x000001d185229000 nmethod 20704 0x000001d1ef092310 code [0x000001d1ef0924c0, 0x000001d1ef0925e8]
Event: 54.624 Thread 0x000001d185229000 20705       2       java.nio.channels.spi.AbstractInterruptibleChannel::end (53 bytes)
Event: 54.625 Thread 0x000001d185229000 nmethod 20705 0x000001d1ef091a90 code [0x000001d1ef091c80, 0x000001d1ef092138]
Event: 54.626 Thread 0x000001d185229000 20706       2       com.sun.tools.javac.util.ListBuffer$1::next (39 bytes)
Event: 54.627 Thread 0x000001d185229000 nmethod 20706 0x000001d1ef0dc810 code [0x000001d1ef0dc9e0, 0x000001d1ef0dcc38]
Event: 54.629 Thread 0x000001d185229000 20707       1       com.sun.tools.javac.tree.JCTree$JCClassDecl::getExtendsClause (5 bytes)
Event: 54.629 Thread 0x000001d185229000 nmethod 20707 0x000001d1f55cc590 code [0x000001d1f55cc740, 0x000001d1f55cc7f8]
Event: 54.630 Thread 0x000001d185229000 20708       1       com.sun.tools.javac.code.Type$ClassType::isReference (2 bytes)
Event: 54.630 Thread 0x000001d185229000 nmethod 20708 0x000001d1f55cc290 code [0x000001d1f55cc440, 0x000001d1f55cc4f8]
Event: 54.630 Thread 0x000001d185229000 20709       2       com.sun.tools.javac.code.Scope$ScopeListenerList::symbolAdded (8 bytes)
Event: 54.630 Thread 0x000001d185229000 nmethod 20709 0x000001d1ef0dc490 code [0x000001d1ef0dc640, 0x000001d1ef0dc748]
Event: 54.631 Thread 0x000001d185229000 20710       2       com.sun.tools.javac.code.Types$5::visitArrayType (68 bytes)
Event: 54.631 Thread 0x000001d188fbd800 nmethod 20603 0x000001d1f55cb710 code [0x000001d1f55cb8e0, 0x000001d1f55cbeb8]
Event: 54.631 Thread 0x000001d188fbd800 20610       4       java.util.TimSort::sort (229 bytes)

GC Heap History (20 events):
Event: 51.271 GC heap after
{Heap after GC invocations=43 (full 0):
 garbage-first heap   total 290816K, used 219405K [0x0000000080000000, 0x0000000100000000)
  region size 1024K, 6 young (6144K), 6 survivors (6144K)
 Metaspace       used 123913K, capacity 127170K, committed 127360K, reserved 1161216K
  class space    used 15309K, capacity 16415K, committed 16512K, reserved 1048576K
}
Event: 51.334 GC heap before
{Heap before GC invocations=43 (full 0):
 garbage-first heap   total 290816K, used 239885K [0x0000000080000000, 0x0000000100000000)
  region size 1024K, 27 young (27648K), 6 survivors (6144K)
 Metaspace       used 123918K, capacity 127170K, committed 127360K, reserved 1161216K
  class space    used 15309K, capacity 16415K, committed 16512K, reserved 1048576K
}
Event: 51.353 GC heap after
{Heap after GC invocations=44 (full 0):
 garbage-first heap   total 290816K, used 232885K [0x0000000080000000, 0x0000000100000000)
  region size 1024K, 4 young (4096K), 4 survivors (4096K)
 Metaspace       used 123918K, capacity 127170K, committed 127360K, reserved 1161216K
  class space    used 15309K, capacity 16415K, committed 16512K, reserved 1048576K
}
Event: 51.387 GC heap before
{Heap before GC invocations=44 (full 0):
 garbage-first heap   total 290816K, used 246197K [0x0000000080000000, 0x0000000100000000)
  region size 1024K, 17 young (17408K), 4 survivors (4096K)
 Metaspace       used 123920K, capacity 127234K, committed 127360K, reserved 1161216K
  class space    used 15309K, capacity 16415K, committed 16512K, reserved 1048576K
}
Event: 51.402 GC heap after
{Heap after GC invocations=45 (full 0):
 garbage-first heap   total 380928K, used 241664K [0x0000000080000000, 0x0000000100000000)
  region size 1024K, 3 young (3072K), 3 survivors (3072K)
 Metaspace       used 123920K, capacity 127234K, committed 127360K, reserved 1161216K
  class space    used 15309K, capacity 16415K, committed 16512K, reserved 1048576K
}
Event: 51.774 GC heap before
{Heap before GC invocations=45 (full 0):
 garbage-first heap   total 380928K, used 280576K [0x0000000080000000, 0x0000000100000000)
  region size 1024K, 41 young (41984K), 3 survivors (3072K)
 Metaspace       used 124887K, capacity 128093K, committed 128512K, reserved 1161216K
  class space    used 15418K, capacity 16501K, committed 16640K, reserved 1048576K
}
Event: 51.797 GC heap after
{Heap after GC invocations=46 (full 0):
 garbage-first heap   total 380928K, used 258802K [0x0000000080000000, 0x0000000100000000)
  region size 1024K, 6 young (6144K), 6 survivors (6144K)
 Metaspace       used 124887K, capacity 128093K, committed 128512K, reserved 1161216K
  class space    used 15418K, capacity 16501K, committed 16640K, reserved 1048576K
}
Event: 52.176 GC heap before
{Heap before GC invocations=47 (full 0):
 garbage-first heap   total 380928K, used 293618K [0x0000000080000000, 0x0000000100000000)
  region size 1024K, 40 young (40960K), 6 survivors (6144K)
 Metaspace       used 125513K, capacity 128843K, committed 129024K, reserved 1161216K
  class space    used 15496K, capacity 16618K, committed 16640K, reserved 1048576K
}
Event: 52.194 GC heap after
{Heap after GC invocations=48 (full 0):
 garbage-first heap   total 380928K, used 265115K [0x0000000080000000, 0x0000000100000000)
  region size 1024K, 5 young (5120K), 5 survivors (5120K)
 Metaspace       used 125513K, capacity 128843K, committed 129024K, reserved 1161216K
  class space    used 15496K, capacity 16618K, committed 16640K, reserved 1048576K
}
Event: 52.322 GC heap before
{Heap before GC invocations=48 (full 0):
 garbage-first heap   total 380928K, used 280475K [0x0000000080000000, 0x0000000100000000)
  region size 1024K, 18 young (18432K), 5 survivors (5120K)
 Metaspace       used 125529K, capacity 128844K, committed 129024K, reserved 1161216K
  class space    used 15496K, capacity 16618K, committed 16640K, reserved 1048576K
}
Event: 52.335 GC heap after
{Heap after GC invocations=49 (full 0):
 garbage-first heap   total 380928K, used 267553K [0x0000000080000000, 0x0000000100000000)
  region size 1024K, 2 young (2048K), 2 survivors (2048K)
 Metaspace       used 125529K, capacity 128844K, committed 129024K, reserved 1161216K
  class space    used 15496K, capacity 16618K, committed 16640K, reserved 1048576K
}
Event: 52.483 GC heap before
{Heap before GC invocations=49 (full 0):
 garbage-first heap   total 380928K, used 283937K [0x0000000080000000, 0x0000000100000000)
  region size 1024K, 20 young (20480K), 2 survivors (2048K)
 Metaspace       used 125972K, capacity 129341K, committed 129664K, reserved 1163264K
  class space    used 15568K, capacity 16700K, committed 16768K, reserved 1048576K
}
Event: 52.502 GC heap after
{Heap after GC invocations=50 (full 0):
 garbage-first heap   total 523264K, used 268716K [0x0000000080000000, 0x0000000100000000)
  region size 1024K, 4 young (4096K), 4 survivors (4096K)
 Metaspace       used 125972K, capacity 129341K, committed 129664K, reserved 1163264K
  class space    used 15568K, capacity 16700K, committed 16768K, reserved 1048576K
}
Event: 53.500 GC heap before
{Heap before GC invocations=51 (full 0):
 garbage-first heap   total 523264K, used 346540K [0x0000000080000000, 0x0000000100000000)
  region size 1024K, 84 young (86016K), 4 survivors (4096K)
 Metaspace       used 132916K, capacity 136440K, committed 136704K, reserved 1169408K
  class space    used 16436K, capacity 17651K, committed 17664K, reserved 1048576K
}
Event: 53.523 GC heap after
{Heap after GC invocations=52 (full 0):
 garbage-first heap   total 523264K, used 271690K [0x0000000080000000, 0x0000000100000000)
  region size 1024K, 10 young (10240K), 10 survivors (10240K)
 Metaspace       used 132916K, capacity 136440K, committed 136704K, reserved 1169408K
  class space    used 16436K, capacity 17651K, committed 17664K, reserved 1048576K
}
Event: 53.680 GC heap before
{Heap before GC invocations=52 (full 0):
 garbage-first heap   total 523264K, used 299338K [0x0000000080000000, 0x0000000100000000)
  region size 1024K, 25 young (25600K), 10 survivors (10240K)
 Metaspace       used 133003K, capacity 136505K, committed 136704K, reserved 1169408K
  class space    used 16436K, capacity 17651K, committed 17664K, reserved 1048576K
}
Event: 53.752 GC heap after
{Heap after GC invocations=53 (full 0):
 garbage-first heap   total 523264K, used 273784K [0x0000000080000000, 0x0000000100000000)
  region size 1024K, 4 young (4096K), 4 survivors (4096K)
 Metaspace       used 133003K, capacity 136505K, committed 136704K, reserved 1169408K
  class space    used 16436K, capacity 17651K, committed 17664K, reserved 1048576K
}
Event: 54.093 GC heap before
{Heap before GC invocations=53 (full 0):
 garbage-first heap   total 523264K, used 330104K [0x0000000080000000, 0x0000000100000000)
  region size 1024K, 49 young (50176K), 4 survivors (4096K)
 Metaspace       used 133179K, capacity 136657K, committed 136704K, reserved 1169408K
  class space    used 16447K, capacity 17658K, committed 17664K, reserved 1048576K
}
Event: 54.106 GC heap after
{Heap after GC invocations=54 (full 0):
 garbage-first heap   total 523264K, used 290816K [0x0000000080000000, 0x0000000100000000)
  region size 1024K, 12 young (12288K), 12 survivors (12288K)
 Metaspace       used 133179K, capacity 136657K, committed 136704K, reserved 1169408K
  class space    used 16447K, capacity 17658K, committed 17664K, reserved 1048576K
}
Event: 54.631 GC heap before
{Heap before GC invocations=54 (full 0):
 garbage-first heap   total 523264K, used 387072K [0x0000000080000000, 0x0000000100000000)
  region size 1024K, 93 young (95232K), 12 survivors (12288K)
 Metaspace       used 134287K, capacity 137772K, committed 137856K, reserved 1169408K
  class space    used 16526K, capacity 17724K, committed 17792K, reserved 1048576K
}

Deoptimization events (20 events):
Event: 54.563 Thread 0x000001d18cdde800 Uncommon trap: trap_request=0xffffff4d fr.pc=0x000001d1f555d52c relative=0x000000000000048c
Event: 54.563 Thread 0x000001d18cdde800 Uncommon trap: reason=unstable_if action=reinterpret pc=0x000001d1f555d52c method=com.android.tools.r8.w.a.a.a.h.N.a(Ljava/lang/Object;I)I @ 132 c2
Event: 54.563 Thread 0x000001d18cdde800 DEOPT PACKING pc=0x000001d1f555d52c sp=0x00000081e27febf0
Event: 54.563 Thread 0x000001d18cdde800 DEOPT UNPACKING pc=0x000001d1ed7878af sp=0x00000081e27febb0 mode 2
Event: 54.563 Thread 0x000001d18cdde800 Uncommon trap: trap_request=0xffffffbe fr.pc=0x000001d1f543ae00 relative=0x0000000000001ba0
Event: 54.563 Thread 0x000001d18cdde800 Uncommon trap: reason=profile_predicate action=maybe_recompile pc=0x000001d1f543ae00 method=java.util.TimSort.sort([Ljava/lang/Object;IILjava/util/Comparator;[Ljava/lang/Object;II)V @ 101 c2
Event: 54.563 Thread 0x000001d18cdde800 DEOPT PACKING pc=0x000001d1f543ae00 sp=0x00000081e27feb60
Event: 54.563 Thread 0x000001d18cdde800 DEOPT UNPACKING pc=0x000001d1ed7878af sp=0x00000081e27feb28 mode 2
Event: 54.564 Thread 0x000001d18cdde800 Uncommon trap: trap_request=0xffffffbe fr.pc=0x000001d1f543ae00 relative=0x0000000000001ba0
Event: 54.564 Thread 0x000001d18cdde800 Uncommon trap: reason=profile_predicate action=maybe_recompile pc=0x000001d1f543ae00 method=java.util.TimSort.sort([Ljava/lang/Object;IILjava/util/Comparator;[Ljava/lang/Object;II)V @ 101 c2
Event: 54.564 Thread 0x000001d18cdde800 DEOPT PACKING pc=0x000001d1f543ae00 sp=0x00000081e27feb60
Event: 54.564 Thread 0x000001d18cdde800 DEOPT UNPACKING pc=0x000001d1ed7878af sp=0x00000081e27feb28 mode 2
Event: 54.564 Thread 0x000001d18cdde800 Uncommon trap: trap_request=0xffffffbe fr.pc=0x000001d1f543ae00 relative=0x0000000000001ba0
Event: 54.564 Thread 0x000001d18cdde800 Uncommon trap: reason=profile_predicate action=maybe_recompile pc=0x000001d1f543ae00 method=java.util.TimSort.sort([Ljava/lang/Object;IILjava/util/Comparator;[Ljava/lang/Object;II)V @ 101 c2
Event: 54.564 Thread 0x000001d18cdde800 DEOPT PACKING pc=0x000001d1f543ae00 sp=0x00000081e27feb60
Event: 54.564 Thread 0x000001d18cdde800 DEOPT UNPACKING pc=0x000001d1ed7878af sp=0x00000081e27feb28 mode 2
Event: 54.564 Thread 0x000001d18cdde800 Uncommon trap: trap_request=0xffffffbe fr.pc=0x000001d1f543ae00 relative=0x0000000000001ba0
Event: 54.564 Thread 0x000001d18cdde800 Uncommon trap: reason=profile_predicate action=maybe_recompile pc=0x000001d1f543ae00 method=java.util.TimSort.sort([Ljava/lang/Object;IILjava/util/Comparator;[Ljava/lang/Object;II)V @ 101 c2
Event: 54.564 Thread 0x000001d18cdde800 DEOPT PACKING pc=0x000001d1f543ae00 sp=0x00000081e27feb60
Event: 54.564 Thread 0x000001d18cdde800 DEOPT UNPACKING pc=0x000001d1ed7878af sp=0x00000081e27feb28 mode 2

Classes redefined (0 events):
No events

Internal exceptions (20 events):
Event: 51.650 Thread 0x000001d18cdde800 Exception <a 'java/lang/NoSuchMethodError'{0x000000009628fa08}: 'void java.lang.invoke.DirectMethodHandle$Holder.invokeSpecial(java.lang.Object, java.lang.Object, int, java.lang.Object)'> (0x000000009628fa08) thrown at [./src/hotspot/share/interpreter/linkResolver.cpp, line 773]
Event: 51.897 Thread 0x000001d188fbf000 Exception <a 'java/lang/NoSuchMethodError'{0x0000000096e2fb68}: 'java.lang.Object java.lang.invoke.DirectMethodHandle$Holder.invokeSpecial(java.lang.Object, java.lang.Object, java.lang.Object, java.lang.Object, java.lang.Object, java.lang.Object, java.lang.Object, java.lang.Object, java.lang.Object, java.lang.Object)'> (0x0000000096e2fb68) thrown at [./src/hotspot/share/interpreter/linkResolver.cpp, line 773]
Event: 51.897 Thread 0x000001d188fbf000 Exception <a 'java/lang/NoSuchMethodError'{0x0000000096e33c58}: 'java.lang.Object java.lang.invoke.Invokers$Holder.linkToTargetMethod(java.lang.Object, java.lang.Object, java.lang.Object, java.lang.Object, java.lang.Object, java.lang.Object, java.lang.Object, java.lang.Object, java.lang.Object)'> (0x0000000096e33c58) thrown at [./src/hotspot/share/interpreter/linkResolver.cpp, line 773]
Event: 51.957 Thread 0x000001d18cdde800 Implicit null exception at 0x000001d1f5e920c7 to 0x000001d1f5e92aa4
Event: 51.957 Thread 0x000001d18cddb000 Implicit null exception at 0x000001d1f5e920c7 to 0x000001d1f5e92aa4
Event: 51.957 Thread 0x000001d18cddd800 Implicit null exception at 0x000001d1f5e920c7 to 0x000001d1f5e92aa4
Event: 52.443 Thread 0x000001d188669000 Exception <a 'sun/nio/fs/WindowsException'{0x0000000096735b88}> (0x0000000096735b88) thrown at [./src/hotspot/share/prims/jni.cpp, line 615]
Event: 52.443 Thread 0x000001d188669000 Exception <a 'sun/nio/fs/WindowsException'{0x0000000096736f78}> (0x0000000096736f78) thrown at [./src/hotspot/share/prims/jni.cpp, line 615]
Event: 52.444 Thread 0x000001d188669000 Exception <a 'java/lang/NoSuchMethodError'{0x000000009673a510}: 'int java.lang.invoke.DirectMethodHandle$Holder.invokeSpecial(java.lang.Object, java.lang.Object, java.lang.Object, java.lang.Object, java.lang.Object)'> (0x000000009673a510) thrown at [./src/hotspot/share/interpreter/linkResolver.cpp, line 773]
Event: 52.447 Thread 0x000001d188669000 Exception <a 'sun/nio/fs/WindowsException'{0x00000000967e9748}> (0x00000000967e9748) thrown at [./src/hotspot/share/prims/jni.cpp, line 615]
Event: 52.447 Thread 0x000001d188669000 Exception <a 'sun/nio/fs/WindowsException'{0x00000000967eab70}> (0x00000000967eab70) thrown at [./src/hotspot/share/prims/jni.cpp, line 615]
Event: 52.853 Thread 0x000001d188669000 Exception <a 'java/lang/NoSuchMethodError'{0x000000009e4cd620}: 'java.lang.Object java.lang.invoke.Invokers$Holder.linkToTargetMethod(java.lang.Object, java.lang.Object, java.lang.Object, int, int, java.lang.Object)'> (0x000000009e4cd620) thrown at [./src/hotspot/share/interpreter/linkResolver.cpp, line 773]
Event: 53.351 Thread 0x000001d18cddb000 Exception <a 'java/lang/NoSuchMethodError'{0x000000009b549490}: 'void java.lang.invoke.DirectMethodHandle$Holder.invokeVirtual(java.lang.Object, java.lang.Object, int)'> (0x000000009b549490) thrown at [./src/hotspot/share/interpreter/linkResolver.cpp, line 773]
Event: 53.474 Thread 0x000001d18cddb000 Exception <a 'sun/nio/fs/WindowsException'{0x000000009b03ae08}> (0x000000009b03ae08) thrown at [./src/hotspot/share/prims/jni.cpp, line 615]
Event: 53.982 Thread 0x000001d18cdde800 Exception <a 'java/lang/NoSuchMethodError'{0x000000009faae850}: 'void java.lang.invoke.DirectMethodHandle$Holder.invokeSpecial(java.lang.Object, java.lang.Object, java.lang.Object, java.lang.Object, java.lang.Object, int, java.lang.Object)'> (0x000000009faae850) thrown at [./src/hotspot/share/interpreter/linkResolver.cpp, line 773]
Event: 53.983 Thread 0x000001d18cdde800 Exception <a 'java/lang/NoSuchMethodError'{0x000000009fab5b60}: 'java.lang.Object java.lang.invoke.DirectMethodHandle$Holder.invokeStatic(java.lang.Object, java.lang.Object, java.lang.Object, java.lang.Object, java.lang.Object, int)'> (0x000000009fab5b60) thrown at [./src/hotspot/share/interpreter/linkResolver.cpp, line 773]
Event: 53.984 Thread 0x000001d18cdde800 Exception <a 'java/lang/NoSuchMethodError'{0x000000009fab9490}: 'java.lang.Object java.lang.invoke.DirectMethodHandle$Holder.invokeSpecial(java.lang.Object, java.lang.Object, java.lang.Object, java.lang.Object, java.lang.Object, java.lang.Object, int)'> (0x000000009fab9490) thrown at [./src/hotspot/share/interpreter/linkResolver.cpp, line 773]
Event: 54.139 Thread 0x000001d188669000 Exception <a 'sun/nio/fs/WindowsException'{0x000000009f9a3aa8}> (0x000000009f9a3aa8) thrown at [./src/hotspot/share/prims/jni.cpp, line 615]
Event: 54.139 Thread 0x000001d188669000 Exception <a 'sun/nio/fs/WindowsException'{0x000000009f9a3bb0}> (0x000000009f9a3bb0) thrown at [./src/hotspot/share/prims/jni.cpp, line 615]
Event: 54.156 Thread 0x000001d188669000 Implicit null exception at 0x000001d1f53f2b2c to 0x000001d1f53f2cda

Events (20 events):
Event: 54.496 loading class com/sun/tools/javac/code/Type done
Event: 54.496 loading class com/sun/tools/javac/code/Type
Event: 54.496 loading class com/sun/tools/javac/code/Type done
Event: 54.496 loading class com/sun/tools/javac/code/Types$TypeMapping
Event: 54.496 loading class com/sun/tools/javac/code/Types$TypeMapping done
Event: 54.506 Executing VM operation: CGC_Operation
Event: 54.524 Executing VM operation: CGC_Operation done
Event: 54.548 loading class com/sun/tools/javac/util/JCDiagnostic$DiagnosticPosition
Event: 54.548 loading class com/sun/tools/javac/util/JCDiagnostic$DiagnosticPosition done
Event: 54.549 loading class com/sun/tools/javac/comp/Check
Event: 54.549 loading class com/sun/tools/javac/comp/Check done
Event: 54.554 loading class com/sun/tools/javac/code/Symbol
Event: 54.554 loading class com/sun/tools/javac/code/Symbol done
Event: 54.554 loading class com/sun/tools/javac/code/Symbol
Event: 54.554 loading class com/sun/tools/javac/code/Symbol done
Event: 54.554 loading class com/sun/tools/javac/code/Symbol
Event: 54.554 loading class com/sun/tools/javac/code/Symbol done
Event: 54.596 Executing VM operation: ICBufferFull
Event: 54.597 Executing VM operation: ICBufferFull done
Event: 54.631 Executing VM operation: G1CollectForAllocation


Dynamic libraries:
0x00007ff689df0000 - 0x00007ff689dfa000 	C:\Program Files\Android\Android Studio\jre\bin\java.exe
0x00007ff9bf340000 - 0x00007ff9bf530000 	C:\WINDOWS\SYSTEM32\ntdll.dll
0x00007ff9bed80000 - 0x00007ff9bee32000 	C:\WINDOWS\System32\KERNEL32.DLL
0x00007ff9bcb50000 - 0x00007ff9bcdf4000 	C:\WINDOWS\System32\KERNELBASE.dll
0x00007ff9b9f90000 - 0x00007ff9ba01f000 	C:\WINDOWS\SYSTEM32\apphelp.dll
0x00007ff9bc2d0000 - 0x00007ff9bc3ca000 	C:\WINDOWS\System32\ucrtbase.dll
0x00007ff9a73b0000 - 0x00007ff9a73c9000 	C:\Program Files\Android\Android Studio\jre\bin\jli.dll
0x00007ff9b34f0000 - 0x00007ff9b3507000 	C:\Program Files\Android\Android Studio\jre\bin\VCRUNTIME140.dll
0x00007ff9bddc0000 - 0x00007ff9bdf54000 	C:\WINDOWS\System32\USER32.dll
0x00007ff9bcf50000 - 0x00007ff9bcf71000 	C:\WINDOWS\System32\win32u.dll
0x00007ff9a9820000 - 0x00007ff9a9aa4000 	C:\WINDOWS\WinSxS\amd64_microsoft.windows.common-controls_6595b64144ccf1df_6.0.18362.836_none_e6c4b943130f18ed\COMCTL32.dll
0x00007ff9bdd90000 - 0x00007ff9bddb6000 	C:\WINDOWS\System32\GDI32.dll
0x00007ff9be650000 - 0x00007ff9be6ee000 	C:\WINDOWS\System32\msvcrt.dll
0x00007ff9bcfb0000 - 0x00007ff9bd144000 	C:\WINDOWS\System32\gdi32full.dll
0x00007ff9bef10000 - 0x00007ff9bf246000 	C:\WINDOWS\System32\combase.dll
0x00007ff9bd2f0000 - 0x00007ff9bd38e000 	C:\WINDOWS\System32\msvcp_win.dll
0x00007ff9bec60000 - 0x00007ff9bed80000 	C:\WINDOWS\System32\RPCRT4.dll
0x00007ff9bced0000 - 0x00007ff9bcf50000 	C:\WINDOWS\System32\bcryptPrimitives.dll
0x00007ff9bdd60000 - 0x00007ff9bdd8e000 	C:\WINDOWS\System32\IMM32.DLL
0x00007ff9610d0000 - 0x00007ff96116d000 	C:\Program Files\Android\Android Studio\jre\bin\msvcp140.dll
0x00007ff95e140000 - 0x00007ff95ec0f000 	C:\Program Files\Android\Android Studio\jre\bin\server\jvm.dll
0x00007ff9be5a0000 - 0x00007ff9be643000 	C:\WINDOWS\System32\ADVAPI32.dll
0x00007ff9bdfc0000 - 0x00007ff9be057000 	C:\WINDOWS\System32\sechost.dll
0x00007ff9bebe0000 - 0x00007ff9bebe8000 	C:\WINDOWS\System32\PSAPI.DLL
0x00007ff9a7e90000 - 0x00007ff9a7e99000 	C:\WINDOWS\SYSTEM32\WSOCK32.dll
0x00007ff9b9d30000 - 0x00007ff9b9d54000 	C:\WINDOWS\SYSTEM32\WINMM.dll
0x00007ff9be4d0000 - 0x00007ff9be53f000 	C:\WINDOWS\System32\WS2_32.dll
0x00007ff9b5310000 - 0x00007ff9b531a000 	C:\WINDOWS\SYSTEM32\VERSION.dll
0x00007ff9b9d00000 - 0x00007ff9b9d2d000 	C:\WINDOWS\SYSTEM32\WINMMBASE.dll
0x00007ff9bd2a0000 - 0x00007ff9bd2ea000 	C:\WINDOWS\System32\cfgmgr32.dll
0x00007ff9bc2b0000 - 0x00007ff9bc2c1000 	C:\WINDOWS\System32\kernel.appcore.dll
0x00007ff9b73d0000 - 0x00007ff9b73e1000 	C:\Program Files\Android\Android Studio\jre\bin\verify.dll
0x00007ff9bab40000 - 0x00007ff9bad34000 	C:\WINDOWS\SYSTEM32\DBGHELP.DLL
0x00007ff9a7960000 - 0x00007ff9a798a000 	C:\WINDOWS\SYSTEM32\dbgcore.DLL
0x00007ff9b33b0000 - 0x00007ff9b33d9000 	C:\Program Files\Android\Android Studio\jre\bin\java.dll
0x00007ff9b8550000 - 0x00007ff9b855b000 	C:\Program Files\Android\Android Studio\jre\bin\jimage.dll
0x00007ff9a41f0000 - 0x00007ff9a4208000 	C:\Program Files\Android\Android Studio\jre\bin\zip.dll
0x00007ff9bd4a0000 - 0x00007ff9bdb84000 	C:\WINDOWS\System32\SHELL32.dll
0x00007ff9bf250000 - 0x00007ff9bf2f9000 	C:\WINDOWS\System32\shcore.dll
0x00007ff9bc3d0000 - 0x00007ff9bcb4e000 	C:\WINDOWS\System32\windows.storage.dll
0x00007ff9bc210000 - 0x00007ff9bc233000 	C:\WINDOWS\System32\profapi.dll
0x00007ff9bc240000 - 0x00007ff9bc28a000 	C:\WINDOWS\System32\powrprof.dll
0x00007ff9bc200000 - 0x00007ff9bc210000 	C:\WINDOWS\System32\UMPDC.dll
0x00007ff9be540000 - 0x00007ff9be592000 	C:\WINDOWS\System32\shlwapi.dll
0x00007ff9bceb0000 - 0x00007ff9bcec7000 	C:\WINDOWS\System32\cryptsp.dll
0x00007ff999670000 - 0x00007ff99968a000 	C:\Program Files\Android\Android Studio\jre\bin\net.dll
0x00007ff9ace20000 - 0x00007ff9acf10000 	C:\WINDOWS\SYSTEM32\WINHTTP.dll
0x00007ff9bba70000 - 0x00007ff9bbad7000 	C:\WINDOWS\system32\mswsock.dll
0x00007ff999650000 - 0x00007ff999664000 	C:\Program Files\Android\Android Studio\jre\bin\nio.dll
0x00007ff999740000 - 0x00007ff999767000 	C:\Users\hp\.gradle\native\fdc75f09e3144964f2cf3f50f0aa648679c211496f362492102eb8c894070792\windows-amd64\native-platform.dll
0x00007ff961d40000 - 0x00007ff961ed6000 	C:\Users\hp\.gradle\native\12488b8bf47d2d4c9fbf2f6322a914ad602e24e48041cd04a747c6da556b65c4\windows-amd64\native-platform-file-events.dll
0x00007ff9b33a0000 - 0x00007ff9b33aa000 	C:\Program Files\Android\Android Studio\jre\bin\management.dll
0x00007ff9a8d80000 - 0x00007ff9a8d8c000 	C:\Program Files\Android\Android Studio\jre\bin\management_ext.dll
0x00007ff9bb580000 - 0x00007ff9bb5b3000 	C:\WINDOWS\system32\rsaenh.dll
0x00007ff9bcf80000 - 0x00007ff9bcfa6000 	C:\WINDOWS\System32\bcrypt.dll
0x00007ff9bc0f0000 - 0x00007ff9bc115000 	C:\WINDOWS\SYSTEM32\USERENV.dll
0x00007ff9bbc40000 - 0x00007ff9bbc4c000 	C:\WINDOWS\SYSTEM32\CRYPTBASE.dll
0x00007ff9bb720000 - 0x00007ff9bb75a000 	C:\WINDOWS\SYSTEM32\IPHLPAPI.DLL
0x00007ff9bea20000 - 0x00007ff9bea28000 	C:\WINDOWS\System32\NSI.dll
0x00007ff9b35a0000 - 0x00007ff9b35b6000 	C:\WINDOWS\SYSTEM32\dhcpcsvc6.DLL
0x00007ff9b3d80000 - 0x00007ff9b3d9c000 	C:\WINDOWS\SYSTEM32\dhcpcsvc.DLL
0x00007ff9bb760000 - 0x00007ff9bb82b000 	C:\WINDOWS\SYSTEM32\DNSAPI.dll
0x00007ff9b5300000 - 0x00007ff9b530b000 	C:\WINDOWS\SYSTEM32\WINNSI.DLL
0x00007ff9bb260000 - 0x00007ff9bb291000 	C:\WINDOWS\SYSTEM32\ntmarta.dll

dbghelp: loaded successfully - version: 4.0.5 - missing functions: none
symbol engine: initialized successfully - sym options: 0x614 - pdb path: .;C:\Program Files\Android\Android Studio\jre\bin;C:\WINDOWS\SYSTEM32;C:\WINDOWS\WinSxS\amd64_microsoft.windows.common-controls_6595b64144ccf1df_6.0.18362.836_none_e6c4b943130f18ed;C:\Program Files\Android\Android Studio\jre\bin\server;C:\Users\hp\.gradle\native\fdc75f09e3144964f2cf3f50f0aa648679c211496f362492102eb8c894070792\windows-amd64;C:\Users\hp\.gradle\native\12488b8bf47d2d4c9fbf2f6322a914ad602e24e48041cd04a747c6da556b65c4\windows-amd64

VM Arguments:
jvm_args: --add-opens=java.base/java.util=ALL-UNNAMED --add-opens=java.base/java.lang=ALL-UNNAMED --add-opens=java.base/java.lang.invoke=ALL-UNNAMED --add-opens=java.prefs/java.util.prefs=ALL-UNNAMED -Xmx2048m -Dfile.encoding=UTF-8 -Duser.country=US -Duser.language=en -Duser.variant 
java_command: org.gradle.launcher.daemon.bootstrap.GradleDaemon 6.7.1
java_class_path (initial): C:\Users\hp\.gradle\wrapper\dists\gradle-6.7.1-bin\bwlcbys1h7rz3272sye1xwiv6\gradle-6.7.1\lib\gradle-launcher-6.7.1.jar
Launcher Type: SUN_STANDARD

[Global flags]
     intx CICompilerCount                          = 4                                         {product} {ergonomic}
     uint ConcGCThreads                            = 2                                         {product} {ergonomic}
     uint G1ConcRefinementThreads                  = 8                                         {product} {ergonomic}
   size_t G1HeapRegionSize                         = 1048576                                   {product} {ergonomic}
    uintx GCDrainStackTargetSize                   = 64                                        {product} {ergonomic}
   size_t InitialHeapSize                          = 268435456                                 {product} {ergonomic}
   size_t MarkStackSize                            = 4194304                                   {product} {ergonomic}
   size_t MaxHeapSize                              = 2147483648                                {product} {command line}
   size_t MaxNewSize                               = 1287651328                                {product} {ergonomic}
   size_t MinHeapDeltaBytes                        = 1048576                                   {product} {ergonomic}
    uintx NonNMethodCodeHeapSize                   = 5836300                                {pd product} {ergonomic}
    uintx NonProfiledCodeHeapSize                  = 122910970                              {pd product} {ergonomic}
    uintx ProfiledCodeHeapSize                     = 122910970                              {pd product} {ergonomic}
    uintx ReservedCodeCacheSize                    = 251658240                              {pd product} {ergonomic}
     bool SegmentedCodeCache                       = true                                      {product} {ergonomic}
     bool UseCompressedClassPointers               = true                                 {lp64_product} {ergonomic}
     bool UseCompressedOops                        = true                                 {lp64_product} {ergonomic}
     bool UseG1GC                                  = true                                      {product} {ergonomic}
     bool UseLargePagesIndividualAllocation        = false                                  {pd product} {ergonomic}

Logging:
Log output configuration:
 #0: stdout all=warning uptime,level,tags
 #1: stderr all=off uptime,level,tags

Environment Variables:
JAVA_HOME=C:\Program Files\Java\jre1.8.0_212
PATH=C:\Program Files (x86)\Common Files\Oracle\Java\javapath;C:\WINDOWS\system32;C:\WINDOWS;C:\WINDOWS\System32\Wbem;C:\WINDOWS\System32\WindowsPowerShell\v1.0\;C:\WINDOWS\System32\OpenSSH\;C:\Program Files\Git\cmd;C:\Program Files\NVIDIA Corporation\NVIDIA NvDLISR;C:\Users\hp\AppData\Local\Microsoft\WindowsApps;D:\Program Files\Microsoft VS Code\bin;D:\Program Files\JetBrains\PyCharm 2019.1.3\bin;C:\adb;C:\WINDOWS\system32;C:\WINDOWS;C:\WINDOWS\System32\Wbem;C:\WINDOWS\System32\WindowsPowerShell\v1.0\;C:\WINDOWS\System32\OpenSSH\;C:\Program Files (x86)\NVIDIA Corporation\PhysX\Common;C:\Users\hp\AppData\Local\Microsoft\WindowsApps;;D:\Program Files\Microsoft VS Code\bin;D:\Program Files\JetBrains\PyCharm 2019.1.3\bin;
USERNAME=hp
OS=Windows_NT
PROCESSOR_IDENTIFIER=Intel64 Family 6 Model 158 Stepping 9, GenuineIntel



---------------  S Y S T E M  ---------------

OS: Windows 10 , 64 bit Build 18362 (10.0.18362.778)
OS uptime: 9 days 19:49 hours

CPU:total 8 (initial active 8) (4 cores per cpu, 2 threads per core) family 6 model 158 stepping 9 microcode 0xb4, cmov, cx8, fxsr, mmx, sse, sse2, sse3, ssse3, sse4.1, sse4.2, popcnt, avx, avx2, aes, clmul, erms, 3dnowpref, lzcnt, ht, tsc, tscinvbit, bmi1, bmi2, adx, fma

Memory: 4k page, system-wide physical 16267M (2536M free)
TotalPageFile size 31347M (AvailPageFile size 106M)
current process WorkingSet (physical memory assigned to process): 866M, peak: 867M
current process commit charge ("private bytes"): 972M, peak: 1268M

vm_info: OpenJDK 64-Bit Server VM (11.0.10+0-b96-7249189) for windows-amd64 JRE (11.0.10+0-b96-7249189), built on Mar 31 2021 21:44:00 by "builder" with MS VC++ 14.0 (VS2015)

END.
