#
# There is insufficient memory for the Java Runtime Environment to continue.
# Native memory allocation (malloc) failed to allocate 1073296 bytes for Chunk::new
# Possible reasons:
#   The system is out of physical RAM or swap space
#   The process is running with CompressedOops enabled, and the Java Heap may be blocking the growth of the native heap
# Possible solutions:
#   Reduce memory load on the system
#   Increase physical memory or swap space
#   Check if swap backing store is full
#   Decrease Java heap size (-Xmx/-Xms)
#   Decrease number of Java threads
#   Decrease Java thread stack sizes (-Xss)
#   Set larger code cache with -XX:ReservedCodeCacheSize=
#   JVM is running with Unscaled Compressed Oops mode in which the Java heap is
#     placed in the first 4GB address space. The Java Heap base address is the
#     maximum limit for the native heap growth. Please use -XX:HeapBaseMinAddress
#     to set the Java Heap base and to place the Java Heap above 4GB virtual address.
# This output file may be truncated or incomplete.
#
#  Out of Memory Error (./src/hotspot/share/memory/arena.cpp:197), pid=27332, tid=16432
#
# JRE version: OpenJDK Runtime Environment (11.0.10) (build 11.0.10+0-b96-7249189)
# Java VM: OpenJDK 64-Bit Server VM (11.0.10+0-b96-7249189, mixed mode, tiered, compressed oops, g1 gc, windows-amd64)
# No core dump will be written. Minidumps are not enabled by default on client versions of Windows
#

---------------  S U M M A R Y ------------

Command Line: --add-opens=java.base/java.util=ALL-UNNAMED --add-opens=java.base/java.lang=ALL-UNNAMED --add-opens=java.base/java.lang.invoke=ALL-UNNAMED --add-opens=java.prefs/java.util.prefs=ALL-UNNAMED -Xmx2048m -Dfile.encoding=UTF-8 -Duser.country=US -Duser.language=en -Duser.variant org.gradle.launcher.daemon.bootstrap.GradleDaemon 6.7.1

Host: Intel(R) Core(TM) i7-7700HQ CPU @ 2.80GHz, 8 cores, 15G,  Windows 10 , 64 bit Build 18362 (10.0.18362.778)
Time: Mon Jan  3 16:56:45 2022 Pakistan Standard Time elapsed time: 23.843160 seconds (0d 0h 0m 23s)

---------------  T H R E A D  ---------------

Current thread (0x000001db89fa3000):  JavaThread "C2 CompilerThread2" daemon [_thread_in_native, id=16432, stack(0x000000bd82000000,0x000000bd82100000)]


Current CompileTask:
C2:  23843 13595   !   4       java.io.ObjectOutputStream::writeSerialData (221 bytes)

Stack: [0x000000bd82000000,0x000000bd82100000]
Native frames: (J=compiled Java code, j=interpreted, Vv=VM code, C=native code)
V  [jvm.dll+0x5ecfaa]
V  [jvm.dll+0x722bd5]
V  [jvm.dll+0x72412d]
V  [jvm.dll+0x7247e3]
V  [jvm.dll+0x242928]
V  [jvm.dll+0xbc4fc]
V  [jvm.dll+0xbca0c]
V  [jvm.dll+0x2b4fd4]
V  [jvm.dll+0x506028]
V  [jvm.dll+0x203253]
V  [jvm.dll+0x1fd07c]
V  [jvm.dll+0x1fa77f]
V  [jvm.dll+0x18354c]
V  [jvm.dll+0x208ee7]
V  [jvm.dll+0x207731]
V  [jvm.dll+0x6eb1cf]
V  [jvm.dll+0x6e3d45]
V  [jvm.dll+0x5ebe96]
C  [ucrtbase.dll+0x20e82]
C  [KERNEL32.DLL+0x17bd4]
C  [ntdll.dll+0x6ce51]


---------------  P R O C E S S  ---------------

Threads class SMR info:
_java_thread_list=0x000001db8f2915f0, length=195, elements={
0x000001dbe8f6d000, 0x000001dbffc59000, 0x000001dbffc5a000, 0x000001dbffcb3800,
0x000001dbffcb4000, 0x000001dbffcb8000, 0x000001dbffcb9000, 0x000001dbffcc9000,
0x000001dbffcd4000, 0x000001dbffe24800, 0x000001db869f1000, 0x000001db84b51000,
0x000001db84250000, 0x000001db8554f800, 0x000001db85b36000, 0x000001db857a8800,
0x000001db84cfa000, 0x000001db8576d000, 0x000001db8579c000, 0x000001db857a0000,
0x000001db8579d000, 0x000001db857a1000, 0x000001db8579d800, 0x000001db8579e800,
0x000001db8579f800, 0x000001db8579b800, 0x000001db857a2000, 0x000001db86220000,
0x000001db8621e800, 0x000001db8621f000, 0x000001db87fa5800, 0x000001db86221800,
0x000001db86222800, 0x000001db8621c800, 0x000001db86223000, 0x000001db8b288000,
0x000001db8b287800, 0x000001db8b289000, 0x000001db8b289800, 0x000001db8b285000,
0x000001db8b284000, 0x000001db8b28a800, 0x000001db8b285800, 0x000001db8b286800,
0x000001db8539f000, 0x000001db8539e800, 0x000001db853a0000, 0x000001db853a2800,
0x000001db853a0800, 0x000001db853a4000, 0x000001db853a1800, 0x000001db853a5000,
0x000001db853a3000, 0x000001db87c4d800, 0x000001db87c50000, 0x000001db87c4f000,
0x000001db87c53000, 0x000001db87c50800, 0x000001db87c52800, 0x000001db87c54000,
0x000001db87c4e800, 0x000001db87c57000, 0x000001db87c51800, 0x000001db87c56800,
0x000001db87c55800, 0x000001db87c58000, 0x000001db87c59000, 0x000001db87c59800,
0x000001db87c5a800, 0x000001db87c55000, 0x000001db87c5b800, 0x000001db87c5c000,
0x000001db89184000, 0x000001db89181800, 0x000001db8917e000, 0x000001db89183000,
0x000001db8917f000, 0x000001db89184800, 0x000001db89182000, 0x000001db89180000,
0x000001db89180800, 0x000001db87dbf800, 0x000001db87dbe000, 0x000001db87dc1000,
0x000001db87dbd000, 0x000001db87dc0800, 0x000001db87dc2000, 0x000001db87dc3000,
0x000001db87dc3800, 0x000001db87dc4800, 0x000001db87dbf000, 0x000001db87dc7000,
0x000001db87dc8800, 0x000001db87dca000, 0x000001db87dc5800, 0x000001db87dc9800,
0x000001db87dcc000, 0x000001db87dcb000, 0x000001db87dc7800, 0x000001db87dc6000,
0x000001db87dae000, 0x000001db87dac000, 0x000001db87dad800, 0x000001db87dac800,
0x000001db87daf000, 0x000001db87daa000, 0x000001db87dab000, 0x000001db87db0000,
0x000001db87db0800, 0x000001db87d77000, 0x000001db87d74800, 0x000001db87d77800,
0x000001db87d79800, 0x000001db87d73800, 0x000001db87d78800, 0x000001db87d7a000,
0x000001db87d7b000, 0x000001db87d75000, 0x000001db87d7b800, 0x000001db87d76000,
0x000001db87d7e000, 0x000001db87d7f000, 0x000001db87d81800, 0x000001db87d7c800,
0x000001db87d7d800, 0x000001db87d80000, 0x000001db87d82800, 0x000001db87d80800,
0x000001db87d39800, 0x000001db87d3a000, 0x000001db87d38800, 0x000001db87d3b000,
0x000001db87d37800, 0x000001db87d3c000, 0x000001db87d36000, 0x000001db87d3c800,
0x000001db87d37000, 0x000001db87d43000, 0x000001db87d40800, 0x000001db87d3d800,
0x000001db87d42800, 0x000001db87d44000, 0x000001db87d41800, 0x000001db87d3e800,
0x000001db87d45000, 0x000001db87d3f000, 0x000001db87d40000, 0x000001db89a76000,
0x000001db89a78800, 0x000001db89a74000, 0x000001db89a79000, 0x000001db89a75000,
0x000001db89a7a000, 0x000001db89a7b000, 0x000001db89a7b800, 0x000001db89a7c800,
0x000001db89a76800, 0x000001db89a7d000, 0x000001db89fa3000, 0x000001db89a7e000,
0x000001db89a80800, 0x000001db89a81800, 0x000001db89a83000, 0x000001db89a7f000,
0x000001db89a7f800, 0x000001db85be5800, 0x000001db85be8000, 0x000001db85be6800,
0x000001db85be4000, 0x000001db85be7000, 0x000001db85be5000, 0x000001db85be9000,
0x000001db85be3000, 0x000001db8950b000, 0x000001db89505800, 0x000001db89507800,
0x000001db8950a000, 0x000001db89507000, 0x000001db8950c000, 0x000001db89508800,
0x000001db89506000, 0x000001db8950e000, 0x000001db8950c800, 0x000001db8950f000,
0x000001db8950d800, 0x000001db89509800, 0x000001db89512800, 0x000001db89510000,
0x000001db89514000, 0x000001db89510800, 0x000001db89511800, 0x000001db89513000,
0x000001db85be2800, 0x000001db8c77d000, 0x000001db8c77a000
}

Java Threads: ( => current thread )
  0x000001dbe8f6d000 JavaThread "main" [_thread_blocked, id=20928, stack(0x000000bdf7000000,0x000000bdf7100000)]
  0x000001dbffc59000 JavaThread "Reference Handler" daemon [_thread_blocked, id=26212, stack(0x000000bdf7700000,0x000000bdf7800000)]
  0x000001dbffc5a000 JavaThread "Finalizer" daemon [_thread_blocked, id=22160, stack(0x000000bdf7800000,0x000000bdf7900000)]
  0x000001dbffcb3800 JavaThread "Signal Dispatcher" daemon [_thread_blocked, id=12284, stack(0x000000bdf7900000,0x000000bdf7a00000)]
  0x000001dbffcb4000 JavaThread "Attach Listener" daemon [_thread_blocked, id=11556, stack(0x000000bdf7a00000,0x000000bdf7b00000)]
  0x000001dbffcb8000 JavaThread "Service Thread" daemon [_thread_blocked, id=23068, stack(0x000000bdf7b00000,0x000000bdf7c00000)]
  0x000001dbffcb9000 JavaThread "C2 CompilerThread0" daemon [_thread_blocked, id=22008, stack(0x000000bdf7c00000,0x000000bdf7d00000)]
  0x000001dbffcc9000 JavaThread "C1 CompilerThread0" daemon [_thread_blocked, id=25084, stack(0x000000bdf7d00000,0x000000bdf7e00000)]
  0x000001dbffcd4000 JavaThread "Sweeper thread" daemon [_thread_blocked, id=26568, stack(0x000000bdf7e00000,0x000000bdf7f00000)]
  0x000001dbffe24800 JavaThread "Common-Cleaner" daemon [_thread_blocked, id=26472, stack(0x000000bdf7f00000,0x000000bdf8000000)]
  0x000001db869f1000 JavaThread "Daemon health stats" [_thread_blocked, id=24920, stack(0x000000bdf8800000,0x000000bdf8900000)]
  0x000001db84b51000 JavaThread "Incoming local TCP Connector on port 61120" [_thread_in_native, id=512, stack(0x000000bdf8900000,0x000000bdf8a00000)]
  0x000001db84250000 JavaThread "Daemon periodic checks" [_thread_blocked, id=26164, stack(0x000000bdf8a00000,0x000000bdf8b00000)]
  0x000001db8554f800 JavaThread "Daemon" [_thread_blocked, id=26588, stack(0x000000bdf8b00000,0x000000bdf8c00000)]
  0x000001db85b36000 JavaThread "Handler for socket connection from /127.0.0.1:61120 to /127.0.0.1:61121" [_thread_in_native, id=13748, stack(0x000000bdf8c00000,0x000000bdf8d00000)]
  0x000001db857a8800 JavaThread "Cancel handler" [_thread_blocked, id=18632, stack(0x000000bdf8d00000,0x000000bdf8e00000)]
  0x000001db84cfa000 JavaThread "Daemon worker" [_thread_blocked, id=4948, stack(0x000000bdf8e00000,0x000000bdf8f00000)]
  0x000001db8576d000 JavaThread "Asynchronous log dispatcher for DefaultDaemonConnection: socket connection from /127.0.0.1:61120 to /127.0.0.1:61121" [_thread_blocked, id=24812, stack(0x000000bdf9000000,0x000000bdf9100000)]
  0x000001db8579c000 JavaThread "Stdin handler" [_thread_blocked, id=26476, stack(0x000000bdf9100000,0x000000bdf9200000)]
  0x000001db857a0000 JavaThread "Thread-8" [_thread_blocked, id=19616, stack(0x000000bdf9200000,0x000000bdf9300000)]
  0x000001db8579d000 JavaThread "Cache worker for file hash cache (C:\Users\hp\.gradle\caches\6.7.1\fileHashes)" [_thread_blocked, id=24944, stack(0x000000bdf9300000,0x000000bdf9400000)]
  0x000001db857a1000 JavaThread "File lock request listener" [_thread_in_native, id=7520, stack(0x000000bdf9400000,0x000000bdf9500000)]
  0x000001db8579d800 JavaThread "Cache worker for journal cache (C:\Users\hp\.gradle\caches\journal-1)" [_thread_blocked, id=22312, stack(0x000000bdf9700000,0x000000bdf9800000)]
  0x000001db8579e800 JavaThread "Cache worker for file hash cache (E:\OfficeGit\Berger_Xpress_Visualizer\Berger_Visualizer\Berger Visualizer\.gradle\6.7.1\fileHashes)" [_thread_blocked, id=17444, stack(0x000000bdf9800000,0x000000bdf9900000)]
  0x000001db8579f800 JavaThread "Cache worker for checksums cache (E:\OfficeGit\Berger_Xpress_Visualizer\Berger_Visualizer\Berger Visualizer\.gradle\checksums)" [_thread_blocked, id=17272, stack(0x000000bdf9a00000,0x000000bdf9b00000)]
  0x000001db8579b800 JavaThread "Cache worker for cache directory md-supplier (C:\Users\hp\.gradle\caches\6.7.1\md-supplier)" [_thread_blocked, id=24924, stack(0x000000bdf9b00000,0x000000bdf9c00000)]
  0x000001db857a2000 JavaThread "Cache worker for cache directory md-rule (C:\Users\hp\.gradle\caches\6.7.1\md-rule)" [_thread_blocked, id=26968, stack(0x000000bdf9c00000,0x000000bdf9d00000)]
  0x000001db86220000 JavaThread "Cache worker for execution history cache (C:\Users\hp\.gradle\caches\6.7.1\executionHistory)" [_thread_blocked, id=24240, stack(0x000000bdf9d00000,0x000000bdf9e00000)]
  0x000001db8621e800 JavaThread "jar transforms" [_thread_blocked, id=19520, stack(0x000000bdf9900000,0x000000bdf9a00000)]
  0x000001db8621f000 JavaThread "Cache worker for file content cache (C:\Users\hp\.gradle\caches\6.7.1\fileContent)" [_thread_blocked, id=25248, stack(0x000000bdf9e00000,0x000000bdf9f00000)]
  0x000001db87fa5800 JavaThread "C2 CompilerThread1" daemon [_thread_blocked, id=23200, stack(0x000000bdf9f00000,0x000000bdfa000000)]
  0x000001db86221800 JavaThread "Cache worker for Build Output Cleanup Cache (E:\OfficeGit\Berger_Xpress_Visualizer\Berger_Visualizer\Berger Visualizer\.gradle\buildOutputCleanup)" [_thread_blocked, id=27624, stack(0x000000bdfa100000,0x000000bdfa200000)]
  0x000001db86222800 JavaThread "Build operations" [_thread_blocked, id=21292, stack(0x000000bdfa000000,0x000000bdfa100000)]
  0x000001db8621c800 JavaThread "Build operations Thread 2" [_thread_blocked, id=21216, stack(0x000000bdfa200000,0x000000bdfa300000)]
  0x000001db86223000 JavaThread "Build operations Thread 3" [_thread_blocked, id=24536, stack(0x000000bdfa300000,0x000000bdfa400000)]
  0x000001db8b288000 JavaThread "Build operations Thread 4" [_thread_blocked, id=24776, stack(0x000000bdfa400000,0x000000bdfa500000)]
  0x000001db8b287800 JavaThread "Build operations Thread 5" [_thread_blocked, id=25736, stack(0x000000bdfa500000,0x000000bdfa600000)]
  0x000001db8b289000 JavaThread "Build operations Thread 6" [_thread_blocked, id=24828, stack(0x000000bdfa600000,0x000000bdfa700000)]
  0x000001db8b289800 JavaThread "Build operations Thread 7" [_thread_blocked, id=23024, stack(0x000000bdfa700000,0x000000bdfa800000)]
  0x000001db8b285000 JavaThread "Build operations Thread 8" [_thread_blocked, id=11612, stack(0x000000bdfa800000,0x000000bdfa900000)]
  0x000001db8b284000 JavaThread "jar transforms Thread 2" [_thread_blocked, id=21832, stack(0x000000bdfaa00000,0x000000bdfab00000)]
  0x000001db8b28a800 JavaThread "jar transforms Thread 3" [_thread_blocked, id=25916, stack(0x000000bdfab00000,0x000000bdfac00000)]
  0x000001db8b285800 JavaThread "jar transforms Thread 4" [_thread_blocked, id=3896, stack(0x000000bdfac00000,0x000000bdfad00000)]
  0x000001db8b286800 JavaThread "jar transforms Thread 5" [_thread_blocked, id=23276, stack(0x000000bdfad00000,0x000000bdfae00000)]
  0x000001db8539f000 JavaThread "jar transforms Thread 6" [_thread_blocked, id=27308, stack(0x000000bdfae00000,0x000000bdfaf00000)]
  0x000001db8539e800 JavaThread "jar transforms Thread 7" [_thread_blocked, id=10452, stack(0x000000bdfaf00000,0x000000bdfb000000)]
  0x000001db853a0000 JavaThread "jar transforms Thread 8" [_thread_blocked, id=3828, stack(0x000000bdfb000000,0x000000bdfb100000)]
  0x000001db853a2800 JavaThread "jar transforms Thread 9" [_thread_blocked, id=17952, stack(0x000000bdfb100000,0x000000bdfb200000)]
  0x000001db853a0800 JavaThread "jar transforms Thread 10" [_thread_blocked, id=23968, stack(0x000000bdfb200000,0x000000bdfb300000)]
  0x000001db853a4000 JavaThread "jar transforms Thread 11" [_thread_blocked, id=26408, stack(0x000000bdfb300000,0x000000bdfb400000)]
  0x000001db853a1800 JavaThread "jar transforms Thread 12" [_thread_blocked, id=14748, stack(0x000000bdfb400000,0x000000bdfb500000)]
  0x000001db853a5000 JavaThread "jar transforms Thread 13" [_thread_blocked, id=22184, stack(0x000000bdfb500000,0x000000bdfb600000)]
  0x000001db853a3000 JavaThread "jar transforms Thread 14" [_thread_blocked, id=27476, stack(0x000000bdfb600000,0x000000bdfb700000)]
  0x000001db87c4d800 JavaThread "jar transforms Thread 15" [_thread_blocked, id=26404, stack(0x000000bdfb700000,0x000000bdfb800000)]
  0x000001db87c50000 JavaThread "jar transforms Thread 16" [_thread_blocked, id=7512, stack(0x000000bdfb800000,0x000000bdfb900000)]
  0x000001db87c4f000 JavaThread "jar transforms Thread 17" [_thread_blocked, id=11144, stack(0x000000bdfb900000,0x000000bdfba00000)]
  0x000001db87c53000 JavaThread "jar transforms Thread 18" [_thread_blocked, id=23884, stack(0x000000bdfba00000,0x000000bdfbb00000)]
  0x000001db87c50800 JavaThread "jar transforms Thread 19" [_thread_blocked, id=21508, stack(0x000000bdfbb00000,0x000000bdfbc00000)]
  0x000001db87c52800 JavaThread "jar transforms Thread 20" [_thread_blocked, id=5748, stack(0x000000bdfbc00000,0x000000bdfbd00000)]
  0x000001db87c54000 JavaThread "jar transforms Thread 21" [_thread_blocked, id=10064, stack(0x000000bdfbd00000,0x000000bdfbe00000)]
  0x000001db87c4e800 JavaThread "jar transforms Thread 22" [_thread_blocked, id=23008, stack(0x000000bdfbe00000,0x000000bdfbf00000)]
  0x000001db87c57000 JavaThread "jar transforms Thread 23" [_thread_blocked, id=26208, stack(0x000000bdfbf00000,0x000000bdfc000000)]
  0x000001db87c51800 JavaThread "jar transforms Thread 24" [_thread_blocked, id=26816, stack(0x000000bdfc000000,0x000000bdfc100000)]
  0x000001db87c56800 JavaThread "jar transforms Thread 25" [_thread_blocked, id=2152, stack(0x000000bdfc100000,0x000000bdfc200000)]
  0x000001db87c55800 JavaThread "jar transforms Thread 26" [_thread_blocked, id=27532, stack(0x000000bdfc200000,0x000000bdfc300000)]
  0x000001db87c58000 JavaThread "jar transforms Thread 27" [_thread_blocked, id=17440, stack(0x000000bdfc300000,0x000000bdfc400000)]
  0x000001db87c59000 JavaThread "jar transforms Thread 28" [_thread_blocked, id=22536, stack(0x000000bdfc400000,0x000000bdfc500000)]
  0x000001db87c59800 JavaThread "jar transforms Thread 29" [_thread_blocked, id=8596, stack(0x000000bdfc500000,0x000000bdfc600000)]
  0x000001db87c5a800 JavaThread "jar transforms Thread 30" [_thread_blocked, id=9124, stack(0x000000bdfc600000,0x000000bdfc700000)]
  0x000001db87c55000 JavaThread "jar transforms Thread 31" [_thread_blocked, id=18108, stack(0x000000bdfc700000,0x000000bdfc800000)]
  0x000001db87c5b800 JavaThread "jar transforms Thread 32" [_thread_blocked, id=25284, stack(0x000000bdfc800000,0x000000bdfc900000)]
  0x000001db87c5c000 JavaThread "jar transforms Thread 33" [_thread_blocked, id=21524, stack(0x000000bdfc900000,0x000000bdfca00000)]
  0x000001db89184000 JavaThread "jar transforms Thread 34" [_thread_blocked, id=17932, stack(0x000000bdfca00000,0x000000bdfcb00000)]
  0x000001db89181800 JavaThread "jar transforms Thread 35" [_thread_blocked, id=21972, stack(0x000000bdfcb00000,0x000000bdfcc00000)]
  0x000001db8917e000 JavaThread "jar transforms Thread 36" [_thread_blocked, id=25492, stack(0x000000bdfcc00000,0x000000bdfcd00000)]
  0x000001db89183000 JavaThread "jar transforms Thread 37" [_thread_blocked, id=24612, stack(0x000000bdfcd00000,0x000000bdfce00000)]
  0x000001db8917f000 JavaThread "jar transforms Thread 38" [_thread_blocked, id=21752, stack(0x000000bdfce00000,0x000000bdfcf00000)]
  0x000001db89184800 JavaThread "jar transforms Thread 39" [_thread_blocked, id=11892, stack(0x000000bdfcf00000,0x000000bdfd000000)]
  0x000001db89182000 JavaThread "jar transforms Thread 40" [_thread_blocked, id=24404, stack(0x000000bdfd000000,0x000000bdfd100000)]
  0x000001db89180000 JavaThread "jar transforms Thread 41" [_thread_blocked, id=15700, stack(0x000000bdfd100000,0x000000bdfd200000)]
  0x000001db89180800 JavaThread "jar transforms Thread 42" [_thread_blocked, id=8788, stack(0x000000bdfd200000,0x000000bdfd300000)]
  0x000001db87dbf800 JavaThread "jar transforms Thread 43" [_thread_blocked, id=10776, stack(0x000000bdfd300000,0x000000bdfd400000)]
  0x000001db87dbe000 JavaThread "jar transforms Thread 44" [_thread_blocked, id=3940, stack(0x000000bdfd400000,0x000000bdfd500000)]
  0x000001db87dc1000 JavaThread "jar transforms Thread 45" [_thread_blocked, id=19712, stack(0x000000bdfd500000,0x000000bdfd600000)]
  0x000001db87dbd000 JavaThread "jar transforms Thread 46" [_thread_blocked, id=15396, stack(0x000000bdfd600000,0x000000bdfd700000)]
  0x000001db87dc0800 JavaThread "jar transforms Thread 47" [_thread_blocked, id=21060, stack(0x000000bdfd700000,0x000000bdfd800000)]
  0x000001db87dc2000 JavaThread "jar transforms Thread 48" [_thread_blocked, id=25340, stack(0x000000bdfd800000,0x000000bdfd900000)]
  0x000001db87dc3000 JavaThread "jar transforms Thread 49" [_thread_blocked, id=24988, stack(0x000000bdfd900000,0x000000bdfda00000)]
  0x000001db87dc3800 JavaThread "jar transforms Thread 50" [_thread_blocked, id=12540, stack(0x000000bdfda00000,0x000000bdfdb00000)]
  0x000001db87dc4800 JavaThread "jar transforms Thread 51" [_thread_blocked, id=24836, stack(0x000000bdfdb00000,0x000000bdfdc00000)]
  0x000001db87dbf000 JavaThread "jar transforms Thread 52" [_thread_blocked, id=22800, stack(0x000000bdfdc00000,0x000000bdfdd00000)]
  0x000001db87dc7000 JavaThread "jar transforms Thread 53" [_thread_blocked, id=5616, stack(0x000000bdfdd00000,0x000000bdfde00000)]
  0x000001db87dc8800 JavaThread "jar transforms Thread 54" [_thread_blocked, id=22280, stack(0x000000bdfde00000,0x000000bdfdf00000)]
  0x000001db87dca000 JavaThread "jar transforms Thread 55" [_thread_blocked, id=18764, stack(0x000000bdfdf00000,0x000000bdfe000000)]
  0x000001db87dc5800 JavaThread "jar transforms Thread 56" [_thread_blocked, id=21620, stack(0x000000bdfe000000,0x000000bdfe100000)]
  0x000001db87dc9800 JavaThread "jar transforms Thread 57" [_thread_blocked, id=26120, stack(0x000000bdfe100000,0x000000bdfe200000)]
  0x000001db87dcc000 JavaThread "jar transforms Thread 58" [_thread_blocked, id=27248, stack(0x000000bdfe200000,0x000000bdfe300000)]
  0x000001db87dcb000 JavaThread "jar transforms Thread 59" [_thread_blocked, id=22156, stack(0x000000bdfe300000,0x000000bdfe400000)]
  0x000001db87dc7800 JavaThread "jar transforms Thread 60" [_thread_blocked, id=20272, stack(0x000000bdfe400000,0x000000bdfe500000)]
  0x000001db87dc6000 JavaThread "jar transforms Thread 61" [_thread_blocked, id=7364, stack(0x000000bdfe500000,0x000000bdfe600000)]
  0x000001db87dae000 JavaThread "jar transforms Thread 62" [_thread_blocked, id=2916, stack(0x000000bdfe600000,0x000000bdfe700000)]
  0x000001db87dac000 JavaThread "jar transforms Thread 63" [_thread_blocked, id=18204, stack(0x000000bdfe700000,0x000000bdfe800000)]
  0x000001db87dad800 JavaThread "jar transforms Thread 64" [_thread_blocked, id=26176, stack(0x000000bdfe800000,0x000000bdfe900000)]
  0x000001db87dac800 JavaThread "jar transforms Thread 65" [_thread_blocked, id=26316, stack(0x000000bdfe900000,0x000000bdfea00000)]
  0x000001db87daf000 JavaThread "jar transforms Thread 66" [_thread_blocked, id=20772, stack(0x000000bdfea00000,0x000000bdfeb00000)]
  0x000001db87daa000 JavaThread "jar transforms Thread 67" [_thread_blocked, id=1732, stack(0x000000bdfeb00000,0x000000bdfec00000)]
  0x000001db87dab000 JavaThread "jar transforms Thread 68" [_thread_blocked, id=22344, stack(0x000000bdfec00000,0x000000bdfed00000)]
  0x000001db87db0000 JavaThread "jar transforms Thread 69" [_thread_blocked, id=5764, stack(0x000000bdfed00000,0x000000bdfee00000)]
  0x000001db87db0800 JavaThread "jar transforms Thread 70" [_thread_blocked, id=7648, stack(0x000000bdfee00000,0x000000bdfef00000)]
  0x000001db87d77000 JavaThread "jar transforms Thread 71" [_thread_blocked, id=26352, stack(0x000000bdfef00000,0x000000bdff000000)]
  0x000001db87d74800 JavaThread "jar transforms Thread 72" [_thread_blocked, id=22420, stack(0x000000bdff000000,0x000000bdff100000)]
  0x000001db87d77800 JavaThread "jar transforms Thread 73" [_thread_blocked, id=1480, stack(0x000000bdff100000,0x000000bdff200000)]
  0x000001db87d79800 JavaThread "jar transforms Thread 74" [_thread_blocked, id=24968, stack(0x000000bdff200000,0x000000bdff300000)]
  0x000001db87d73800 JavaThread "jar transforms Thread 75" [_thread_blocked, id=8780, stack(0x000000bdff300000,0x000000bdff400000)]
  0x000001db87d78800 JavaThread "jar transforms Thread 76" [_thread_blocked, id=17712, stack(0x000000bdff400000,0x000000bdff500000)]
  0x000001db87d7a000 JavaThread "jar transforms Thread 77" [_thread_blocked, id=26792, stack(0x000000bdff500000,0x000000bdff600000)]
  0x000001db87d7b000 JavaThread "jar transforms Thread 78" [_thread_blocked, id=26836, stack(0x000000bdff600000,0x000000bdff700000)]
  0x000001db87d75000 JavaThread "jar transforms Thread 79" [_thread_blocked, id=9768, stack(0x000000bdff700000,0x000000bdff800000)]
  0x000001db87d7b800 JavaThread "jar transforms Thread 80" [_thread_blocked, id=23820, stack(0x000000bdff800000,0x000000bdff900000)]
  0x000001db87d76000 JavaThread "jar transforms Thread 81" [_thread_blocked, id=9724, stack(0x000000bdff900000,0x000000bdffa00000)]
  0x000001db87d7e000 JavaThread "jar transforms Thread 82" [_thread_blocked, id=21696, stack(0x000000bdffa00000,0x000000bdffb00000)]
  0x000001db87d7f000 JavaThread "jar transforms Thread 83" [_thread_blocked, id=26324, stack(0x000000bdffb00000,0x000000bdffc00000)]
  0x000001db87d81800 JavaThread "jar transforms Thread 84" [_thread_blocked, id=25444, stack(0x000000bdffc00000,0x000000bdffd00000)]
  0x000001db87d7c800 JavaThread "jar transforms Thread 85" [_thread_blocked, id=22396, stack(0x000000bdffd00000,0x000000bdffe00000)]
  0x000001db87d7d800 JavaThread "jar transforms Thread 86" [_thread_blocked, id=22668, stack(0x000000bdffe00000,0x000000bdfff00000)]
  0x000001db87d80000 JavaThread "jar transforms Thread 87" [_thread_blocked, id=15820, stack(0x000000bdfff00000,0x000000be00000000)]
  0x000001db87d82800 JavaThread "jar transforms Thread 88" [_thread_blocked, id=26876, stack(0x000000bd80000000,0x000000bd80100000)]
  0x000001db87d80800 JavaThread "jar transforms Thread 89" [_thread_blocked, id=24288, stack(0x000000bd80100000,0x000000bd80200000)]
  0x000001db87d39800 JavaThread "jar transforms Thread 90" [_thread_blocked, id=18460, stack(0x000000bd80200000,0x000000bd80300000)]
  0x000001db87d3a000 JavaThread "jar transforms Thread 91" [_thread_blocked, id=22620, stack(0x000000bd80300000,0x000000bd80400000)]
  0x000001db87d38800 JavaThread "jar transforms Thread 92" [_thread_blocked, id=22764, stack(0x000000bd80400000,0x000000bd80500000)]
  0x000001db87d3b000 JavaThread "jar transforms Thread 93" [_thread_blocked, id=25972, stack(0x000000bd80500000,0x000000bd80600000)]
  0x000001db87d37800 JavaThread "jar transforms Thread 94" [_thread_blocked, id=21232, stack(0x000000bd80600000,0x000000bd80700000)]
  0x000001db87d3c000 JavaThread "jar transforms Thread 95" [_thread_blocked, id=27144, stack(0x000000bd80700000,0x000000bd80800000)]
  0x000001db87d36000 JavaThread "jar transforms Thread 96" [_thread_blocked, id=14216, stack(0x000000bd80800000,0x000000bd80900000)]
  0x000001db87d3c800 JavaThread "jar transforms Thread 97" [_thread_blocked, id=19240, stack(0x000000bd80900000,0x000000bd80a00000)]
  0x000001db87d37000 JavaThread "jar transforms Thread 98" [_thread_blocked, id=22044, stack(0x000000bd80a00000,0x000000bd80b00000)]
  0x000001db87d43000 JavaThread "jar transforms Thread 99" [_thread_blocked, id=13012, stack(0x000000bd80b00000,0x000000bd80c00000)]
  0x000001db87d40800 JavaThread "jar transforms Thread 100" [_thread_blocked, id=12368, stack(0x000000bd80c00000,0x000000bd80d00000)]
  0x000001db87d3d800 JavaThread "jar transforms Thread 101" [_thread_blocked, id=22324, stack(0x000000bd80d00000,0x000000bd80e00000)]
  0x000001db87d42800 JavaThread "jar transforms Thread 102" [_thread_blocked, id=25032, stack(0x000000bd80e00000,0x000000bd80f00000)]
  0x000001db87d44000 JavaThread "jar transforms Thread 103" [_thread_blocked, id=27588, stack(0x000000bd80f00000,0x000000bd81000000)]
  0x000001db87d41800 JavaThread "jar transforms Thread 104" [_thread_blocked, id=15496, stack(0x000000bd81000000,0x000000bd81100000)]
  0x000001db87d3e800 JavaThread "jar transforms Thread 105" [_thread_blocked, id=15716, stack(0x000000bd81100000,0x000000bd81200000)]
  0x000001db87d45000 JavaThread "jar transforms Thread 106" [_thread_blocked, id=25512, stack(0x000000bd81200000,0x000000bd81300000)]
  0x000001db87d3f000 JavaThread "jar transforms Thread 107" [_thread_blocked, id=26360, stack(0x000000bd81300000,0x000000bd81400000)]
  0x000001db87d40000 JavaThread "jar transforms Thread 108" [_thread_blocked, id=22584, stack(0x000000bd81400000,0x000000bd81500000)]
  0x000001db89a76000 JavaThread "jar transforms Thread 109" [_thread_blocked, id=26192, stack(0x000000bd81500000,0x000000bd81600000)]
  0x000001db89a78800 JavaThread "jar transforms Thread 110" [_thread_blocked, id=10712, stack(0x000000bd81600000,0x000000bd81700000)]
  0x000001db89a74000 JavaThread "jar transforms Thread 111" [_thread_blocked, id=18680, stack(0x000000bd81700000,0x000000bd81800000)]
  0x000001db89a79000 JavaThread "jar transforms Thread 112" [_thread_blocked, id=17580, stack(0x000000bd81800000,0x000000bd81900000)]
  0x000001db89a75000 JavaThread "jar transforms Thread 113" [_thread_blocked, id=11500, stack(0x000000bd81900000,0x000000bd81a00000)]
  0x000001db89a7a000 JavaThread "jar transforms Thread 114" [_thread_blocked, id=15620, stack(0x000000bd81a00000,0x000000bd81b00000)]
  0x000001db89a7b000 JavaThread "jar transforms Thread 115" [_thread_blocked, id=844, stack(0x000000bd81b00000,0x000000bd81c00000)]
  0x000001db89a7b800 JavaThread "jar transforms Thread 116" [_thread_blocked, id=7936, stack(0x000000bd81c00000,0x000000bd81d00000)]
  0x000001db89a7c800 JavaThread "jar transforms Thread 117" [_thread_blocked, id=10456, stack(0x000000bd81d00000,0x000000bd81e00000)]
  0x000001db89a76800 JavaThread "jar transforms Thread 118" [_thread_blocked, id=27512, stack(0x000000bd81e00000,0x000000bd81f00000)]
  0x000001db89a7d000 JavaThread "jar transforms Thread 119" [_thread_blocked, id=26584, stack(0x000000bd81f00000,0x000000bd82000000)]
=>0x000001db89fa3000 JavaThread "C2 CompilerThread2" daemon [_thread_in_native, id=16432, stack(0x000000bd82000000,0x000000bd82100000)]
  0x000001db89a7e000 JavaThread "Memory manager" [_thread_blocked, id=19060, stack(0x000000bd82100000,0x000000bd82200000)]
  0x000001db89a80800 JavaThread "build event listener" [_thread_blocked, id=9312, stack(0x000000bd82500000,0x000000bd82600000)]
  0x000001db89a81800 JavaThread "build event listener" [_thread_blocked, id=12664, stack(0x000000bd82600000,0x000000bd82700000)]
  0x000001db89a83000 JavaThread "Execution worker for ':'" [_thread_blocked, id=2040, stack(0x000000bd82700000,0x000000bd82800000)]
  0x000001db89a7f000 JavaThread "Execution worker for ':' Thread 2" [_thread_blocked, id=5444, stack(0x000000bd82800000,0x000000bd82900000)]
  0x000001db89a7f800 JavaThread "Execution worker for ':' Thread 3" [_thread_blocked, id=5740, stack(0x000000bd82900000,0x000000bd82a00000)]
  0x000001db85be5800 JavaThread "Execution worker for ':' Thread 4" [_thread_blocked, id=26432, stack(0x000000bd82a00000,0x000000bd82b00000)]
  0x000001db85be8000 JavaThread "Execution worker for ':' Thread 5" [_thread_blocked, id=1336, stack(0x000000bd82b00000,0x000000bd82c00000)]
  0x000001db85be6800 JavaThread "Execution worker for ':' Thread 6" [_thread_blocked, id=4736, stack(0x000000bd82c00000,0x000000bd82d00000)]
  0x000001db85be4000 JavaThread "Execution worker for ':' Thread 7" [_thread_blocked, id=24332, stack(0x000000bd82d00000,0x000000bd82e00000)]
  0x000001db85be7000 JavaThread "Cache worker for execution history cache (E:\OfficeGit\Berger_Xpress_Visualizer\Berger_Visualizer\Berger Visualizer\.gradle\6.7.1\executionHistory)" [_thread_blocked, id=22224, stack(0x000000bd82e00000,0x000000bd82f00000)]
  0x000001db85be5000 JavaThread "WorkerExecutor Queue" [_thread_in_native, id=24424, stack(0x000000bd82f00000,0x000000bd83000000)]
  0x000001db85be9000 JavaThread "Exec process" [_thread_blocked, id=13488, stack(0x000000bd83100000,0x000000bd83200000)]
  0x000001db85be3000 JavaThread "Exec process Thread 2" [_thread_blocked, id=15432, stack(0x000000bd83200000,0x000000bd83300000)]
  0x000001db8950b000 JavaThread "Exec process Thread 3" [_thread_blocked, id=20796, stack(0x000000bd83300000,0x000000bd83400000)]
  0x000001db89505800 JavaThread "WorkerExecutor Queue Thread 3" [_thread_blocked, id=20304, stack(0x000000bd83400000,0x000000bd83500000)]
  0x000001db89507800 JavaThread "WorkerExecutor Queue Thread 4" [_thread_in_native, id=19676, stack(0x000000bd83000000,0x000000bd83100000)]
  0x000001db8950a000 JavaThread "WorkerExecutor Queue Thread 5" [_thread_in_native, id=27280, stack(0x000000bd83500000,0x000000bd83600000)]
  0x000001db89507000 JavaThread "WorkerExecutor Queue Thread 6" [_thread_in_native, id=9072, stack(0x000000bd83600000,0x000000bd83700000)]
  0x000001db8950c000 JavaThread "WorkerExecutor Queue Thread 7" [_thread_in_native, id=5564, stack(0x000000bd83700000,0x000000bd83800000)]
  0x000001db89508800 JavaThread "WorkerExecutor Queue Thread 8" [_thread_in_native, id=10760, stack(0x000000bd83800000,0x000000bd83900000)]
  0x000001db89506000 JavaThread "WorkerExecutor Queue Thread 9" [_thread_in_native, id=23784, stack(0x000000bd83900000,0x000000bd83a00000)]
  0x000001db8950e000 JavaThread "pool-4-thread-1" [_thread_blocked, id=25556, stack(0x000000bd83a00000,0x000000bd83b00000)]
  0x000001db8950c800 JavaThread "stderr" [_thread_in_native, id=25888, stack(0x000000bd83b00000,0x000000bd83c00000)]
  0x000001db8950f000 JavaThread "stdout" [_thread_in_native, id=10976, stack(0x000000bd83c00000,0x000000bd83d00000)]
  0x000001db8950d800 JavaThread "stderr" [_thread_in_native, id=25756, stack(0x000000bd83d00000,0x000000bd83e00000)]
  0x000001db89509800 JavaThread "stdout" [_thread_in_native, id=26236, stack(0x000000bd83e00000,0x000000bd83f00000)]
  0x000001db89512800 JavaThread "stderr" [_thread_in_native, id=22592, stack(0x000000bd83f00000,0x000000bd84000000)]
  0x000001db89510000 JavaThread "stdout" [_thread_in_native, id=24228, stack(0x000000bd84000000,0x000000bd84100000)]
  0x000001db89514000 JavaThread "stderr" [_thread_in_native, id=21516, stack(0x000000bd84100000,0x000000bd84200000)]
  0x000001db89510800 JavaThread "stdout" [_thread_in_native, id=22560, stack(0x000000bd84200000,0x000000bd84300000)]
  0x000001db89511800 JavaThread "stderr" [_thread_in_native, id=17912, stack(0x000000bd84300000,0x000000bd84400000)]
  0x000001db89513000 JavaThread "stdout" [_thread_in_native, id=21840, stack(0x000000bd84400000,0x000000bd84500000)]
  0x000001db85be2800 JavaThread "stderr" [_thread_in_native, id=26844, stack(0x000000bd84500000,0x000000bd84600000)]
  0x000001db8c77d000 JavaThread "stdout" [_thread_in_native, id=7044, stack(0x000000bd84600000,0x000000bd84700000)]
  0x000001db8c77a000 JavaThread "WorkerExecutor Queue Thread 10" [_thread_blocked, id=22288, stack(0x000000bd84700000,0x000000bd84800000)]

Other Threads:
  0x000001dbffc50800 VMThread "VM Thread" [stack: 0x000000bdf7600000,0x000000bdf7700000] [id=19184]
  0x000001dbffe28000 WatcherThread [stack: 0x000000bdf8000000,0x000000bdf8100000] [id=16648]
  0x000001dbe8f83000 GCTaskThread "GC Thread#0" [stack: 0x000000bdf7100000,0x000000bdf7200000] [id=9468]
  0x000001db847ce800 GCTaskThread "GC Thread#1" [stack: 0x000000bdf8200000,0x000000bdf8300000] [id=24660]
  0x000001db847cf000 GCTaskThread "GC Thread#2" [stack: 0x000000bdf8300000,0x000000bdf8400000] [id=11480]
  0x000001db84727000 GCTaskThread "GC Thread#3" [stack: 0x000000bdf8400000,0x000000bdf8500000] [id=21264]
  0x000001db84728000 GCTaskThread "GC Thread#4" [stack: 0x000000bdf8500000,0x000000bdf8600000] [id=24856]
  0x000001db84d04000 GCTaskThread "GC Thread#5" [stack: 0x000000bdf8600000,0x000000bdf8700000] [id=2052]
  0x000001db865aa800 GCTaskThread "GC Thread#6" [stack: 0x000000bdf8f00000,0x000000bdf9000000] [id=4604]
  0x000001db85b0a000 GCTaskThread "GC Thread#7" [stack: 0x000000bdf9500000,0x000000bdf9600000] [id=25620]
  0x000001dbe8fb5800 ConcurrentGCThread "G1 Main Marker" [stack: 0x000000bdf7200000,0x000000bdf7300000] [id=27388]
  0x000001dbe8fb7800 ConcurrentGCThread "G1 Conc#0" [stack: 0x000000bdf7300000,0x000000bdf7400000] [id=20920]
  0x000001db857f8800 ConcurrentGCThread "G1 Conc#1" [stack: 0x000000bdf9600000,0x000000bdf9700000] [id=20520]
  0x000001dbe902e000 ConcurrentGCThread "G1 Refine#0" [stack: 0x000000bdf7400000,0x000000bdf7500000] [id=19928]
  0x000001db8b954000 ConcurrentGCThread "G1 Refine#1" [stack: 0x000000bd82200000,0x000000bd82300000] [id=7048]
  0x000001db8b955000 ConcurrentGCThread "G1 Refine#2" [stack: 0x000000bd82300000,0x000000bd82400000] [id=7612]
  0x000001db89b7d800 ConcurrentGCThread "G1 Refine#3" [stack: 0x000000bd82400000,0x000000bd82500000] [id=24912]
  0x000001dbff29a800 ConcurrentGCThread "G1 Young RemSet Sampling" [stack: 0x000000bdf7500000,0x000000bdf7600000] [id=22664]

Threads with active compile tasks:
C2 CompilerThread2  23872 13595   !   4       java.io.ObjectOutputStream::writeSerialData (221 bytes)

VM state:not at safepoint (normal execution)

VM Mutex/Monitor currently owned by a thread: None

Heap address: 0x0000000080000000, size: 2048 MB, Compressed Oops mode: 32-bit
Narrow klass base: 0x0000000000000000, Narrow klass shift: 3
Compressed class space size: 1073741824 Address: 0x0000000100000000

Heap:
 garbage-first heap   total 262144K, used 203776K [0x0000000080000000, 0x0000000100000000)
  region size 1024K, 93 young (95232K), 5 survivors (5120K)
 Metaspace       used 97335K, capacity 99636K, committed 99840K, reserved 1136640K
  class space    used 12170K, capacity 12971K, committed 13056K, reserved 1048576K
Heap Regions: E=young(eden), S=young(survivor), O=old, HS=humongous(starts), HC=humongous(continues), CS=collection set, F=free, A=archive, TAMS=top-at-mark-start (previous, next)
|   0|0x0000000080000000, 0x0000000080100000, 0x0000000080100000|100%| O|  |TAMS 0x0000000080100000, 0x0000000080000000| Untracked 
|   1|0x0000000080100000, 0x0000000080200000, 0x0000000080200000|100%| O|  |TAMS 0x0000000080200000, 0x0000000080100000| Untracked 
|   2|0x0000000080200000, 0x0000000080300000, 0x0000000080300000|100%| O|  |TAMS 0x0000000080300000, 0x0000000080200000| Untracked 
|   3|0x0000000080300000, 0x0000000080400000, 0x0000000080400000|100%|HS|  |TAMS 0x0000000080400000, 0x0000000080300000| Complete 
|   4|0x0000000080400000, 0x0000000080500000, 0x0000000080500000|100%|HC|  |TAMS 0x0000000080500000, 0x0000000080400000| Complete 
|   5|0x0000000080500000, 0x0000000080600000, 0x0000000080600000|100%|HC|  |TAMS 0x0000000080600000, 0x0000000080500000| Complete 
|   6|0x0000000080600000, 0x0000000080700000, 0x0000000080700000|100%| O|  |TAMS 0x0000000080700000, 0x0000000080600000| Untracked 
|   7|0x0000000080700000, 0x0000000080800000, 0x0000000080800000|100%| O|  |TAMS 0x0000000080800000, 0x0000000080700000| Untracked 
|   8|0x0000000080800000, 0x0000000080900000, 0x0000000080900000|100%| O|  |TAMS 0x0000000080900000, 0x0000000080800000| Untracked 
|   9|0x0000000080900000, 0x0000000080a00000, 0x0000000080a00000|100%| O|  |TAMS 0x0000000080a00000, 0x0000000080900000| Untracked 
|  10|0x0000000080a00000, 0x0000000080b00000, 0x0000000080b00000|100%| O|  |TAMS 0x0000000080b00000, 0x0000000080a00000| Untracked 
|  11|0x0000000080b00000, 0x0000000080c00000, 0x0000000080c00000|100%| O|  |TAMS 0x0000000080c00000, 0x0000000080b00000| Untracked 
|  12|0x0000000080c00000, 0x0000000080d00000, 0x0000000080d00000|100%| O|  |TAMS 0x0000000080d00000, 0x0000000080c00000| Untracked 
|  13|0x0000000080d00000, 0x0000000080e00000, 0x0000000080e00000|100%| O|  |TAMS 0x0000000080e00000, 0x0000000080d00000| Untracked 
|  14|0x0000000080e00000, 0x0000000080f00000, 0x0000000080f00000|100%| O|  |TAMS 0x0000000080f00000, 0x0000000080e00000| Untracked 
|  15|0x0000000080f00000, 0x0000000081000000, 0x0000000081000000|100%| O|  |TAMS 0x0000000081000000, 0x0000000080f00000| Untracked 
|  16|0x0000000081000000, 0x0000000081100000, 0x0000000081100000|100%|HS|  |TAMS 0x0000000081100000, 0x0000000081000000| Complete 
|  17|0x0000000081100000, 0x0000000081200000, 0x0000000081200000|100%|HS|  |TAMS 0x0000000081200000, 0x0000000081100000| Complete 
|  18|0x0000000081200000, 0x0000000081300000, 0x0000000081300000|100%|HS|  |TAMS 0x0000000081300000, 0x0000000081200000| Complete 
|  19|0x0000000081300000, 0x0000000081400000, 0x0000000081400000|100%|HC|  |TAMS 0x0000000081400000, 0x0000000081300000| Complete 
|  20|0x0000000081400000, 0x0000000081500000, 0x0000000081500000|100%|HC|  |TAMS 0x0000000081500000, 0x0000000081400000| Complete 
|  21|0x0000000081500000, 0x0000000081600000, 0x0000000081600000|100%|HS|  |TAMS 0x0000000081600000, 0x0000000081500000| Complete 
|  22|0x0000000081600000, 0x0000000081700000, 0x0000000081700000|100%|HC|  |TAMS 0x0000000081700000, 0x0000000081600000| Complete 
|  23|0x0000000081700000, 0x0000000081800000, 0x0000000081800000|100%| O|  |TAMS 0x0000000081800000, 0x0000000081700000| Untracked 
|  24|0x0000000081800000, 0x0000000081900000, 0x0000000081900000|100%| O|  |TAMS 0x0000000081900000, 0x0000000081800000| Untracked 
|  25|0x0000000081900000, 0x0000000081a00000, 0x0000000081a00000|100%| O|  |TAMS 0x0000000081a00000, 0x0000000081900000| Untracked 
|  26|0x0000000081a00000, 0x0000000081b00000, 0x0000000081b00000|100%| O|  |TAMS 0x0000000081b00000, 0x0000000081a00000| Untracked 
|  27|0x0000000081b00000, 0x0000000081c00000, 0x0000000081c00000|100%| O|  |TAMS 0x0000000081b00000, 0x0000000081b00000| Untracked 
|  28|0x0000000081c00000, 0x0000000081d00000, 0x0000000081d00000|100%| O|  |TAMS 0x0000000081d00000, 0x0000000081c00000| Untracked 
|  29|0x0000000081d00000, 0x0000000081e00000, 0x0000000081e00000|100%| O|  |TAMS 0x0000000081e00000, 0x0000000081d00000| Untracked 
|  30|0x0000000081e00000, 0x0000000081f00000, 0x0000000081f00000|100%| O|  |TAMS 0x0000000081f00000, 0x0000000081e00000| Untracked 
|  31|0x0000000081f00000, 0x0000000082000000, 0x0000000082000000|100%| O|  |TAMS 0x0000000082000000, 0x0000000081f00000| Untracked 
|  32|0x0000000082000000, 0x0000000082100000, 0x0000000082100000|100%| O|  |TAMS 0x0000000082100000, 0x0000000082000000| Untracked 
|  33|0x0000000082100000, 0x0000000082200000, 0x0000000082200000|100%| O|  |TAMS 0x0000000082200000, 0x0000000082100000| Untracked 
|  34|0x0000000082200000, 0x0000000082300000, 0x0000000082300000|100%| O|  |TAMS 0x0000000082300000, 0x0000000082200000| Untracked 
|  35|0x0000000082300000, 0x0000000082400000, 0x0000000082400000|100%| O|  |TAMS 0x0000000082400000, 0x0000000082300000| Untracked 
|  36|0x0000000082400000, 0x0000000082500000, 0x0000000082500000|100%| O|  |TAMS 0x0000000082500000, 0x0000000082400000| Untracked 
|  37|0x0000000082500000, 0x0000000082600000, 0x0000000082600000|100%| O|  |TAMS 0x0000000082600000, 0x0000000082500000| Untracked 
|  38|0x0000000082600000, 0x0000000082700000, 0x0000000082700000|100%| O|  |TAMS 0x0000000082700000, 0x0000000082600000| Untracked 
|  39|0x0000000082700000, 0x0000000082800000, 0x0000000082800000|100%| O|  |TAMS 0x0000000082800000, 0x0000000082700000| Untracked 
|  40|0x0000000082800000, 0x0000000082900000, 0x0000000082900000|100%| O|  |TAMS 0x0000000082900000, 0x0000000082800000| Untracked 
|  41|0x0000000082900000, 0x0000000082a00000, 0x0000000082a00000|100%| O|  |TAMS 0x0000000082a00000, 0x0000000082900000| Untracked 
|  42|0x0000000082a00000, 0x0000000082b00000, 0x0000000082b00000|100%| O|  |TAMS 0x0000000082b00000, 0x0000000082a00000| Untracked 
|  43|0x0000000082b00000, 0x0000000082c00000, 0x0000000082c00000|100%| O|  |TAMS 0x0000000082c00000, 0x0000000082b00000| Untracked 
|  44|0x0000000082c00000, 0x0000000082d00000, 0x0000000082d00000|100%| O|  |TAMS 0x0000000082d00000, 0x0000000082c00000| Untracked 
|  45|0x0000000082d00000, 0x0000000082e00000, 0x0000000082e00000|100%| O|  |TAMS 0x0000000082e00000, 0x0000000082d00000| Untracked 
|  46|0x0000000082e00000, 0x0000000082f00000, 0x0000000082f00000|100%| O|  |TAMS 0x0000000082f00000, 0x0000000082e00000| Untracked 
|  47|0x0000000082f00000, 0x0000000083000000, 0x0000000083000000|100%| O|  |TAMS 0x0000000082fb4c00, 0x0000000082f00000| Untracked 
|  48|0x0000000083000000, 0x0000000083100000, 0x0000000083100000|100%| O|  |TAMS 0x0000000083000000, 0x0000000083000000| Untracked 
|  49|0x0000000083100000, 0x0000000083200000, 0x0000000083200000|100%| O|  |TAMS 0x0000000083100000, 0x0000000083100000| Untracked 
|  50|0x0000000083200000, 0x0000000083300000, 0x0000000083300000|100%| O|  |TAMS 0x0000000083200000, 0x0000000083200000| Untracked 
|  51|0x0000000083300000, 0x0000000083400000, 0x0000000083400000|100%| O|  |TAMS 0x0000000083300000, 0x0000000083300000| Untracked 
|  52|0x0000000083400000, 0x0000000083500000, 0x0000000083500000|100%| O|  |TAMS 0x0000000083400000, 0x0000000083400000| Untracked 
|  53|0x0000000083500000, 0x0000000083600000, 0x0000000083600000|100%| O|  |TAMS 0x0000000083500000, 0x0000000083500000| Untracked 
|  54|0x0000000083600000, 0x0000000083700000, 0x0000000083700000|100%| O|  |TAMS 0x0000000083600000, 0x0000000083600000| Untracked 
|  55|0x0000000083700000, 0x0000000083800000, 0x0000000083800000|100%| O|  |TAMS 0x0000000083700000, 0x0000000083700000| Untracked 
|  56|0x0000000083800000, 0x0000000083900000, 0x0000000083900000|100%| O|  |TAMS 0x0000000083800000, 0x0000000083800000| Untracked 
|  57|0x0000000083900000, 0x0000000083a00000, 0x0000000083a00000|100%|HS|  |TAMS 0x0000000083900000, 0x0000000083900000| Complete 
|  58|0x0000000083a00000, 0x0000000083b00000, 0x0000000083b00000|100%| O|  |TAMS 0x0000000083a00000, 0x0000000083a00000| Untracked 
|  59|0x0000000083b00000, 0x0000000083c00000, 0x0000000083c00000|100%| O|  |TAMS 0x0000000083b00000, 0x0000000083b00000| Untracked 
|  60|0x0000000083c00000, 0x0000000083d00000, 0x0000000083d00000|100%| O|  |TAMS 0x0000000083c00000, 0x0000000083c00000| Untracked 
|  61|0x0000000083d00000, 0x0000000083e00000, 0x0000000083e00000|100%| O|  |TAMS 0x0000000083d00000, 0x0000000083d00000| Untracked 
|  62|0x0000000083e00000, 0x0000000083f00000, 0x0000000083f00000|100%| O|  |TAMS 0x0000000083e00000, 0x0000000083e00000| Untracked 
|  63|0x0000000083f00000, 0x0000000084000000, 0x0000000084000000|100%| O|  |TAMS 0x0000000083f00000, 0x0000000083f00000| Untracked 
|  64|0x0000000084000000, 0x0000000084100000, 0x0000000084100000|100%| O|  |TAMS 0x0000000084000000, 0x0000000084000000| Untracked 
|  65|0x0000000084100000, 0x0000000084200000, 0x0000000084200000|100%| O|  |TAMS 0x0000000084100000, 0x0000000084100000| Untracked 
|  66|0x0000000084200000, 0x0000000084300000, 0x0000000084300000|100%| O|  |TAMS 0x0000000084200000, 0x0000000084200000| Untracked 
|  67|0x0000000084300000, 0x0000000084400000, 0x0000000084400000|100%| O|  |TAMS 0x0000000084300000, 0x0000000084300000| Untracked 
|  68|0x0000000084400000, 0x0000000084500000, 0x0000000084500000|100%| O|  |TAMS 0x0000000084400000, 0x0000000084400000| Untracked 
|  69|0x0000000084500000, 0x0000000084600000, 0x0000000084600000|100%| O|  |TAMS 0x0000000084500000, 0x0000000084500000| Untracked 
|  70|0x0000000084600000, 0x0000000084700000, 0x0000000084700000|100%| O|  |TAMS 0x0000000084600000, 0x0000000084600000| Untracked 
|  71|0x0000000084700000, 0x0000000084800000, 0x0000000084800000|100%| O|  |TAMS 0x0000000084700000, 0x0000000084700000| Untracked 
|  72|0x0000000084800000, 0x0000000084900000, 0x0000000084900000|100%|HS|  |TAMS 0x0000000084800000, 0x0000000084800000| Complete 
|  73|0x0000000084900000, 0x0000000084a00000, 0x0000000084a00000|100%| O|  |TAMS 0x0000000084900000, 0x0000000084900000| Untracked 
|  74|0x0000000084a00000, 0x0000000084b00000, 0x0000000084b00000|100%| O|  |TAMS 0x0000000084a00000, 0x0000000084a00000| Untracked 
|  75|0x0000000084b00000, 0x0000000084c00000, 0x0000000084c00000|100%| O|  |TAMS 0x0000000084b00000, 0x0000000084b00000| Untracked 
|  76|0x0000000084c00000, 0x0000000084d00000, 0x0000000084d00000|100%| O|  |TAMS 0x0000000084c00000, 0x0000000084c00000| Untracked 
|  77|0x0000000084d00000, 0x0000000084e00000, 0x0000000084e00000|100%| O|  |TAMS 0x0000000084d00000, 0x0000000084d00000| Untracked 
|  78|0x0000000084e00000, 0x0000000084f00000, 0x0000000084f00000|100%| O|  |TAMS 0x0000000084e00000, 0x0000000084e00000| Untracked 
|  79|0x0000000084f00000, 0x0000000085000000, 0x0000000085000000|100%| O|  |TAMS 0x0000000084f00000, 0x0000000084f00000| Untracked 
|  80|0x0000000085000000, 0x0000000085100000, 0x0000000085100000|100%| O|  |TAMS 0x0000000085000000, 0x0000000085000000| Untracked 
|  81|0x0000000085100000, 0x0000000085200000, 0x0000000085200000|100%| O|  |TAMS 0x0000000085100000, 0x0000000085100000| Untracked 
|  82|0x0000000085200000, 0x0000000085300000, 0x0000000085300000|100%|HS|  |TAMS 0x0000000085200000, 0x0000000085200000| Complete 
|  83|0x0000000085300000, 0x0000000085400000, 0x0000000085400000|100%|HC|  |TAMS 0x0000000085300000, 0x0000000085300000| Complete 
|  84|0x0000000085400000, 0x0000000085400000, 0x0000000085500000|  0%| F|  |TAMS 0x0000000085400000, 0x0000000085400000| Untracked 
|  85|0x0000000085500000, 0x0000000085500000, 0x0000000085600000|  0%| F|  |TAMS 0x0000000085500000, 0x0000000085500000| Untracked 
|  86|0x0000000085600000, 0x0000000085600000, 0x0000000085700000|  0%| F|  |TAMS 0x0000000085600000, 0x0000000085600000| Untracked 
|  87|0x0000000085700000, 0x0000000085700000, 0x0000000085800000|  0%| F|  |TAMS 0x0000000085700000, 0x0000000085700000| Untracked 
|  88|0x0000000085800000, 0x0000000085900000, 0x0000000085900000|100%| O|  |TAMS 0x0000000085800000, 0x0000000085800000| Untracked 
|  89|0x0000000085900000, 0x0000000085a00000, 0x0000000085a00000|100%| O|  |TAMS 0x0000000085900000, 0x0000000085900000| Untracked 
|  90|0x0000000085a00000, 0x0000000085b00000, 0x0000000085b00000|100%| O|  |TAMS 0x0000000085a00000, 0x0000000085a00000| Untracked 
|  91|0x0000000085b00000, 0x0000000085c00000, 0x0000000085c00000|100%| O|  |TAMS 0x0000000085b00000, 0x0000000085b00000| Untracked 
|  92|0x0000000085c00000, 0x0000000085d00000, 0x0000000085d00000|100%| O|  |TAMS 0x0000000085c00000, 0x0000000085c00000| Untracked 
|  93|0x0000000085d00000, 0x0000000085e00000, 0x0000000085e00000|100%| O|  |TAMS 0x0000000085d00000, 0x0000000085d00000| Untracked 
|  94|0x0000000085e00000, 0x0000000085f00000, 0x0000000085f00000|100%| O|  |TAMS 0x0000000085e00000, 0x0000000085e00000| Untracked 
|  95|0x0000000085f00000, 0x0000000086000000, 0x0000000086000000|100%| O|  |TAMS 0x0000000085f00000, 0x0000000085f00000| Untracked 
|  96|0x0000000086000000, 0x0000000086100000, 0x0000000086100000|100%| O|  |TAMS 0x0000000086000000, 0x0000000086000000| Untracked 
|  97|0x0000000086100000, 0x0000000086200000, 0x0000000086200000|100%| O|  |TAMS 0x0000000086100000, 0x0000000086100000| Untracked 
|  98|0x0000000086200000, 0x0000000086300000, 0x0000000086300000|100%| O|  |TAMS 0x0000000086200000, 0x0000000086200000| Untracked 
|  99|0x0000000086300000, 0x0000000086400000, 0x0000000086400000|100%| O|  |TAMS 0x0000000086300000, 0x0000000086300000| Untracked 
| 100|0x0000000086400000, 0x0000000086500000, 0x0000000086500000|100%| O|  |TAMS 0x0000000086400000, 0x0000000086400000| Untracked 
| 101|0x0000000086500000, 0x0000000086600000, 0x0000000086600000|100%| O|  |TAMS 0x0000000086500000, 0x0000000086500000| Untracked 
| 102|0x0000000086600000, 0x0000000086700000, 0x0000000086700000|100%| O|  |TAMS 0x0000000086600000, 0x0000000086600000| Untracked 
| 103|0x0000000086700000, 0x0000000086700000, 0x0000000086800000|  0%| F|  |TAMS 0x0000000086700000, 0x0000000086700000| Untracked 
| 104|0x0000000086800000, 0x0000000086800000, 0x0000000086900000|  0%| F|  |TAMS 0x0000000086800000, 0x0000000086800000| Untracked 
| 105|0x0000000086900000, 0x0000000086900000, 0x0000000086a00000|  0%| F|  |TAMS 0x0000000086900000, 0x0000000086900000| Untracked 
| 106|0x0000000086a00000, 0x0000000086a00000, 0x0000000086b00000|  0%| F|  |TAMS 0x0000000086a00000, 0x0000000086a00000| Untracked 
| 107|0x0000000086b00000, 0x0000000086b00000, 0x0000000086c00000|  0%| F|  |TAMS 0x0000000086b00000, 0x0000000086b00000| Untracked 
| 108|0x0000000086c00000, 0x0000000086c00000, 0x0000000086d00000|  0%| F|  |TAMS 0x0000000086c00000, 0x0000000086c00000| Untracked 
| 109|0x0000000086d00000, 0x0000000086d00000, 0x0000000086e00000|  0%| F|  |TAMS 0x0000000086d00000, 0x0000000086d00000| Untracked 
| 110|0x0000000086e00000, 0x0000000086e00000, 0x0000000086f00000|  0%| F|  |TAMS 0x0000000086e00000, 0x0000000086e00000| Untracked 
| 111|0x0000000086f00000, 0x0000000087000000, 0x0000000087000000|100%| O|  |TAMS 0x0000000086f00000, 0x0000000086f00000| Untracked 
| 112|0x0000000087000000, 0x0000000087100000, 0x0000000087100000|100%| O|  |TAMS 0x0000000087000000, 0x0000000087000000| Untracked 
| 113|0x0000000087100000, 0x0000000087200000, 0x0000000087200000|100%| O|  |TAMS 0x0000000087100000, 0x0000000087100000| Untracked 
| 114|0x0000000087200000, 0x0000000087300000, 0x0000000087300000|100%| O|  |TAMS 0x0000000087200000, 0x0000000087200000| Untracked 
| 115|0x0000000087300000, 0x0000000087400000, 0x0000000087400000|100%| O|  |TAMS 0x0000000087300000, 0x0000000087300000| Untracked 
| 116|0x0000000087400000, 0x0000000087500000, 0x0000000087500000|100%| O|  |TAMS 0x0000000087400000, 0x0000000087400000| Untracked 
| 117|0x0000000087500000, 0x0000000087600000, 0x0000000087600000|100%| O|  |TAMS 0x0000000087500000, 0x0000000087500000| Untracked 
| 118|0x0000000087600000, 0x0000000087700000, 0x0000000087700000|100%| O|  |TAMS 0x0000000087600000, 0x0000000087600000| Untracked 
| 119|0x0000000087700000, 0x0000000087800000, 0x0000000087800000|100%| O|  |TAMS 0x0000000087700000, 0x0000000087700000| Untracked 
| 120|0x0000000087800000, 0x0000000087800000, 0x0000000087900000|  0%| F|  |TAMS 0x0000000087800000, 0x0000000087800000| Untracked 
| 121|0x0000000087900000, 0x0000000087900000, 0x0000000087a00000|  0%| F|  |TAMS 0x0000000087900000, 0x0000000087900000| Untracked 
| 122|0x0000000087a00000, 0x0000000087a00000, 0x0000000087b00000|  0%| F|  |TAMS 0x0000000087a00000, 0x0000000087a00000| Untracked 
| 123|0x0000000087b00000, 0x0000000087b00000, 0x0000000087c00000|  0%| F|  |TAMS 0x0000000087b00000, 0x0000000087b00000| Untracked 
| 124|0x0000000087c00000, 0x0000000087c00000, 0x0000000087d00000|  0%| F|  |TAMS 0x0000000087c00000, 0x0000000087c00000| Untracked 
| 125|0x0000000087d00000, 0x0000000087d00000, 0x0000000087e00000|  0%| F|  |TAMS 0x0000000087d00000, 0x0000000087d00000| Untracked 
| 126|0x0000000087e00000, 0x0000000087e00000, 0x0000000087f00000|  0%| F|  |TAMS 0x0000000087e00000, 0x0000000087e00000| Untracked 
| 127|0x0000000087f00000, 0x0000000087f00000, 0x0000000088000000|  0%| F|  |TAMS 0x0000000087f00000, 0x0000000087f00000| Untracked 
| 128|0x0000000088000000, 0x0000000088000000, 0x0000000088100000|  0%| F|  |TAMS 0x0000000088000000, 0x0000000088000000| Untracked 
| 129|0x0000000088100000, 0x0000000088100000, 0x0000000088200000|  0%| F|  |TAMS 0x0000000088100000, 0x0000000088100000| Untracked 
| 130|0x0000000088200000, 0x0000000088200000, 0x0000000088300000|  0%| F|  |TAMS 0x0000000088200000, 0x0000000088200000| Untracked 
| 131|0x0000000088300000, 0x0000000088300000, 0x0000000088400000|  0%| F|  |TAMS 0x0000000088300000, 0x0000000088300000| Untracked 
| 132|0x0000000088400000, 0x0000000088400000, 0x0000000088500000|  0%| F|  |TAMS 0x0000000088400000, 0x0000000088400000| Untracked 
| 133|0x0000000088500000, 0x0000000088500000, 0x0000000088600000|  0%| F|  |TAMS 0x0000000088500000, 0x0000000088500000| Untracked 
| 134|0x0000000088600000, 0x0000000088600000, 0x0000000088700000|  0%| F|  |TAMS 0x0000000088600000, 0x0000000088600000| Untracked 
| 135|0x0000000088700000, 0x0000000088700000, 0x0000000088800000|  0%| F|  |TAMS 0x0000000088700000, 0x0000000088700000| Untracked 
| 136|0x0000000088800000, 0x0000000088800000, 0x0000000088900000|  0%| F|  |TAMS 0x0000000088800000, 0x0000000088800000| Untracked 
| 137|0x0000000088900000, 0x0000000088900000, 0x0000000088a00000|  0%| F|  |TAMS 0x0000000088900000, 0x0000000088900000| Untracked 
| 138|0x0000000088a00000, 0x0000000088a00000, 0x0000000088b00000|  0%| F|  |TAMS 0x0000000088a00000, 0x0000000088a00000| Untracked 
| 139|0x0000000088b00000, 0x0000000088b00000, 0x0000000088c00000|  0%| F|  |TAMS 0x0000000088b00000, 0x0000000088b00000| Untracked 
| 140|0x0000000088c00000, 0x0000000088c00000, 0x0000000088d00000|  0%| F|  |TAMS 0x0000000088c00000, 0x0000000088c00000| Untracked 
| 141|0x0000000088d00000, 0x0000000088d00000, 0x0000000088e00000|  0%| F|  |TAMS 0x0000000088d00000, 0x0000000088d00000| Untracked 
| 142|0x0000000088e00000, 0x0000000088e00000, 0x0000000088f00000|  0%| F|  |TAMS 0x0000000088e00000, 0x0000000088e00000| Untracked 
| 143|0x0000000088f00000, 0x0000000088f00000, 0x0000000089000000|  0%| F|  |TAMS 0x0000000088f00000, 0x0000000088f00000| Untracked 
| 144|0x0000000089000000, 0x0000000089000000, 0x0000000089100000|  0%| F|  |TAMS 0x0000000089000000, 0x0000000089000000| Untracked 
| 145|0x0000000089100000, 0x0000000089100000, 0x0000000089200000|  0%| F|  |TAMS 0x0000000089100000, 0x0000000089100000| Untracked 
| 146|0x0000000089200000, 0x0000000089200000, 0x0000000089300000|  0%| F|  |TAMS 0x0000000089200000, 0x0000000089200000| Untracked 
| 147|0x0000000089300000, 0x0000000089300000, 0x0000000089400000|  0%| F|  |TAMS 0x0000000089300000, 0x0000000089300000| Untracked 
| 148|0x0000000089400000, 0x0000000089400000, 0x0000000089500000|  0%| F|  |TAMS 0x0000000089400000, 0x0000000089400000| Untracked 
| 149|0x0000000089500000, 0x0000000089500000, 0x0000000089600000|  0%| F|  |TAMS 0x0000000089500000, 0x0000000089500000| Untracked 
| 150|0x0000000089600000, 0x0000000089600000, 0x0000000089700000|  0%| F|  |TAMS 0x0000000089600000, 0x0000000089600000| Untracked 
| 151|0x0000000089700000, 0x0000000089700000, 0x0000000089800000|  0%| F|  |TAMS 0x0000000089700000, 0x0000000089700000| Untracked 
| 152|0x0000000089800000, 0x0000000089800000, 0x0000000089900000|  0%| F|  |TAMS 0x0000000089800000, 0x0000000089800000| Untracked 
| 153|0x0000000089900000, 0x0000000089900000, 0x0000000089a00000|  0%| F|  |TAMS 0x0000000089900000, 0x0000000089900000| Untracked 
| 154|0x0000000089a00000, 0x0000000089a00000, 0x0000000089b00000|  0%| F|  |TAMS 0x0000000089a00000, 0x0000000089a00000| Untracked 
| 155|0x0000000089b00000, 0x0000000089b00000, 0x0000000089c00000|  0%| F|  |TAMS 0x0000000089b00000, 0x0000000089b00000| Untracked 
| 156|0x0000000089c00000, 0x0000000089c00000, 0x0000000089d00000|  0%| F|  |TAMS 0x0000000089c00000, 0x0000000089c00000| Untracked 
| 157|0x0000000089d00000, 0x0000000089d00000, 0x0000000089e00000|  0%| F|  |TAMS 0x0000000089d00000, 0x0000000089d00000| Untracked 
| 158|0x0000000089e00000, 0x0000000089e00000, 0x0000000089f00000|  0%| F|  |TAMS 0x0000000089e00000, 0x0000000089e00000| Untracked 
| 159|0x0000000089f00000, 0x000000008a000000, 0x000000008a000000|100%| S|CS|TAMS 0x0000000089f00000, 0x0000000089f00000| Complete 
| 160|0x000000008a000000, 0x000000008a100000, 0x000000008a100000|100%| S|CS|TAMS 0x000000008a000000, 0x000000008a000000| Complete 
| 161|0x000000008a100000, 0x000000008a200000, 0x000000008a200000|100%| S|CS|TAMS 0x000000008a100000, 0x000000008a100000| Complete 
| 162|0x000000008a200000, 0x000000008a300000, 0x000000008a300000|100%| S|CS|TAMS 0x000000008a200000, 0x000000008a200000| Complete 
| 163|0x000000008a300000, 0x000000008a300000, 0x000000008a400000|  0%| F|  |TAMS 0x000000008a300000, 0x000000008a300000| Untracked 
| 164|0x000000008a400000, 0x000000008a400000, 0x000000008a500000|  0%| F|  |TAMS 0x000000008a400000, 0x000000008a400000| Untracked 
| 165|0x000000008a500000, 0x000000008a500000, 0x000000008a600000|  0%| F|  |TAMS 0x000000008a500000, 0x000000008a500000| Untracked 
| 166|0x000000008a600000, 0x000000008a600000, 0x000000008a700000|  0%| F|  |TAMS 0x000000008a600000, 0x000000008a600000| Untracked 
| 167|0x000000008a700000, 0x000000008a747900, 0x000000008a800000| 27%| E|  |TAMS 0x000000008a700000, 0x000000008a700000| Complete 
| 168|0x000000008a800000, 0x000000008a900000, 0x000000008a900000|100%| E|CS|TAMS 0x000000008a800000, 0x000000008a800000| Complete 
| 169|0x000000008a900000, 0x000000008aa00000, 0x000000008aa00000|100%| S|CS|TAMS 0x000000008a900000, 0x000000008a900000| Complete 
| 170|0x000000008aa00000, 0x000000008ab00000, 0x000000008ab00000|100%| E|CS|TAMS 0x000000008aa00000, 0x000000008aa00000| Complete 
| 171|0x000000008ab00000, 0x000000008ac00000, 0x000000008ac00000|100%| E|CS|TAMS 0x000000008ab00000, 0x000000008ab00000| Complete 
| 172|0x000000008ac00000, 0x000000008ad00000, 0x000000008ad00000|100%| E|CS|TAMS 0x000000008ac00000, 0x000000008ac00000| Complete 
| 173|0x000000008ad00000, 0x000000008ae00000, 0x000000008ae00000|100%| E|CS|TAMS 0x000000008ad00000, 0x000000008ad00000| Complete 
| 174|0x000000008ae00000, 0x000000008af00000, 0x000000008af00000|100%| E|CS|TAMS 0x000000008ae00000, 0x000000008ae00000| Complete 
| 175|0x000000008af00000, 0x000000008b000000, 0x000000008b000000|100%| E|CS|TAMS 0x000000008af00000, 0x000000008af00000| Complete 
| 176|0x000000008b000000, 0x000000008b100000, 0x000000008b100000|100%| E|CS|TAMS 0x000000008b000000, 0x000000008b000000| Complete 
| 177|0x000000008b100000, 0x000000008b200000, 0x000000008b200000|100%| E|CS|TAMS 0x000000008b100000, 0x000000008b100000| Complete 
| 178|0x000000008b200000, 0x000000008b300000, 0x000000008b300000|100%| E|CS|TAMS 0x000000008b200000, 0x000000008b200000| Complete 
| 179|0x000000008b300000, 0x000000008b400000, 0x000000008b400000|100%| E|CS|TAMS 0x000000008b300000, 0x000000008b300000| Complete 
| 180|0x000000008b400000, 0x000000008b500000, 0x000000008b500000|100%| E|CS|TAMS 0x000000008b400000, 0x000000008b400000| Complete 
| 181|0x000000008b500000, 0x000000008b600000, 0x000000008b600000|100%| E|CS|TAMS 0x000000008b500000, 0x000000008b500000| Complete 
| 182|0x000000008b600000, 0x000000008b700000, 0x000000008b700000|100%| E|CS|TAMS 0x000000008b600000, 0x000000008b600000| Complete 
| 183|0x000000008b700000, 0x000000008b800000, 0x000000008b800000|100%| E|CS|TAMS 0x000000008b700000, 0x000000008b700000| Complete 
| 184|0x000000008b800000, 0x000000008b900000, 0x000000008b900000|100%| E|CS|TAMS 0x000000008b800000, 0x000000008b800000| Complete 
| 185|0x000000008b900000, 0x000000008ba00000, 0x000000008ba00000|100%| E|CS|TAMS 0x000000008b900000, 0x000000008b900000| Complete 
| 186|0x000000008ba00000, 0x000000008bb00000, 0x000000008bb00000|100%| E|CS|TAMS 0x000000008ba00000, 0x000000008ba00000| Complete 
| 187|0x000000008bb00000, 0x000000008bc00000, 0x000000008bc00000|100%| E|CS|TAMS 0x000000008bb00000, 0x000000008bb00000| Complete 
| 188|0x000000008bc00000, 0x000000008bd00000, 0x000000008bd00000|100%| E|CS|TAMS 0x000000008bc00000, 0x000000008bc00000| Complete 
| 189|0x000000008bd00000, 0x000000008be00000, 0x000000008be00000|100%| E|CS|TAMS 0x000000008bd00000, 0x000000008bd00000| Complete 
| 190|0x000000008be00000, 0x000000008bf00000, 0x000000008bf00000|100%| E|CS|TAMS 0x000000008be00000, 0x000000008be00000| Complete 
| 191|0x000000008bf00000, 0x000000008c000000, 0x000000008c000000|100%| E|CS|TAMS 0x000000008bf00000, 0x000000008bf00000| Complete 
| 192|0x000000008c000000, 0x000000008c100000, 0x000000008c100000|100%| E|CS|TAMS 0x000000008c000000, 0x000000008c000000| Complete 
| 193|0x000000008c100000, 0x000000008c200000, 0x000000008c200000|100%| E|CS|TAMS 0x000000008c100000, 0x000000008c100000| Complete 
| 194|0x000000008c200000, 0x000000008c300000, 0x000000008c300000|100%| E|CS|TAMS 0x000000008c200000, 0x000000008c200000| Complete 
| 195|0x000000008c300000, 0x000000008c400000, 0x000000008c400000|100%| E|CS|TAMS 0x000000008c300000, 0x000000008c300000| Complete 
| 196|0x000000008c400000, 0x000000008c500000, 0x000000008c500000|100%| E|CS|TAMS 0x000000008c400000, 0x000000008c400000| Complete 
| 197|0x000000008c500000, 0x000000008c600000, 0x000000008c600000|100%| E|CS|TAMS 0x000000008c500000, 0x000000008c500000| Complete 
| 198|0x000000008c600000, 0x000000008c700000, 0x000000008c700000|100%| E|CS|TAMS 0x000000008c600000, 0x000000008c600000| Complete 
| 199|0x000000008c700000, 0x000000008c800000, 0x000000008c800000|100%| E|CS|TAMS 0x000000008c700000, 0x000000008c700000| Complete 
| 200|0x000000008c800000, 0x000000008c900000, 0x000000008c900000|100%| E|CS|TAMS 0x000000008c800000, 0x000000008c800000| Complete 
| 201|0x000000008c900000, 0x000000008ca00000, 0x000000008ca00000|100%| E|CS|TAMS 0x000000008c900000, 0x000000008c900000| Complete 
| 202|0x000000008ca00000, 0x000000008cb00000, 0x000000008cb00000|100%| E|CS|TAMS 0x000000008ca00000, 0x000000008ca00000| Complete 
| 203|0x000000008cb00000, 0x000000008cc00000, 0x000000008cc00000|100%| E|CS|TAMS 0x000000008cb00000, 0x000000008cb00000| Complete 
| 204|0x000000008cc00000, 0x000000008cd00000, 0x000000008cd00000|100%| E|CS|TAMS 0x000000008cc00000, 0x000000008cc00000| Complete 
| 205|0x000000008cd00000, 0x000000008ce00000, 0x000000008ce00000|100%| E|CS|TAMS 0x000000008cd00000, 0x000000008cd00000| Complete 
| 206|0x000000008ce00000, 0x000000008cf00000, 0x000000008cf00000|100%| E|CS|TAMS 0x000000008ce00000, 0x000000008ce00000| Complete 
| 207|0x000000008cf00000, 0x000000008d000000, 0x000000008d000000|100%| E|CS|TAMS 0x000000008cf00000, 0x000000008cf00000| Complete 
| 208|0x000000008d000000, 0x000000008d100000, 0x000000008d100000|100%| E|CS|TAMS 0x000000008d000000, 0x000000008d000000| Complete 
| 209|0x000000008d100000, 0x000000008d200000, 0x000000008d200000|100%| E|  |TAMS 0x000000008d100000, 0x000000008d100000| Complete 
| 210|0x000000008d200000, 0x000000008d300000, 0x000000008d300000|100%| E|CS|TAMS 0x000000008d200000, 0x000000008d200000| Complete 
| 211|0x000000008d300000, 0x000000008d400000, 0x000000008d400000|100%| E|CS|TAMS 0x000000008d300000, 0x000000008d300000| Complete 
| 212|0x000000008d400000, 0x000000008d500000, 0x000000008d500000|100%| E|CS|TAMS 0x000000008d400000, 0x000000008d400000| Complete 
| 213|0x000000008d500000, 0x000000008d600000, 0x000000008d600000|100%| E|CS|TAMS 0x000000008d500000, 0x000000008d500000| Complete 
| 214|0x000000008d600000, 0x000000008d700000, 0x000000008d700000|100%| E|CS|TAMS 0x000000008d600000, 0x000000008d600000| Complete 
| 215|0x000000008d700000, 0x000000008d800000, 0x000000008d800000|100%| E|CS|TAMS 0x000000008d700000, 0x000000008d700000| Complete 
| 216|0x000000008d800000, 0x000000008d900000, 0x000000008d900000|100%| E|CS|TAMS 0x000000008d800000, 0x000000008d800000| Complete 
| 217|0x000000008d900000, 0x000000008da00000, 0x000000008da00000|100%| E|CS|TAMS 0x000000008d900000, 0x000000008d900000| Complete 
| 218|0x000000008da00000, 0x000000008db00000, 0x000000008db00000|100%| E|CS|TAMS 0x000000008da00000, 0x000000008da00000| Complete 
| 219|0x000000008db00000, 0x000000008dc00000, 0x000000008dc00000|100%| E|CS|TAMS 0x000000008db00000, 0x000000008db00000| Complete 
| 220|0x000000008dc00000, 0x000000008dd00000, 0x000000008dd00000|100%| E|CS|TAMS 0x000000008dc00000, 0x000000008dc00000| Complete 
| 221|0x000000008dd00000, 0x000000008de00000, 0x000000008de00000|100%| E|CS|TAMS 0x000000008dd00000, 0x000000008dd00000| Complete 
| 222|0x000000008de00000, 0x000000008df00000, 0x000000008df00000|100%| E|CS|TAMS 0x000000008de00000, 0x000000008de00000| Complete 
| 223|0x000000008df00000, 0x000000008e000000, 0x000000008e000000|100%| E|CS|TAMS 0x000000008df00000, 0x000000008df00000| Complete 
| 224|0x000000008e000000, 0x000000008e100000, 0x000000008e100000|100%| E|CS|TAMS 0x000000008e000000, 0x000000008e000000| Complete 
| 225|0x000000008e100000, 0x000000008e200000, 0x000000008e200000|100%| E|CS|TAMS 0x000000008e100000, 0x000000008e100000| Complete 
| 226|0x000000008e200000, 0x000000008e300000, 0x000000008e300000|100%| E|CS|TAMS 0x000000008e200000, 0x000000008e200000| Complete 
| 227|0x000000008e300000, 0x000000008e400000, 0x000000008e400000|100%| E|CS|TAMS 0x000000008e300000, 0x000000008e300000| Complete 
| 228|0x000000008e400000, 0x000000008e500000, 0x000000008e500000|100%| E|CS|TAMS 0x000000008e400000, 0x000000008e400000| Complete 
| 229|0x000000008e500000, 0x000000008e600000, 0x000000008e600000|100%| E|CS|TAMS 0x000000008e500000, 0x000000008e500000| Complete 
| 230|0x000000008e600000, 0x000000008e700000, 0x000000008e700000|100%| E|CS|TAMS 0x000000008e600000, 0x000000008e600000| Complete 
| 231|0x000000008e700000, 0x000000008e800000, 0x000000008e800000|100%| E|CS|TAMS 0x000000008e700000, 0x000000008e700000| Complete 
| 232|0x000000008e800000, 0x000000008e900000, 0x000000008e900000|100%| E|CS|TAMS 0x000000008e800000, 0x000000008e800000| Complete 
| 233|0x000000008e900000, 0x000000008ea00000, 0x000000008ea00000|100%| E|CS|TAMS 0x000000008e900000, 0x000000008e900000| Complete 
| 234|0x000000008ea00000, 0x000000008eb00000, 0x000000008eb00000|100%| E|CS|TAMS 0x000000008ea00000, 0x000000008ea00000| Complete 
| 235|0x000000008eb00000, 0x000000008ec00000, 0x000000008ec00000|100%| E|CS|TAMS 0x000000008eb00000, 0x000000008eb00000| Complete 
| 236|0x000000008ec00000, 0x000000008ed00000, 0x000000008ed00000|100%| E|CS|TAMS 0x000000008ec00000, 0x000000008ec00000| Complete 
| 237|0x000000008ed00000, 0x000000008ee00000, 0x000000008ee00000|100%| E|CS|TAMS 0x000000008ed00000, 0x000000008ed00000| Complete 
| 238|0x000000008ee00000, 0x000000008ef00000, 0x000000008ef00000|100%| E|CS|TAMS 0x000000008ee00000, 0x000000008ee00000| Complete 
| 239|0x000000008ef00000, 0x000000008f000000, 0x000000008f000000|100%| E|CS|TAMS 0x000000008ef00000, 0x000000008ef00000| Complete 
| 240|0x000000008f000000, 0x000000008f100000, 0x000000008f100000|100%| E|CS|TAMS 0x000000008f000000, 0x000000008f000000| Complete 
| 241|0x000000008f100000, 0x000000008f200000, 0x000000008f200000|100%| E|CS|TAMS 0x000000008f100000, 0x000000008f100000| Complete 
| 242|0x000000008f200000, 0x000000008f300000, 0x000000008f300000|100%| E|CS|TAMS 0x000000008f200000, 0x000000008f200000| Complete 
| 243|0x000000008f300000, 0x000000008f400000, 0x000000008f400000|100%| E|CS|TAMS 0x000000008f300000, 0x000000008f300000| Complete 
| 244|0x000000008f400000, 0x000000008f500000, 0x000000008f500000|100%| E|CS|TAMS 0x000000008f400000, 0x000000008f400000| Complete 
| 245|0x000000008f500000, 0x000000008f600000, 0x000000008f600000|100%| E|CS|TAMS 0x000000008f500000, 0x000000008f500000| Complete 
| 246|0x000000008f600000, 0x000000008f700000, 0x000000008f700000|100%| E|CS|TAMS 0x000000008f600000, 0x000000008f600000| Complete 
| 247|0x000000008f700000, 0x000000008f800000, 0x000000008f800000|100%| E|CS|TAMS 0x000000008f700000, 0x000000008f700000| Complete 
| 248|0x000000008f800000, 0x000000008f900000, 0x000000008f900000|100%| E|CS|TAMS 0x000000008f800000, 0x000000008f800000| Complete 
| 249|0x000000008f900000, 0x000000008fa00000, 0x000000008fa00000|100%| E|CS|TAMS 0x000000008f900000, 0x000000008f900000| Complete 
| 250|0x000000008fa00000, 0x000000008fb00000, 0x000000008fb00000|100%| E|CS|TAMS 0x000000008fa00000, 0x000000008fa00000| Complete 
| 251|0x000000008fb00000, 0x000000008fc00000, 0x000000008fc00000|100%| E|CS|TAMS 0x000000008fb00000, 0x000000008fb00000| Complete 
| 252|0x000000008fc00000, 0x000000008fd00000, 0x000000008fd00000|100%| E|CS|TAMS 0x000000008fc00000, 0x000000008fc00000| Complete 
| 253|0x000000008fd00000, 0x000000008fe00000, 0x000000008fe00000|100%| E|CS|TAMS 0x000000008fd00000, 0x000000008fd00000| Complete 
| 254|0x000000008fe00000, 0x000000008ff00000, 0x000000008ff00000|100%| E|CS|TAMS 0x000000008fe00000, 0x000000008fe00000| Complete 
| 255|0x000000008ff00000, 0x0000000090000000, 0x0000000090000000|100%| E|CS|TAMS 0x000000008ff00000, 0x000000008ff00000| Complete 

Card table byte_map: [0x000001dbfc170000,0x000001dbfc570000] _byte_map_base: 0x000001dbfbd70000

Marking Bits (Prev, Next): (CMBitMap*) 0x000001dbe8fac748, (CMBitMap*) 0x000001dbe8fac780
 Prev Bits: [0x000001dbfc970000, 0x000001dbfe970000)
 Next Bits: [0x000001db80000000, 0x000001db82000000)

Polling page: 0x000001dbe8730000

Metaspace:

Usage:
  Non-class:     84.63 MB capacity,    83.17 MB ( 98%) used,     1.22 MB (  1%) free+waste,   251.31 KB ( <1%) overhead. 
      Class:     12.67 MB capacity,    11.89 MB ( 94%) used,   688.89 KB (  5%) free+waste,   111.25 KB ( <1%) overhead. 
       Both:     97.30 MB capacity,    95.05 MB ( 98%) used,     1.89 MB (  2%) free+waste,   362.56 KB ( <1%) overhead. 

Virtual space:
  Non-class space:       86.00 MB reserved,      84.75 MB ( 99%) committed 
      Class space:        1.00 GB reserved,      12.75 MB (  1%) committed 
             Both:        1.08 GB reserved,      97.50 MB (  9%) committed 

Chunk freelists:
   Non-Class:  55.00 KB
       Class:  21.00 KB
        Both:  76.00 KB

MaxMetaspaceSize: 17179869184.00 GB
CompressedClassSpaceSize: 1.00 GB

CodeHeap 'non-profiled nmethods': size=120000Kb used=8055Kb max_used=8055Kb free=111944Kb
 bounds [0x000001dbf4510000, 0x000001dbf4cf0000, 0x000001dbfba40000]
CodeHeap 'profiled nmethods': size=120000Kb used=29530Kb max_used=29530Kb free=90470Kb
 bounds [0x000001dbecfe0000, 0x000001dbeecc0000, 0x000001dbf4510000]
CodeHeap 'non-nmethods': size=5760Kb used=2279Kb max_used=2342Kb free=3481Kb
 bounds [0x000001dbeca40000, 0x000001dbeccb0000, 0x000001dbecfe0000]
 total_blobs=14434 nmethods=13556 adapters=789
 compilation: enabled
              stopped_count=0, restarted_count=0
 full_count=0

Compilation events (20 events):
Event: 23.590 Thread 0x000001dbffcc9000 nmethod 13741 0x000001dbeecb4a10 code [0x000001dbeecb4ca0, 0x000001dbeecb52f8]
Event: 23.590 Thread 0x000001dbffcc9000 13742       2       org.gradle.workers.internal.DefaultWorkerExecutor$LazyChildWorkerLeaseLock::tryLock (34 bytes)
Event: 23.591 Thread 0x000001dbffcc9000 nmethod 13742 0x000001dbeecb5710 code [0x000001dbeecb58e0, 0x000001dbeecb5cd8]
Event: 23.600 Thread 0x000001dbffcc9000 13743       2       com.esotericsoftware.kryo.io.Output::writeString_slow (238 bytes)
Event: 23.600 Thread 0x000001dbffcc9000 nmethod 13743 0x000001dbeecb5f10 code [0x000001dbeecb6120, 0x000001dbeecb6518]
Event: 23.612 Thread 0x000001db89fa3000 nmethod 13667 0x000001dbf4cd4010 code [0x000001dbf4cd4260, 0x000001dbf4cd6728]
Event: 23.612 Thread 0x000001db89fa3000 13716 %     4       java.lang.StringLatin1::compareToCI @ 16 (108 bytes)
Event: 23.619 Thread 0x000001db89fa3000 nmethod 13716% 0x000001dbf4cd7890 code [0x000001dbf4cd7a60, 0x000001dbf4cd82f8]
Event: 23.620 Thread 0x000001db89fa3000 13709 %     4       com.esotericsoftware.kryo.io.Output::writeString @ 65 (125 bytes)
Event: 23.629 Thread 0x000001db87fa5800 nmethod 13509 0x000001dbf4cd8710 code [0x000001dbf4cd8b20, 0x000001dbf4cdcda0]
Event: 23.629 Thread 0x000001db87fa5800 13646 %     4       org.gradle.internal.snapshot.VfsRelativePath::lengthOfCommonPrefix @ 26 (173 bytes)
Event: 23.632 Thread 0x000001db89fa3000 nmethod 13709% 0x000001dbf4cded90 code [0x000001dbf4cdef40, 0x000001dbf4cdf538]
Event: 23.632 Thread 0x000001db89fa3000 13636       4       org.apache.xerces.dom.ElementImpl::getTagName (16 bytes)
Event: 23.633 Thread 0x000001db89fa3000 nmethod 13636 0x000001dbf4cdf810 code [0x000001dbf4cdf9a0, 0x000001dbf4cdfa38]
Event: 23.633 Thread 0x000001db89fa3000 13620       4       java.util.HashSet::iterator (13 bytes)
Event: 23.645 Thread 0x000001db89fa3000 nmethod 13620 0x000001dbf4cdfb10 code [0x000001dbf4cdfd00, 0x000001dbf4ce0418]
Event: 23.645 Thread 0x000001db89fa3000 13595   !   4       java.io.ObjectOutputStream::writeSerialData (221 bytes)
Event: 23.665 Thread 0x000001db87fa5800 nmethod 13646% 0x000001dbf4ce0790 code [0x000001dbf4ce0980, 0x000001dbf4ce1ad8]
Event: 23.665 Thread 0x000001db87fa5800 13453       4       java.util.concurrent.TimeUnit::toNanos (45 bytes)
Event: 23.666 Thread 0x000001db87fa5800 nmethod 13453 0x000001dbf4ce2390 code [0x000001dbf4ce2520, 0x000001dbf4ce25f8]

GC Heap History (20 events):
Event: 14.012 GC heap before
{Heap before GC invocations=7 (full 0):
 garbage-first heap   total 262144K, used 174320K [0x0000000080000000, 0x0000000100000000)
  region size 1024K, 149 young (152576K), 11 survivors (11264K)
 Metaspace       used 55152K, capacity 56531K, committed 56704K, reserved 1097728K
  class space    used 7037K, capacity 7510K, committed 7552K, reserved 1048576K
}
Event: 14.030 GC heap after
{Heap after GC invocations=8 (full 0):
 garbage-first heap   total 262144K, used 46893K [0x0000000080000000, 0x0000000100000000)
  region size 1024K, 19 young (19456K), 19 survivors (19456K)
 Metaspace       used 55152K, capacity 56531K, committed 56704K, reserved 1097728K
  class space    used 7037K, capacity 7510K, committed 7552K, reserved 1048576K
}
Event: 14.459 GC heap before
{Heap before GC invocations=8 (full 0):
 garbage-first heap   total 262144K, used 82733K [0x0000000080000000, 0x0000000100000000)
  region size 1024K, 54 young (55296K), 19 survivors (19456K)
 Metaspace       used 58653K, capacity 60012K, committed 60160K, reserved 1101824K
  class space    used 7442K, capacity 7953K, committed 8064K, reserved 1048576K
}
Event: 14.481 GC heap after
{Heap after GC invocations=9 (full 0):
 garbage-first heap   total 262144K, used 53971K [0x0000000080000000, 0x0000000100000000)
  region size 1024K, 6 young (6144K), 6 survivors (6144K)
 Metaspace       used 58653K, capacity 60012K, committed 60160K, reserved 1101824K
  class space    used 7442K, capacity 7953K, committed 8064K, reserved 1048576K
}
Event: 15.591 GC heap before
{Heap before GC invocations=10 (full 0):
 garbage-first heap   total 262144K, used 148179K [0x0000000080000000, 0x0000000100000000)
  region size 1024K, 98 young (100352K), 6 survivors (6144K)
 Metaspace       used 67001K, capacity 68472K, committed 68736K, reserved 1107968K
  class space    used 8681K, capacity 9230K, committed 9344K, reserved 1048576K
}
Event: 15.604 GC heap after
{Heap after GC invocations=11 (full 0):
 garbage-first heap   total 262144K, used 57843K [0x0000000080000000, 0x0000000100000000)
  region size 1024K, 10 young (10240K), 10 survivors (10240K)
 Metaspace       used 67001K, capacity 68472K, committed 68736K, reserved 1107968K
  class space    used 8681K, capacity 9230K, committed 9344K, reserved 1048576K
}
Event: 16.906 GC heap before
{Heap before GC invocations=12 (full 0):
 garbage-first heap   total 262144K, used 158195K [0x0000000080000000, 0x0000000100000000)
  region size 1024K, 108 young (110592K), 10 survivors (10240K)
 Metaspace       used 76258K, capacity 78060K, committed 78336K, reserved 1116160K
  class space    used 10010K, capacity 10691K, committed 10752K, reserved 1048576K
}
Event: 16.919 GC heap after
{Heap after GC invocations=13 (full 0):
 garbage-first heap   total 262144K, used 65481K [0x0000000080000000, 0x0000000100000000)
  region size 1024K, 14 young (14336K), 14 survivors (14336K)
 Metaspace       used 76258K, capacity 78060K, committed 78336K, reserved 1116160K
  class space    used 10010K, capacity 10691K, committed 10752K, reserved 1048576K
}
Event: 17.820 GC heap before
{Heap before GC invocations=13 (full 0):
 garbage-first heap   total 262144K, used 167881K [0x0000000080000000, 0x0000000100000000)
  region size 1024K, 115 young (117760K), 14 survivors (14336K)
 Metaspace       used 79384K, capacity 81356K, committed 81664K, reserved 1120256K
  class space    used 10420K, capacity 11168K, committed 11264K, reserved 1048576K
}
Event: 17.836 GC heap after
{Heap after GC invocations=14 (full 0):
 garbage-first heap   total 262144K, used 73461K [0x0000000080000000, 0x0000000100000000)
  region size 1024K, 15 young (15360K), 15 survivors (15360K)
 Metaspace       used 79384K, capacity 81356K, committed 81664K, reserved 1120256K
  class space    used 10420K, capacity 11168K, committed 11264K, reserved 1048576K
}
Event: 18.951 GC heap before
{Heap before GC invocations=14 (full 0):
 garbage-first heap   total 262144K, used 178933K [0x0000000080000000, 0x0000000100000000)
  region size 1024K, 117 young (119808K), 15 survivors (15360K)
 Metaspace       used 84292K, capacity 86440K, committed 86656K, reserved 1124352K
  class space    used 10977K, capacity 11778K, committed 11904K, reserved 1048576K
}
Event: 18.968 GC heap after
{Heap after GC invocations=15 (full 0):
 garbage-first heap   total 262144K, used 82043K [0x0000000080000000, 0x0000000100000000)
  region size 1024K, 11 young (11264K), 11 survivors (11264K)
 Metaspace       used 84292K, capacity 86440K, committed 86656K, reserved 1124352K
  class space    used 10977K, capacity 11778K, committed 11904K, reserved 1048576K
}
Event: 19.917 GC heap before
{Heap before GC invocations=15 (full 0):
 garbage-first heap   total 262144K, used 187515K [0x0000000080000000, 0x0000000100000000)
  region size 1024K, 112 young (114688K), 11 survivors (11264K)
 Metaspace       used 84978K, capacity 87280K, committed 87424K, reserved 1124352K
  class space    used 10997K, capacity 11814K, committed 11904K, reserved 1048576K
}
Event: 19.935 GC heap after
{Heap after GC invocations=16 (full 0):
 garbage-first heap   total 262144K, used 96256K [0x0000000080000000, 0x0000000100000000)
  region size 1024K, 14 young (14336K), 14 survivors (14336K)
 Metaspace       used 84978K, capacity 87280K, committed 87424K, reserved 1124352K
  class space    used 10997K, capacity 11814K, committed 11904K, reserved 1048576K
}
Event: 20.884 GC heap before
{Heap before GC invocations=16 (full 0):
 garbage-first heap   total 262144K, used 198656K [0x0000000080000000, 0x0000000100000000)
  region size 1024K, 107 young (109568K), 14 survivors (14336K)
 Metaspace       used 85586K, capacity 87878K, committed 88192K, reserved 1126400K
  class space    used 11024K, capacity 11820K, committed 11904K, reserved 1048576K
}
Event: 20.899 GC heap after
{Heap after GC invocations=17 (full 0):
 garbage-first heap   total 262144K, used 107749K [0x0000000080000000, 0x0000000100000000)
  region size 1024K, 11 young (11264K), 11 survivors (11264K)
 Metaspace       used 85586K, capacity 87878K, committed 88192K, reserved 1126400K
  class space    used 11024K, capacity 11820K, committed 11904K, reserved 1048576K
}
Event: 21.656 GC heap before
{Heap before GC invocations=17 (full 0):
 garbage-first heap   total 262144K, used 211173K [0x0000000080000000, 0x0000000100000000)
  region size 1024K, 98 young (100352K), 11 survivors (11264K)
 Metaspace       used 90108K, capacity 92358K, committed 92672K, reserved 1130496K
  class space    used 11400K, capacity 12200K, committed 12288K, reserved 1048576K
}
Event: 21.672 GC heap after
{Heap after GC invocations=18 (full 0):
 garbage-first heap   total 262144K, used 114208K [0x0000000080000000, 0x0000000100000000)
  region size 1024K, 7 young (7168K), 7 survivors (7168K)
 Metaspace       used 90108K, capacity 92358K, committed 92672K, reserved 1130496K
  class space    used 11400K, capacity 12200K, committed 12288K, reserved 1048576K
}
Event: 22.565 GC heap before
{Heap before GC invocations=18 (full 0):
 garbage-first heap   total 262144K, used 201248K [0x0000000080000000, 0x0000000100000000)
  region size 1024K, 93 young (95232K), 7 survivors (7168K)
 Metaspace       used 93381K, capacity 95641K, committed 95872K, reserved 1132544K
  class space    used 11730K, capacity 12546K, committed 12672K, reserved 1048576K
}
Event: 22.570 GC heap after
{Heap after GC invocations=19 (full 0):
 garbage-first heap   total 262144K, used 112640K [0x0000000080000000, 0x0000000100000000)
  region size 1024K, 5 young (5120K), 5 survivors (5120K)
 Metaspace       used 93381K, capacity 95641K, committed 95872K, reserved 1132544K
  class space    used 11730K, capacity 12546K, committed 12672K, reserved 1048576K
}

Deoptimization events (20 events):
Event: 23.426 Thread 0x000001db89508800 Uncommon trap: trap_request=0xffffff4d fr.pc=0x000001dbf4b91ad8 relative=0x0000000000000518
Event: 23.426 Thread 0x000001db89508800 Uncommon trap: reason=unstable_if action=reinterpret pc=0x000001dbf4b91ad8 method=org.apache.xerces.dom.ParentNode.nodeListItem(I)Lorg/w3c/dom/Node; @ 26 c2
Event: 23.426 Thread 0x000001db89508800 DEOPT PACKING pc=0x000001dbf4b91ad8 sp=0x000000bd838fdc50
Event: 23.426 Thread 0x000001db89508800 DEOPT UNPACKING pc=0x000001dbeca678af sp=0x000000bd838fdc10 mode 2
Event: 23.427 Thread 0x000001db89508800 Uncommon trap: trap_request=0xffffffc6 fr.pc=0x000001dbf4ca7230 relative=0x0000000000000170
Event: 23.427 Thread 0x000001db89508800 Uncommon trap: reason=bimorphic_or_optimized_type_check action=maybe_recompile pc=0x000001dbf4ca7230 method=org.apache.xerces.dom.ElementImpl.getTagName()Ljava/lang/String; @ 8 c2
Event: 23.427 Thread 0x000001db89508800 DEOPT PACKING pc=0x000001dbf4ca7230 sp=0x000000bd838fd9f0
Event: 23.427 Thread 0x000001db89508800 DEOPT UNPACKING pc=0x000001dbeca678af sp=0x000000bd838fd9b0 mode 2
Event: 23.446 Thread 0x000001db85be5000 Uncommon trap: trap_request=0xffffffc6 fr.pc=0x000001dbf4ca7230 relative=0x0000000000000170
Event: 23.447 Thread 0x000001db85be5000 Uncommon trap: reason=bimorphic_or_optimized_type_check action=maybe_recompile pc=0x000001dbf4ca7230 method=org.apache.xerces.dom.ElementImpl.getTagName()Ljava/lang/String; @ 8 c2
Event: 23.447 Thread 0x000001db85be5000 DEOPT PACKING pc=0x000001dbf4ca7230 sp=0x000000bd82ffd5b0
Event: 23.447 Thread 0x000001db85be5000 DEOPT UNPACKING pc=0x000001dbeca678af sp=0x000000bd82ffd570 mode 2
Event: 23.539 Thread 0x000001db89a7f000 Uncommon trap: trap_request=0xffffff4d fr.pc=0x000001dbf4c19b0c relative=0x0000000000000fcc
Event: 23.539 Thread 0x000001db89a7f000 Uncommon trap: reason=unstable_if action=reinterpret pc=0x000001dbf4c19b0c method=org.gradle.internal.snapshot.VfsRelativePath.compareToFirstSegment(Ljava/lang/String;Lorg/gradle/internal/snapshot/CaseSensitivity;)I @ 134 c2
Event: 23.539 Thread 0x000001db89a7f000 DEOPT PACKING pc=0x000001dbf4c19b0c sp=0x000000bd828fa660
Event: 23.539 Thread 0x000001db89a7f000 DEOPT UNPACKING pc=0x000001dbeca678af sp=0x000000bd828fa5e0 mode 2
Event: 23.570 Thread 0x000001db89505800 Uncommon trap: trap_request=0xffffff4d fr.pc=0x000001dbf4c970ac relative=0x0000000000001dcc
Event: 23.570 Thread 0x000001db89505800 Uncommon trap: reason=unstable_if action=reinterpret pc=0x000001dbf4c970ac method=com.sun.org.apache.xerces.internal.impl.XMLDocumentFragmentScannerImpl.scanEndElement()I @ 136 c2
Event: 23.570 Thread 0x000001db89505800 DEOPT PACKING pc=0x000001dbf4c970ac sp=0x000000bd834fd870
Event: 23.570 Thread 0x000001db89505800 DEOPT UNPACKING pc=0x000001dbeca678af sp=0x000000bd834fd800 mode 2

Classes redefined (0 events):
No events

Internal exceptions (20 events):
Event: 23.490 Thread 0x000001db89505800 Exception <a 'sun/nio/fs/WindowsException'{0x000000008b26aad8}> (0x000000008b26aad8) thrown at [./src/hotspot/share/prims/jni.cpp, line 615]
Event: 23.492 Thread 0x000001db89505800 Exception <a 'sun/nio/fs/WindowsException'{0x000000008b272670}> (0x000000008b272670) thrown at [./src/hotspot/share/prims/jni.cpp, line 615]
Event: 23.493 Thread 0x000001db85be8000 Exception <a 'java/lang/NoSuchMethodError'{0x000000008b130b48}: <clinit>> (0x000000008b130b48) thrown at [./src/hotspot/share/prims/jni.cpp, line 1362]
Event: 23.501 Thread 0x000001db89506000 Exception <a 'sun/nio/fs/WindowsException'{0x000000008fe500a0}> (0x000000008fe500a0) thrown at [./src/hotspot/share/prims/jni.cpp, line 615]
Event: 23.502 Thread 0x000001db89505800 Exception <a 'sun/nio/fs/WindowsException'{0x000000008b170a00}> (0x000000008b170a00) thrown at [./src/hotspot/share/prims/jni.cpp, line 615]
Event: 23.505 Thread 0x000001db89505800 Exception <a 'sun/nio/fs/WindowsException'{0x000000008b187530}> (0x000000008b187530) thrown at [./src/hotspot/share/prims/jni.cpp, line 615]
Event: 23.505 Thread 0x000001db89505800 Exception <a 'sun/nio/fs/WindowsException'{0x000000008b187618}> (0x000000008b187618) thrown at [./src/hotspot/share/prims/jni.cpp, line 615]
Event: 23.505 Thread 0x000001db89a7f000 Exception <a 'sun/nio/fs/WindowsException'{0x000000008b1e2e88}> (0x000000008b1e2e88) thrown at [./src/hotspot/share/prims/jni.cpp, line 615]
Event: 23.505 Thread 0x000001db89a7f000 Exception <a 'sun/nio/fs/WindowsException'{0x000000008b1e3ac0}> (0x000000008b1e3ac0) thrown at [./src/hotspot/share/prims/jni.cpp, line 615]
Event: 23.562 Thread 0x000001db89a7f000 Exception <a 'java/lang/NoSuchMethodError'{0x000000008ab5f6e0}: <clinit>> (0x000000008ab5f6e0) thrown at [./src/hotspot/share/prims/jni.cpp, line 1362]
Event: 23.564 Thread 0x000001db89a7f000 Exception <a 'java/lang/NoSuchMethodError'{0x000000008aba5810}: <clinit>> (0x000000008aba5810) thrown at [./src/hotspot/share/prims/jni.cpp, line 1362]
Event: 23.564 Thread 0x000001db89a7f000 Exception <a 'java/lang/NoSuchMethodError'{0x000000008aba88b0}: <clinit>> (0x000000008aba88b0) thrown at [./src/hotspot/share/prims/jni.cpp, line 1362]
Event: 23.566 Thread 0x000001db89a7f000 Exception <a 'java/lang/NoSuchMethodError'{0x000000008abea278}: <clinit>> (0x000000008abea278) thrown at [./src/hotspot/share/prims/jni.cpp, line 1362]
Event: 23.570 Thread 0x000001db89507800 Exception <a 'sun/nio/fs/WindowsException'{0x000000008aa68018}> (0x000000008aa68018) thrown at [./src/hotspot/share/prims/jni.cpp, line 615]
Event: 23.570 Thread 0x000001db89506000 Exception <a 'sun/nio/fs/WindowsException'{0x000000008b1ba470}> (0x000000008b1ba470) thrown at [./src/hotspot/share/prims/jni.cpp, line 615]
Event: 23.570 Thread 0x000001db85be5000 Exception <a 'sun/nio/fs/WindowsException'{0x000000008b626b88}> (0x000000008b626b88) thrown at [./src/hotspot/share/prims/jni.cpp, line 615]
Event: 23.571 Thread 0x000001db8950a000 Exception <a 'sun/nio/fs/WindowsException'{0x000000008aac5b88}> (0x000000008aac5b88) thrown at [./src/hotspot/share/prims/jni.cpp, line 615]
Event: 23.571 Thread 0x000001db89508800 Exception <a 'sun/nio/fs/WindowsException'{0x000000008aa8ebe8}> (0x000000008aa8ebe8) thrown at [./src/hotspot/share/prims/jni.cpp, line 615]
Event: 23.571 Thread 0x000001db89507000 Exception <a 'sun/nio/fs/WindowsException'{0x000000008b4e8460}> (0x000000008b4e8460) thrown at [./src/hotspot/share/prims/jni.cpp, line 615]
Event: 23.592 Thread 0x000001db8950c000 Exception <a 'sun/nio/fs/WindowsException'{0x000000008fe8a998}> (0x000000008fe8a998) thrown at [./src/hotspot/share/prims/jni.cpp, line 615]

Events (20 events):
Event: 23.557 loading class com/android/build/gradle/internal/tasks/Workers$RunnableWrapperParams done
Event: 23.562 loading class com/android/zipflinger/Zip64
Event: 23.562 loading class com/android/zipflinger/Zip64 done
Event: 23.562 loading class com/android/zipflinger/EndOfCentralDirectory
Event: 23.562 loading class com/android/zipflinger/EndOfCentralDirectory done
Event: 23.563 loading class com/android/ide/common/xml/AndroidManifestParser
Event: 23.563 loading class com/android/ide/common/xml/AndroidManifestParser done
Event: 23.564 loading class com/android/ide/common/xml/AndroidManifestParser$ManifestHandler
Event: 23.564 loading class com/android/ide/common/xml/AndroidManifestParser$ManifestHandler done
Event: 23.565 loading class com/android/io/StreamException
Event: 23.565 loading class com/android/io/StreamException done
Event: 23.567 loading class com/android/ide/common/xml/ManifestData
Event: 23.567 loading class com/android/ide/common/xml/ManifestData done
Event: 23.568 Thread 0x000001db8c77a000 Thread added: 0x000001db8c77a000
Event: 23.569 Executing VM operation: RevokeBias
Event: 23.570 Executing coalesced safepoint VM operation: RevokeBias
Event: 23.570 Executing coalesced safepoint VM operation: RevokeBias done
Event: 23.570 Executing VM operation: RevokeBias done
Event: 23.570 loading class com/android/ide/common/symbols/SymbolListWithPackageNameWriter
Event: 23.570 loading class com/android/ide/common/symbols/SymbolListWithPackageNameWriter done


Dynamic libraries:
0x00007ff689df0000 - 0x00007ff689dfa000 	C:\Program Files\Android\Android Studio\jre\bin\java.exe
0x00007ff9bf340000 - 0x00007ff9bf530000 	C:\WINDOWS\SYSTEM32\ntdll.dll
0x00007ff9bed80000 - 0x00007ff9bee32000 	C:\WINDOWS\System32\KERNEL32.DLL
0x00007ff9bcb50000 - 0x00007ff9bcdf4000 	C:\WINDOWS\System32\KERNELBASE.dll
0x00007ff9b9f90000 - 0x00007ff9ba01f000 	C:\WINDOWS\SYSTEM32\apphelp.dll
0x00007ff9bc2d0000 - 0x00007ff9bc3ca000 	C:\WINDOWS\System32\ucrtbase.dll
0x00007ff9a73b0000 - 0x00007ff9a73c9000 	C:\Program Files\Android\Android Studio\jre\bin\jli.dll
0x00007ff9b34f0000 - 0x00007ff9b3507000 	C:\Program Files\Android\Android Studio\jre\bin\VCRUNTIME140.dll
0x00007ff9bddc0000 - 0x00007ff9bdf54000 	C:\WINDOWS\System32\USER32.dll
0x00007ff9bcf50000 - 0x00007ff9bcf71000 	C:\WINDOWS\System32\win32u.dll
0x00007ff9a9820000 - 0x00007ff9a9aa4000 	C:\WINDOWS\WinSxS\amd64_microsoft.windows.common-controls_6595b64144ccf1df_6.0.18362.836_none_e6c4b943130f18ed\COMCTL32.dll
0x00007ff9bdd90000 - 0x00007ff9bddb6000 	C:\WINDOWS\System32\GDI32.dll
0x00007ff9be650000 - 0x00007ff9be6ee000 	C:\WINDOWS\System32\msvcrt.dll
0x00007ff9bef10000 - 0x00007ff9bf246000 	C:\WINDOWS\System32\combase.dll
0x00007ff9bcfb0000 - 0x00007ff9bd144000 	C:\WINDOWS\System32\gdi32full.dll
0x00007ff9bec60000 - 0x00007ff9bed80000 	C:\WINDOWS\System32\RPCRT4.dll
0x00007ff9bd2f0000 - 0x00007ff9bd38e000 	C:\WINDOWS\System32\msvcp_win.dll
0x00007ff9bced0000 - 0x00007ff9bcf50000 	C:\WINDOWS\System32\bcryptPrimitives.dll
0x00007ff9bdd60000 - 0x00007ff9bdd8e000 	C:\WINDOWS\System32\IMM32.DLL
0x00007ff9610d0000 - 0x00007ff96116d000 	C:\Program Files\Android\Android Studio\jre\bin\msvcp140.dll
0x00007ff95e140000 - 0x00007ff95ec0f000 	C:\Program Files\Android\Android Studio\jre\bin\server\jvm.dll
0x00007ff9be5a0000 - 0x00007ff9be643000 	C:\WINDOWS\System32\ADVAPI32.dll
0x00007ff9bdfc0000 - 0x00007ff9be057000 	C:\WINDOWS\System32\sechost.dll
0x00007ff9bebe0000 - 0x00007ff9bebe8000 	C:\WINDOWS\System32\PSAPI.DLL
0x00007ff9a7e90000 - 0x00007ff9a7e99000 	C:\WINDOWS\SYSTEM32\WSOCK32.dll
0x00007ff9b9d30000 - 0x00007ff9b9d54000 	C:\WINDOWS\SYSTEM32\WINMM.dll
0x00007ff9b5310000 - 0x00007ff9b531a000 	C:\WINDOWS\SYSTEM32\VERSION.dll
0x00007ff9be4d0000 - 0x00007ff9be53f000 	C:\WINDOWS\System32\WS2_32.dll
0x00007ff9b9d00000 - 0x00007ff9b9d2d000 	C:\WINDOWS\SYSTEM32\WINMMBASE.dll
0x00007ff9bd2a0000 - 0x00007ff9bd2ea000 	C:\WINDOWS\System32\cfgmgr32.dll
0x00007ff9bc2b0000 - 0x00007ff9bc2c1000 	C:\WINDOWS\System32\kernel.appcore.dll
0x00007ff9b73d0000 - 0x00007ff9b73e1000 	C:\Program Files\Android\Android Studio\jre\bin\verify.dll
0x00007ff9bab40000 - 0x00007ff9bad34000 	C:\WINDOWS\SYSTEM32\DBGHELP.DLL
0x00007ff9a7960000 - 0x00007ff9a798a000 	C:\WINDOWS\SYSTEM32\dbgcore.DLL
0x00007ff9b33b0000 - 0x00007ff9b33d9000 	C:\Program Files\Android\Android Studio\jre\bin\java.dll
0x00007ff9b8550000 - 0x00007ff9b855b000 	C:\Program Files\Android\Android Studio\jre\bin\jimage.dll
0x00007ff9a41f0000 - 0x00007ff9a4208000 	C:\Program Files\Android\Android Studio\jre\bin\zip.dll
0x00007ff9bd4a0000 - 0x00007ff9bdb84000 	C:\WINDOWS\System32\SHELL32.dll
0x00007ff9bf250000 - 0x00007ff9bf2f9000 	C:\WINDOWS\System32\shcore.dll
0x00007ff9bc3d0000 - 0x00007ff9bcb4e000 	C:\WINDOWS\System32\windows.storage.dll
0x00007ff9bc210000 - 0x00007ff9bc233000 	C:\WINDOWS\System32\profapi.dll
0x00007ff9bc240000 - 0x00007ff9bc28a000 	C:\WINDOWS\System32\powrprof.dll
0x00007ff9bc200000 - 0x00007ff9bc210000 	C:\WINDOWS\System32\UMPDC.dll
0x00007ff9be540000 - 0x00007ff9be592000 	C:\WINDOWS\System32\shlwapi.dll
0x00007ff9bceb0000 - 0x00007ff9bcec7000 	C:\WINDOWS\System32\cryptsp.dll
0x00007ff999670000 - 0x00007ff99968a000 	C:\Program Files\Android\Android Studio\jre\bin\net.dll
0x00007ff9ace20000 - 0x00007ff9acf10000 	C:\WINDOWS\SYSTEM32\WINHTTP.dll
0x00007ff9bba70000 - 0x00007ff9bbad7000 	C:\WINDOWS\system32\mswsock.dll
0x00007ff999650000 - 0x00007ff999664000 	C:\Program Files\Android\Android Studio\jre\bin\nio.dll
0x00007ff999740000 - 0x00007ff999767000 	C:\Users\hp\.gradle\native\fdc75f09e3144964f2cf3f50f0aa648679c211496f362492102eb8c894070792\windows-amd64\native-platform.dll
0x00007ff961d40000 - 0x00007ff961ed6000 	C:\Users\hp\.gradle\native\12488b8bf47d2d4c9fbf2f6322a914ad602e24e48041cd04a747c6da556b65c4\windows-amd64\native-platform-file-events.dll
0x00007ff9b33a0000 - 0x00007ff9b33aa000 	C:\Program Files\Android\Android Studio\jre\bin\management.dll
0x00007ff9a8d80000 - 0x00007ff9a8d8c000 	C:\Program Files\Android\Android Studio\jre\bin\management_ext.dll
0x00007ff9bb580000 - 0x00007ff9bb5b3000 	C:\WINDOWS\system32\rsaenh.dll
0x00007ff9bcf80000 - 0x00007ff9bcfa6000 	C:\WINDOWS\System32\bcrypt.dll
0x00007ff9bc0f0000 - 0x00007ff9bc115000 	C:\WINDOWS\SYSTEM32\USERENV.dll
0x00007ff9bbc40000 - 0x00007ff9bbc4c000 	C:\WINDOWS\SYSTEM32\CRYPTBASE.dll
0x00007ff9bb720000 - 0x00007ff9bb75a000 	C:\WINDOWS\SYSTEM32\IPHLPAPI.DLL
0x00007ff9bea20000 - 0x00007ff9bea28000 	C:\WINDOWS\System32\NSI.dll
0x00007ff9b35a0000 - 0x00007ff9b35b6000 	C:\WINDOWS\SYSTEM32\dhcpcsvc6.DLL
0x00007ff9b3d80000 - 0x00007ff9b3d9c000 	C:\WINDOWS\SYSTEM32\dhcpcsvc.DLL
0x00007ff9bb760000 - 0x00007ff9bb82b000 	C:\WINDOWS\SYSTEM32\DNSAPI.dll
0x00007ff9b5300000 - 0x00007ff9b530b000 	C:\WINDOWS\SYSTEM32\WINNSI.DLL
0x00007ff9bb260000 - 0x00007ff9bb291000 	C:\WINDOWS\SYSTEM32\ntmarta.dll

dbghelp: loaded successfully - version: 4.0.5 - missing functions: none
symbol engine: initialized successfully - sym options: 0x614 - pdb path: .;C:\Program Files\Android\Android Studio\jre\bin;C:\WINDOWS\SYSTEM32;C:\WINDOWS\WinSxS\amd64_microsoft.windows.common-controls_6595b64144ccf1df_6.0.18362.836_none_e6c4b943130f18ed;C:\Program Files\Android\Android Studio\jre\bin\server;C:\Users\hp\.gradle\native\fdc75f09e3144964f2cf3f50f0aa648679c211496f362492102eb8c894070792\windows-amd64;C:\Users\hp\.gradle\native\12488b8bf47d2d4c9fbf2f6322a914ad602e24e48041cd04a747c6da556b65c4\windows-amd64

VM Arguments:
jvm_args: --add-opens=java.base/java.util=ALL-UNNAMED --add-opens=java.base/java.lang=ALL-UNNAMED --add-opens=java.base/java.lang.invoke=ALL-UNNAMED --add-opens=java.prefs/java.util.prefs=ALL-UNNAMED -Xmx2048m -Dfile.encoding=UTF-8 -Duser.country=US -Duser.language=en -Duser.variant 
java_command: org.gradle.launcher.daemon.bootstrap.GradleDaemon 6.7.1
java_class_path (initial): C:\Users\hp\.gradle\wrapper\dists\gradle-6.7.1-bin\bwlcbys1h7rz3272sye1xwiv6\gradle-6.7.1\lib\gradle-launcher-6.7.1.jar
Launcher Type: SUN_STANDARD

[Global flags]
     intx CICompilerCount                          = 4                                         {product} {ergonomic}
     uint ConcGCThreads                            = 2                                         {product} {ergonomic}
     uint G1ConcRefinementThreads                  = 8                                         {product} {ergonomic}
   size_t G1HeapRegionSize                         = 1048576                                   {product} {ergonomic}
    uintx GCDrainStackTargetSize                   = 64                                        {product} {ergonomic}
   size_t InitialHeapSize                          = 268435456                                 {product} {ergonomic}
   size_t MarkStackSize                            = 4194304                                   {product} {ergonomic}
   size_t MaxHeapSize                              = 2147483648                                {product} {command line}
   size_t MaxNewSize                               = 1287651328                                {product} {ergonomic}
   size_t MinHeapDeltaBytes                        = 1048576                                   {product} {ergonomic}
    uintx NonNMethodCodeHeapSize                   = 5836300                                {pd product} {ergonomic}
    uintx NonProfiledCodeHeapSize                  = 122910970                              {pd product} {ergonomic}
    uintx ProfiledCodeHeapSize                     = 122910970                              {pd product} {ergonomic}
    uintx ReservedCodeCacheSize                    = 251658240                              {pd product} {ergonomic}
     bool SegmentedCodeCache                       = true                                      {product} {ergonomic}
     bool UseCompressedClassPointers               = true                                 {lp64_product} {ergonomic}
     bool UseCompressedOops                        = true                                 {lp64_product} {ergonomic}
     bool UseG1GC                                  = true                                      {product} {ergonomic}
     bool UseLargePagesIndividualAllocation        = false                                  {pd product} {ergonomic}

Logging:
Log output configuration:
 #0: stdout all=warning uptime,level,tags
 #1: stderr all=off uptime,level,tags

Environment Variables:
JAVA_HOME=C:\Program Files\Java\jre1.8.0_212
PATH=C:\Program Files (x86)\Common Files\Oracle\Java\javapath;C:\WINDOWS\system32;C:\WINDOWS;C:\WINDOWS\System32\Wbem;C:\WINDOWS\System32\WindowsPowerShell\v1.0\;C:\WINDOWS\System32\OpenSSH\;C:\Program Files\Git\cmd;C:\Program Files\NVIDIA Corporation\NVIDIA NvDLISR;C:\Users\hp\AppData\Local\Microsoft\WindowsApps;D:\Program Files\Microsoft VS Code\bin;D:\Program Files\JetBrains\PyCharm 2019.1.3\bin;C:\adb;C:\WINDOWS\system32;C:\WINDOWS;C:\WINDOWS\System32\Wbem;C:\WINDOWS\System32\WindowsPowerShell\v1.0\;C:\WINDOWS\System32\OpenSSH\;C:\Program Files (x86)\NVIDIA Corporation\PhysX\Common;C:\Users\hp\AppData\Local\Microsoft\WindowsApps;;D:\Program Files\Microsoft VS Code\bin;D:\Program Files\JetBrains\PyCharm 2019.1.3\bin;
USERNAME=hp
OS=Windows_NT
PROCESSOR_IDENTIFIER=Intel64 Family 6 Model 158 Stepping 9, GenuineIntel



---------------  S Y S T E M  ---------------

OS: Windows 10 , 64 bit Build 18362 (10.0.18362.778)
OS uptime: 9 days 19:57 hours

CPU:total 8 (initial active 8) (4 cores per cpu, 2 threads per core) family 6 model 158 stepping 9 microcode 0xb4, cmov, cx8, fxsr, mmx, sse, sse2, sse3, ssse3, sse4.1, sse4.2, popcnt, avx, avx2, aes, clmul, erms, 3dnowpref, lzcnt, ht, tsc, tscinvbit, bmi1, bmi2, adx, fma

Memory: 4k page, system-wide physical 16267M (2353M free)
TotalPageFile size 31347M (AvailPageFile size 10M)
current process WorkingSet (physical memory assigned to process): 553M, peak: 559M
current process commit charge ("private bytes"): 595M, peak: 600M

vm_info: OpenJDK 64-Bit Server VM (11.0.10+0-b96-7249189) for windows-amd64 JRE (11.0.10+0-b96-7249189), built on Mar 31 2021 21:44:00 by "builder" with MS VC++ 14.0 (VS2015)

END.
