#
# There is insufficient memory for the Java Runtime Environment to continue.
# Native memory allocation (malloc) failed to allocate 709056 bytes for Chunk::new
# Possible reasons:
#   The system is out of physical RAM or swap space
#   The process is running with CompressedOops enabled, and the Java Heap may be blocking the growth of the native heap
# Possible solutions:
#   Reduce memory load on the system
#   Increase physical memory or swap space
#   Check if swap backing store is full
#   Decrease Java heap size (-Xmx/-Xms)
#   Decrease number of Java threads
#   Decrease Java thread stack sizes (-Xss)
#   Set larger code cache with -XX:ReservedCodeCacheSize=
#   JVM is running with Unscaled Compressed Oops mode in which the Java heap is
#     placed in the first 4GB address space. The Java Heap base address is the
#     maximum limit for the native heap growth. Please use -XX:HeapBaseMinAddress
#     to set the Java Heap base and to place the Java Heap above 4GB virtual address.
# This output file may be truncated or incomplete.
#
#  Out of Memory Error (./src/hotspot/share/memory/arena.cpp:197), pid=12892, tid=24508
#
# JRE version: OpenJDK Runtime Environment (11.0.10) (build 11.0.10+0-b96-7249189)
# Java VM: OpenJDK 64-Bit Server VM (11.0.10+0-b96-7249189, mixed mode, tiered, compressed oops, g1 gc, windows-amd64)
# No core dump will be written. Minidumps are not enabled by default on client versions of Windows
#

---------------  S U M M A R Y ------------

Command Line: --add-opens=java.base/java.util=ALL-UNNAMED --add-opens=java.base/java.lang=ALL-UNNAMED --add-opens=java.base/java.lang.invoke=ALL-UNNAMED --add-opens=java.prefs/java.util.prefs=ALL-UNNAMED -Xmx2048m -Dfile.encoding=UTF-8 -Duser.country=US -Duser.language=en -Duser.variant org.gradle.launcher.daemon.bootstrap.GradleDaemon 6.7.1

Host: Intel(R) Core(TM) i7-7700HQ CPU @ 2.80GHz, 8 cores, 15G,  Windows 10 , 64 bit Build 18362 (10.0.18362.778)
Time: Mon Jan  3 16:59:48 2022 Pakistan Standard Time elapsed time: 156.558771 seconds (0d 0h 2m 36s)

---------------  T H R E A D  ---------------

Current thread (0x000001dc32cc9800):  JavaThread "C2 CompilerThread1" daemon [_thread_in_native, id=24508, stack(0x000000cda3800000,0x000000cda3900000)]


Current CompileTask:
C2: 156558 17088 %     4       com.android.tools.r8.dex.n::m @ 64 (2054 bytes)

Stack: [0x000000cda3800000,0x000000cda3900000]
Native frames: (J=compiled Java code, j=interpreted, Vv=VM code, C=native code)
V  [jvm.dll+0x5ecfaa]
V  [jvm.dll+0x722bd5]
V  [jvm.dll+0x72412d]
V  [jvm.dll+0x7247e3]
V  [jvm.dll+0x242928]
V  [jvm.dll+0xbc4fc]
V  [jvm.dll+0xbca0c]
V  [jvm.dll+0x2b4fd4]
V  [jvm.dll+0x506028]
V  [jvm.dll+0x1fc985]
V  [jvm.dll+0x1fa77f]
V  [jvm.dll+0x18354c]
V  [jvm.dll+0x208ee7]
V  [jvm.dll+0x207731]
V  [jvm.dll+0x6eb1cf]
V  [jvm.dll+0x6e3d45]
V  [jvm.dll+0x5ebe96]
C  [ucrtbase.dll+0x20e82]
C  [KERNEL32.DLL+0x17bd4]
C  [ntdll.dll+0x6ce51]


---------------  P R O C E S S  ---------------

Threads class SMR info:
_java_thread_list=0x000001dc35213fb0, length=184, elements={
0x000001dc1260c800, 0x000001dc2f2c4000, 0x000001dc2f2c5800, 0x000001dc2f2ce800,
0x000001dc2f2d0000, 0x000001dc2f2d1000, 0x000001dc2f323800, 0x000001dc2f327000,
0x000001dc2f336000, 0x000001dc2f491800, 0x000001dc31ba5000, 0x000001dc30abb800,
0x000001dc30abf000, 0x000001dc32cbe800, 0x000001dc32cc2000, 0x000001dc32cbe000,
0x000001dc33077800, 0x000001dc3307f800, 0x000001dc360ef800, 0x000001dc32cbf800,
0x000001dc32cc0800, 0x000001dc32cc1000, 0x000001dc32cbc000, 0x000001dc32cbd000,
0x000001dc32cc7800, 0x000001dc32cc4800, 0x000001dc32cc7000, 0x000001dc32cc8800,
0x000001dc32cc2800, 0x000001dc32cc9800, 0x000001dc32cc6000, 0x000001dc32cc3800,
0x000001dc32cca000, 0x000001dc32ccb000, 0x000001dc32cc5000, 0x000001dc3a391000,
0x000001dc3a392800, 0x000001dc3a396000, 0x000001dc3a397800, 0x000001dc3a395000,
0x000001dc3a392000, 0x000001dc3a39b800, 0x000001dc3a39c800, 0x000001dc3a39a000,
0x000001dc3a399000, 0x000001dc3a39b000, 0x000001dc3a39d000, 0x000001dc3a39e000,
0x000001dc3a398800, 0x000001dc3a39f000, 0x000001dc3a39f800, 0x000001dc33076800,
0x000001dc33074000, 0x000001dc33078000, 0x000001dc33075000, 0x000001dc33075800,
0x000001dc33079800, 0x000001dc3307c000, 0x000001dc3307d000, 0x000001dc3307e000,
0x000001dc33079000, 0x000001dc33082800, 0x000001dc33081000, 0x000001dc33082000,
0x000001dc360ec800, 0x000001dc360ef000, 0x000001dc360ee000, 0x000001dc360ed800,
0x000001dc360f0800, 0x000001dc360f1800, 0x000001dc360eb800, 0x000001dc360f2000,
0x000001dc30abc800, 0x000001dc30ac0000, 0x000001dc30ac0800, 0x000001dc30abb000,
0x000001dc30abe000, 0x000001dc30ac1800, 0x000001dc30abd800, 0x000001dc2fb29000,
0x000001dc2fb2e000, 0x000001dc2fb2a000, 0x000001dc2fb2f000, 0x000001dc2fb30000,
0x000001dc2fb2b000, 0x000001dc2fb2b800, 0x000001dc2fb2c800, 0x000001dc2fb2d800,
0x000001dc349f4800, 0x000001dc349f6000, 0x000001dc349f4000, 0x000001dc349fb000,
0x000001dc349f7000, 0x000001dc349f8000, 0x000001dc349f8800, 0x000001dc349f9800,
0x000001dc349fa800, 0x000001dc349f5800, 0x000001dc34a01800, 0x000001dc349ff000,
0x000001dc34a00000, 0x000001dc349fe800, 0x000001dc34a01000, 0x000001dc349fc000,
0x000001dc34a02800, 0x000001dc349fd000, 0x000001dc349fd800, 0x000001dc3099d000,
0x000001dc3099e000, 0x000001dc3099f000, 0x000001dc3099f800, 0x000001dc3099b000,
0x000001dc3099c800, 0x000001dc3099a000, 0x000001dc3099b800, 0x000001dc309a3000,
0x000001dc309a5800, 0x000001dc309a2000, 0x000001dc309a1800, 0x000001dc309a4000,
0x000001dc309a4800, 0x000001dc309a0800, 0x000001dc309a6000, 0x000001dc309a7000,
0x000001dc309a8800, 0x000001dc309a8000, 0x000001dc36a8f000, 0x000001dc36a8a000,
0x000001dc36a8d000, 0x000001dc36a89000, 0x000001dc36a90800, 0x000001dc36a8f800,
0x000001dc36a8b800, 0x000001dc36a8e000, 0x000001dc36a8c800, 0x000001dc36a8a800,
0x000001dc36a95800, 0x000001dc36a94800, 0x000001dc36a92000, 0x000001dc36a91800,
0x000001dc36a93000, 0x000001dc36a98000, 0x000001dc36a93800, 0x000001dc36a96000,
0x000001dc36a97000, 0x000001dc3a2f6000, 0x000001dc3a2f3800, 0x000001dc3a2f1000,
0x000001dc3a2f0800, 0x000001dc3a2f7000, 0x000001dc3a2f4800, 0x000001dc3a2f5000,
0x000001dc3a2f7800, 0x000001dc3a2f2000, 0x000001dc3a2f8800, 0x000001dc3a2f2800,
0x000001dc3a2ff000, 0x000001dc3a2fb800, 0x000001dc3a2fc800, 0x000001dc3a2f9800,
0x000001dc3a2fd800, 0x000001dc3a2fa000, 0x000001dc3a2fe000, 0x000001dc3a2fb000,
0x000001dc34997000, 0x000001dc34994800, 0x000001dc34998800, 0x000001dc34998000,
0x000001dc34994000, 0x000001dc34993000, 0x000001dc34996800, 0x000001dc34999800,
0x000001dc3499a800, 0x000001dc3499b000, 0x000001dc34995800, 0x000001dc3499d000,
0x000001dc349a1000, 0x000001dc3499e800, 0x000001dc3499f000, 0x000001dc349a1800,
0x000001dc349a2800, 0x000001dc349a0000, 0x000001dc349a3800, 0x000001dc3499d800
}

Java Threads: ( => current thread )
  0x000001dc1260c800 JavaThread "main" [_thread_blocked, id=23248, stack(0x000000cda1600000,0x000000cda1700000)]
  0x000001dc2f2c4000 JavaThread "Reference Handler" daemon [_thread_blocked, id=18248, stack(0x000000cda1d00000,0x000000cda1e00000)]
  0x000001dc2f2c5800 JavaThread "Finalizer" daemon [_thread_blocked, id=25636, stack(0x000000cda1e00000,0x000000cda1f00000)]
  0x000001dc2f2ce800 JavaThread "Signal Dispatcher" daemon [_thread_blocked, id=24616, stack(0x000000cda1f00000,0x000000cda2000000)]
  0x000001dc2f2d0000 JavaThread "Attach Listener" daemon [_thread_blocked, id=25904, stack(0x000000cda2000000,0x000000cda2100000)]
  0x000001dc2f2d1000 JavaThread "Service Thread" daemon [_thread_blocked, id=23188, stack(0x000000cda2100000,0x000000cda2200000)]
  0x000001dc2f323800 JavaThread "C2 CompilerThread0" daemon [_thread_in_native, id=24820, stack(0x000000cda2200000,0x000000cda2300000)]
  0x000001dc2f327000 JavaThread "C1 CompilerThread0" daemon [_thread_blocked, id=27296, stack(0x000000cda2300000,0x000000cda2400000)]
  0x000001dc2f336000 JavaThread "Sweeper thread" daemon [_thread_blocked, id=17944, stack(0x000000cda2400000,0x000000cda2500000)]
  0x000001dc2f491800 JavaThread "Common-Cleaner" daemon [_thread_blocked, id=23956, stack(0x000000cda2500000,0x000000cda2600000)]
  0x000001dc31ba5000 JavaThread "Daemon health stats" [_thread_blocked, id=12688, stack(0x000000cda2e00000,0x000000cda2f00000)]
  0x000001dc30abb800 JavaThread "Incoming local TCP Connector on port 61149" [_thread_in_native, id=25152, stack(0x000000cda2f00000,0x000000cda3000000)]
  0x000001dc30abf000 JavaThread "Daemon periodic checks" [_thread_blocked, id=12812, stack(0x000000cda3000000,0x000000cda3100000)]
  0x000001dc32cbe800 JavaThread "Cache worker for file hash cache (C:\Users\hp\.gradle\caches\6.7.1\fileHashes)" [_thread_blocked, id=27168, stack(0x000000cda3b00000,0x000000cda3c00000)]
  0x000001dc32cc2000 JavaThread "File lock request listener" [_thread_in_native, id=22568, stack(0x000000cda3c00000,0x000000cda3d00000)]
  0x000001dc32cbe000 JavaThread "Cache worker for journal cache (C:\Users\hp\.gradle\caches\journal-1)" [_thread_blocked, id=12244, stack(0x000000cda3e00000,0x000000cda3f00000)]
  0x000001dc33077800 JavaThread "Cache worker for execution history cache (C:\Users\hp\.gradle\caches\6.7.1\executionHistory)" [_thread_blocked, id=27352, stack(0x000000cda5800000,0x000000cda5900000)]
  0x000001dc3307f800 JavaThread "Cache worker for file content cache (C:\Users\hp\.gradle\caches\6.7.1\fileContent)" [_thread_blocked, id=1504, stack(0x000000cda5900000,0x000000cda5a00000)]
  0x000001dc360ef800 JavaThread "Memory manager" [_thread_blocked, id=22312, stack(0x000000cdac600000,0x000000cdac700000)]
  0x000001dc32cbf800 JavaThread "Daemon Thread 2" [_thread_blocked, id=20064, stack(0x000000cda1300000,0x000000cda1400000)]
  0x000001dc32cc0800 JavaThread "Handler for socket connection from /127.0.0.1:61149 to /127.0.0.1:61214" [_thread_in_native, id=27084, stack(0x000000cda1400000,0x000000cda1500000)]
  0x000001dc32cc1000 JavaThread "Cancel handler" [_thread_blocked, id=17644, stack(0x000000cda1500000,0x000000cda1600000)]
  0x000001dc32cbc000 JavaThread "Daemon worker Thread 2" [_thread_blocked, id=11872, stack(0x000000cda3100000,0x000000cda3200000)]
  0x000001dc32cbd000 JavaThread "Asynchronous log dispatcher for DefaultDaemonConnection: socket connection from /127.0.0.1:61149 to /127.0.0.1:61214" [_thread_blocked, id=24976, stack(0x000000cda3200000,0x000000cda3300000)]
  0x000001dc32cc7800 JavaThread "Stdin handler" [_thread_blocked, id=26780, stack(0x000000cda3300000,0x000000cda3400000)]
  0x000001dc32cc4800 JavaThread "Thread-159" [_thread_blocked, id=17564, stack(0x000000cda3400000,0x000000cda3500000)]
  0x000001dc32cc7000 JavaThread "Cache worker for file hash cache (E:\OfficeGit\Berger_Xpress_Visualizer\Berger_Visualizer\Berger Visualizer\.gradle\6.7.1\fileHashes)" [_thread_blocked, id=14756, stack(0x000000cda3500000,0x000000cda3600000)]
  0x000001dc32cc8800 JavaThread "Cache worker for checksums cache (E:\OfficeGit\Berger_Xpress_Visualizer\Berger_Visualizer\Berger Visualizer\.gradle\checksums)" [_thread_blocked, id=21052, stack(0x000000cda3600000,0x000000cda3700000)]
  0x000001dc32cc2800 JavaThread "Cache worker for cache directory md-supplier (C:\Users\hp\.gradle\caches\6.7.1\md-supplier)" [_thread_blocked, id=23224, stack(0x000000cda3700000,0x000000cda3800000)]
=>0x000001dc32cc9800 JavaThread "C2 CompilerThread1" daemon [_thread_in_native, id=24508, stack(0x000000cda3800000,0x000000cda3900000)]
  0x000001dc32cc6000 JavaThread "Cache worker for cache directory md-rule (C:\Users\hp\.gradle\caches\6.7.1\md-rule)" [_thread_blocked, id=26140, stack(0x000000cda3f00000,0x000000cda4000000)]
  0x000001dc32cc3800 JavaThread "Cache worker for Build Output Cleanup Cache (E:\OfficeGit\Berger_Xpress_Visualizer\Berger_Visualizer\Berger Visualizer\.gradle\buildOutputCleanup)" [_thread_blocked, id=24072, stack(0x000000cda4000000,0x000000cda4100000)]
  0x000001dc32cca000 JavaThread "C2 CompilerThread2" daemon [_thread_in_native, id=20896, stack(0x000000cda4100000,0x000000cda4200000)]
  0x000001dc32ccb000 JavaThread "Build operations" [_thread_blocked, id=6152, stack(0x000000cda4200000,0x000000cda4300000)]
  0x000001dc32cc5000 JavaThread "Build operations Thread 2" [_thread_blocked, id=12532, stack(0x000000cda4300000,0x000000cda4400000)]
  0x000001dc3a391000 JavaThread "Build operations Thread 3" [_thread_blocked, id=15600, stack(0x000000cda4400000,0x000000cda4500000)]
  0x000001dc3a392800 JavaThread "Build operations Thread 4" [_thread_blocked, id=6032, stack(0x000000cda4500000,0x000000cda4600000)]
  0x000001dc3a396000 JavaThread "Build operations Thread 5" [_thread_blocked, id=19700, stack(0x000000cda4600000,0x000000cda4700000)]
  0x000001dc3a397800 JavaThread "Build operations Thread 6" [_thread_blocked, id=15784, stack(0x000000cda4700000,0x000000cda4800000)]
  0x000001dc3a395000 JavaThread "Build operations Thread 7" [_thread_blocked, id=7024, stack(0x000000cda4800000,0x000000cda4900000)]
  0x000001dc3a392000 JavaThread "Build operations Thread 8" [_thread_blocked, id=22400, stack(0x000000cda4900000,0x000000cda4a00000)]
  0x000001dc3a39b800 JavaThread "jar transforms Thread 120" [_thread_blocked, id=25256, stack(0x000000cda4a00000,0x000000cda4b00000)]
  0x000001dc3a39c800 JavaThread "jar transforms Thread 121" [_thread_blocked, id=26772, stack(0x000000cda4b00000,0x000000cda4c00000)]
  0x000001dc3a39a000 JavaThread "jar transforms Thread 122" [_thread_blocked, id=6340, stack(0x000000cda4c00000,0x000000cda4d00000)]
  0x000001dc3a399000 JavaThread "jar transforms Thread 123" [_thread_blocked, id=11184, stack(0x000000cda4d00000,0x000000cda4e00000)]
  0x000001dc3a39b000 JavaThread "jar transforms Thread 124" [_thread_blocked, id=13004, stack(0x000000cda4e00000,0x000000cda4f00000)]
  0x000001dc3a39d000 JavaThread "jar transforms Thread 125" [_thread_blocked, id=13360, stack(0x000000cda4f00000,0x000000cda5000000)]
  0x000001dc3a39e000 JavaThread "jar transforms Thread 126" [_thread_blocked, id=23184, stack(0x000000cda5000000,0x000000cda5100000)]
  0x000001dc3a398800 JavaThread "jar transforms Thread 127" [_thread_blocked, id=20648, stack(0x000000cda5100000,0x000000cda5200000)]
  0x000001dc3a39f000 JavaThread "jar transforms Thread 128" [_thread_blocked, id=24604, stack(0x000000cda5200000,0x000000cda5300000)]
  0x000001dc3a39f800 JavaThread "jar transforms Thread 129" [_thread_blocked, id=11240, stack(0x000000cda5300000,0x000000cda5400000)]
  0x000001dc33076800 JavaThread "jar transforms Thread 130" [_thread_blocked, id=17676, stack(0x000000cda5400000,0x000000cda5500000)]
  0x000001dc33074000 JavaThread "jar transforms Thread 131" [_thread_blocked, id=26424, stack(0x000000cda5500000,0x000000cda5600000)]
  0x000001dc33078000 JavaThread "jar transforms Thread 132" [_thread_blocked, id=23368, stack(0x000000cda5600000,0x000000cda5700000)]
  0x000001dc33075000 JavaThread "jar transforms Thread 133" [_thread_blocked, id=26620, stack(0x000000cda5700000,0x000000cda5800000)]
  0x000001dc33075800 JavaThread "jar transforms Thread 134" [_thread_blocked, id=16840, stack(0x000000cda5a00000,0x000000cda5b00000)]
  0x000001dc33079800 JavaThread "jar transforms Thread 135" [_thread_blocked, id=7668, stack(0x000000cda5b00000,0x000000cda5c00000)]
  0x000001dc3307c000 JavaThread "jar transforms Thread 136" [_thread_blocked, id=23108, stack(0x000000cda5c00000,0x000000cda5d00000)]
  0x000001dc3307d000 JavaThread "jar transforms Thread 137" [_thread_blocked, id=22896, stack(0x000000cda5d00000,0x000000cda5e00000)]
  0x000001dc3307e000 JavaThread "jar transforms Thread 138" [_thread_blocked, id=1288, stack(0x000000cda5e00000,0x000000cda5f00000)]
  0x000001dc33079000 JavaThread "jar transforms Thread 139" [_thread_blocked, id=25000, stack(0x000000cda5f00000,0x000000cda6000000)]
  0x000001dc33082800 JavaThread "jar transforms Thread 140" [_thread_blocked, id=23836, stack(0x000000cda6000000,0x000000cda6100000)]
  0x000001dc33081000 JavaThread "jar transforms Thread 141" [_thread_blocked, id=18408, stack(0x000000cda6100000,0x000000cda6200000)]
  0x000001dc33082000 JavaThread "jar transforms Thread 142" [_thread_blocked, id=3884, stack(0x000000cda6200000,0x000000cda6300000)]
  0x000001dc360ec800 JavaThread "jar transforms Thread 143" [_thread_blocked, id=24040, stack(0x000000cda6300000,0x000000cda6400000)]
  0x000001dc360ef000 JavaThread "jar transforms Thread 144" [_thread_blocked, id=20912, stack(0x000000cda6400000,0x000000cda6500000)]
  0x000001dc360ee000 JavaThread "jar transforms Thread 145" [_thread_blocked, id=24160, stack(0x000000cda6500000,0x000000cda6600000)]
  0x000001dc360ed800 JavaThread "jar transforms Thread 146" [_thread_blocked, id=15472, stack(0x000000cda6600000,0x000000cda6700000)]
  0x000001dc360f0800 JavaThread "jar transforms Thread 147" [_thread_blocked, id=26492, stack(0x000000cda6700000,0x000000cda6800000)]
  0x000001dc360f1800 JavaThread "jar transforms Thread 148" [_thread_blocked, id=10556, stack(0x000000cda6800000,0x000000cda6900000)]
  0x000001dc360eb800 JavaThread "jar transforms Thread 149" [_thread_blocked, id=25720, stack(0x000000cda6900000,0x000000cda6a00000)]
  0x000001dc360f2000 JavaThread "jar transforms Thread 150" [_thread_blocked, id=25132, stack(0x000000cda6a00000,0x000000cda6b00000)]
  0x000001dc30abc800 JavaThread "jar transforms Thread 151" [_thread_blocked, id=14836, stack(0x000000cda6b00000,0x000000cda6c00000)]
  0x000001dc30ac0000 JavaThread "jar transforms Thread 152" [_thread_blocked, id=17200, stack(0x000000cda6c00000,0x000000cda6d00000)]
  0x000001dc30ac0800 JavaThread "jar transforms Thread 153" [_thread_blocked, id=24796, stack(0x000000cda6d00000,0x000000cda6e00000)]
  0x000001dc30abb000 JavaThread "jar transforms Thread 154" [_thread_blocked, id=17804, stack(0x000000cda6e00000,0x000000cda6f00000)]
  0x000001dc30abe000 JavaThread "jar transforms Thread 155" [_thread_blocked, id=7940, stack(0x000000cda6f00000,0x000000cda7000000)]
  0x000001dc30ac1800 JavaThread "jar transforms Thread 156" [_thread_blocked, id=23804, stack(0x000000cda7000000,0x000000cda7100000)]
  0x000001dc30abd800 JavaThread "jar transforms Thread 157" [_thread_blocked, id=26592, stack(0x000000cda7100000,0x000000cda7200000)]
  0x000001dc2fb29000 JavaThread "jar transforms Thread 158" [_thread_blocked, id=19980, stack(0x000000cda7200000,0x000000cda7300000)]
  0x000001dc2fb2e000 JavaThread "jar transforms Thread 159" [_thread_blocked, id=7280, stack(0x000000cda7300000,0x000000cda7400000)]
  0x000001dc2fb2a000 JavaThread "jar transforms Thread 160" [_thread_blocked, id=4396, stack(0x000000cda7400000,0x000000cda7500000)]
  0x000001dc2fb2f000 JavaThread "jar transforms Thread 161" [_thread_blocked, id=25716, stack(0x000000cda7500000,0x000000cda7600000)]
  0x000001dc2fb30000 JavaThread "jar transforms Thread 162" [_thread_blocked, id=20132, stack(0x000000cda7600000,0x000000cda7700000)]
  0x000001dc2fb2b000 JavaThread "jar transforms Thread 163" [_thread_blocked, id=20484, stack(0x000000cda7700000,0x000000cda7800000)]
  0x000001dc2fb2b800 JavaThread "jar transforms Thread 164" [_thread_blocked, id=19740, stack(0x000000cda7800000,0x000000cda7900000)]
  0x000001dc2fb2c800 JavaThread "jar transforms Thread 165" [_thread_blocked, id=1448, stack(0x000000cda7900000,0x000000cda7a00000)]
  0x000001dc2fb2d800 JavaThread "jar transforms Thread 166" [_thread_blocked, id=9196, stack(0x000000cda7a00000,0x000000cda7b00000)]
  0x000001dc349f4800 JavaThread "jar transforms Thread 167" [_thread_blocked, id=5532, stack(0x000000cda7b00000,0x000000cda7c00000)]
  0x000001dc349f6000 JavaThread "jar transforms Thread 168" [_thread_blocked, id=3776, stack(0x000000cda7c00000,0x000000cda7d00000)]
  0x000001dc349f4000 JavaThread "jar transforms Thread 169" [_thread_blocked, id=26804, stack(0x000000cda7d00000,0x000000cda7e00000)]
  0x000001dc349fb000 JavaThread "jar transforms Thread 170" [_thread_blocked, id=20768, stack(0x000000cda7e00000,0x000000cda7f00000)]
  0x000001dc349f7000 JavaThread "jar transforms Thread 171" [_thread_blocked, id=23524, stack(0x000000cda7f00000,0x000000cda8000000)]
  0x000001dc349f8000 JavaThread "jar transforms Thread 172" [_thread_blocked, id=23416, stack(0x000000cda8000000,0x000000cda8100000)]
  0x000001dc349f8800 JavaThread "jar transforms Thread 173" [_thread_blocked, id=19468, stack(0x000000cda8100000,0x000000cda8200000)]
  0x000001dc349f9800 JavaThread "jar transforms Thread 174" [_thread_blocked, id=4672, stack(0x000000cda8200000,0x000000cda8300000)]
  0x000001dc349fa800 JavaThread "jar transforms Thread 175" [_thread_blocked, id=15244, stack(0x000000cda8300000,0x000000cda8400000)]
  0x000001dc349f5800 JavaThread "jar transforms Thread 176" [_thread_blocked, id=24292, stack(0x000000cda8400000,0x000000cda8500000)]
  0x000001dc34a01800 JavaThread "jar transforms Thread 177" [_thread_blocked, id=19976, stack(0x000000cda8500000,0x000000cda8600000)]
  0x000001dc349ff000 JavaThread "jar transforms Thread 178" [_thread_blocked, id=26048, stack(0x000000cda8600000,0x000000cda8700000)]
  0x000001dc34a00000 JavaThread "jar transforms Thread 179" [_thread_blocked, id=11204, stack(0x000000cda8700000,0x000000cda8800000)]
  0x000001dc349fe800 JavaThread "jar transforms Thread 180" [_thread_blocked, id=12732, stack(0x000000cda8800000,0x000000cda8900000)]
  0x000001dc34a01000 JavaThread "jar transforms Thread 181" [_thread_blocked, id=23180, stack(0x000000cda8900000,0x000000cda8a00000)]
  0x000001dc349fc000 JavaThread "jar transforms Thread 182" [_thread_blocked, id=19132, stack(0x000000cda8a00000,0x000000cda8b00000)]
  0x000001dc34a02800 JavaThread "jar transforms Thread 183" [_thread_blocked, id=20744, stack(0x000000cda8b00000,0x000000cda8c00000)]
  0x000001dc349fd000 JavaThread "jar transforms Thread 184" [_thread_blocked, id=5332, stack(0x000000cda8c00000,0x000000cda8d00000)]
  0x000001dc349fd800 JavaThread "jar transforms Thread 185" [_thread_blocked, id=25020, stack(0x000000cda8d00000,0x000000cda8e00000)]
  0x000001dc3099d000 JavaThread "jar transforms Thread 186" [_thread_blocked, id=2940, stack(0x000000cda8e00000,0x000000cda8f00000)]
  0x000001dc3099e000 JavaThread "jar transforms Thread 187" [_thread_blocked, id=21856, stack(0x000000cda8f00000,0x000000cda9000000)]
  0x000001dc3099f000 JavaThread "jar transforms Thread 188" [_thread_blocked, id=26860, stack(0x000000cda9000000,0x000000cda9100000)]
  0x000001dc3099f800 JavaThread "jar transforms Thread 189" [_thread_blocked, id=20128, stack(0x000000cda9100000,0x000000cda9200000)]
  0x000001dc3099b000 JavaThread "jar transforms Thread 190" [_thread_blocked, id=14496, stack(0x000000cda9200000,0x000000cda9300000)]
  0x000001dc3099c800 JavaThread "jar transforms Thread 191" [_thread_blocked, id=20736, stack(0x000000cda9300000,0x000000cda9400000)]
  0x000001dc3099a000 JavaThread "jar transforms Thread 192" [_thread_blocked, id=17728, stack(0x000000cda9400000,0x000000cda9500000)]
  0x000001dc3099b800 JavaThread "jar transforms Thread 193" [_thread_blocked, id=18192, stack(0x000000cda9500000,0x000000cda9600000)]
  0x000001dc309a3000 JavaThread "jar transforms Thread 194" [_thread_blocked, id=20420, stack(0x000000cda9600000,0x000000cda9700000)]
  0x000001dc309a5800 JavaThread "jar transforms Thread 195" [_thread_blocked, id=11288, stack(0x000000cda9700000,0x000000cda9800000)]
  0x000001dc309a2000 JavaThread "jar transforms Thread 196" [_thread_blocked, id=12628, stack(0x000000cda9800000,0x000000cda9900000)]
  0x000001dc309a1800 JavaThread "jar transforms Thread 197" [_thread_blocked, id=17332, stack(0x000000cda9900000,0x000000cda9a00000)]
  0x000001dc309a4000 JavaThread "jar transforms Thread 198" [_thread_blocked, id=18604, stack(0x000000cda9a00000,0x000000cda9b00000)]
  0x000001dc309a4800 JavaThread "jar transforms Thread 199" [_thread_blocked, id=24984, stack(0x000000cda9b00000,0x000000cda9c00000)]
  0x000001dc309a0800 JavaThread "jar transforms Thread 200" [_thread_blocked, id=25616, stack(0x000000cda9c00000,0x000000cda9d00000)]
  0x000001dc309a6000 JavaThread "jar transforms Thread 201" [_thread_blocked, id=9672, stack(0x000000cda9d00000,0x000000cda9e00000)]
  0x000001dc309a7000 JavaThread "jar transforms Thread 202" [_thread_blocked, id=18000, stack(0x000000cda9e00000,0x000000cda9f00000)]
  0x000001dc309a8800 JavaThread "jar transforms Thread 203" [_thread_blocked, id=26532, stack(0x000000cda9f00000,0x000000cdaa000000)]
  0x000001dc309a8000 JavaThread "jar transforms Thread 204" [_thread_blocked, id=23240, stack(0x000000cdaa000000,0x000000cdaa100000)]
  0x000001dc36a8f000 JavaThread "jar transforms Thread 205" [_thread_blocked, id=27480, stack(0x000000cdaa100000,0x000000cdaa200000)]
  0x000001dc36a8a000 JavaThread "jar transforms Thread 206" [_thread_blocked, id=26392, stack(0x000000cdaa200000,0x000000cdaa300000)]
  0x000001dc36a8d000 JavaThread "jar transforms Thread 207" [_thread_blocked, id=27484, stack(0x000000cdaa300000,0x000000cdaa400000)]
  0x000001dc36a89000 JavaThread "jar transforms Thread 208" [_thread_blocked, id=15636, stack(0x000000cdaa400000,0x000000cdaa500000)]
  0x000001dc36a90800 JavaThread "jar transforms Thread 209" [_thread_blocked, id=17544, stack(0x000000cdaa500000,0x000000cdaa600000)]
  0x000001dc36a8f800 JavaThread "jar transforms Thread 210" [_thread_blocked, id=15116, stack(0x000000cdaa600000,0x000000cdaa700000)]
  0x000001dc36a8b800 JavaThread "jar transforms Thread 211" [_thread_blocked, id=11788, stack(0x000000cdaa700000,0x000000cdaa800000)]
  0x000001dc36a8e000 JavaThread "jar transforms Thread 212" [_thread_blocked, id=25856, stack(0x000000cdaa800000,0x000000cdaa900000)]
  0x000001dc36a8c800 JavaThread "jar transforms Thread 213" [_thread_blocked, id=13456, stack(0x000000cdaa900000,0x000000cdaaa00000)]
  0x000001dc36a8a800 JavaThread "jar transforms Thread 214" [_thread_blocked, id=22804, stack(0x000000cdaaa00000,0x000000cdaab00000)]
  0x000001dc36a95800 JavaThread "jar transforms Thread 215" [_thread_blocked, id=20384, stack(0x000000cdaab00000,0x000000cdaac00000)]
  0x000001dc36a94800 JavaThread "jar transforms Thread 216" [_thread_blocked, id=2708, stack(0x000000cdaac00000,0x000000cdaad00000)]
  0x000001dc36a92000 JavaThread "jar transforms Thread 217" [_thread_blocked, id=25956, stack(0x000000cdaad00000,0x000000cdaae00000)]
  0x000001dc36a91800 JavaThread "jar transforms Thread 218" [_thread_blocked, id=19648, stack(0x000000cdaae00000,0x000000cdaaf00000)]
  0x000001dc36a93000 JavaThread "jar transforms Thread 219" [_thread_blocked, id=4160, stack(0x000000cdaaf00000,0x000000cdab000000)]
  0x000001dc36a98000 JavaThread "jar transforms Thread 220" [_thread_blocked, id=25788, stack(0x000000cdab000000,0x000000cdab100000)]
  0x000001dc36a93800 JavaThread "jar transforms Thread 221" [_thread_blocked, id=14528, stack(0x000000cdab100000,0x000000cdab200000)]
  0x000001dc36a96000 JavaThread "jar transforms Thread 222" [_thread_blocked, id=18320, stack(0x000000cdab200000,0x000000cdab300000)]
  0x000001dc36a97000 JavaThread "jar transforms Thread 223" [_thread_blocked, id=15688, stack(0x000000cdab300000,0x000000cdab400000)]
  0x000001dc3a2f6000 JavaThread "jar transforms Thread 224" [_thread_blocked, id=19752, stack(0x000000cdab400000,0x000000cdab500000)]
  0x000001dc3a2f3800 JavaThread "jar transforms Thread 225" [_thread_blocked, id=12816, stack(0x000000cdab500000,0x000000cdab600000)]
  0x000001dc3a2f1000 JavaThread "jar transforms Thread 226" [_thread_blocked, id=19500, stack(0x000000cdab600000,0x000000cdab700000)]
  0x000001dc3a2f0800 JavaThread "jar transforms Thread 227" [_thread_blocked, id=26084, stack(0x000000cdab700000,0x000000cdab800000)]
  0x000001dc3a2f7000 JavaThread "jar transforms Thread 228" [_thread_blocked, id=13652, stack(0x000000cdab800000,0x000000cdab900000)]
  0x000001dc3a2f4800 JavaThread "jar transforms Thread 229" [_thread_blocked, id=26932, stack(0x000000cdab900000,0x000000cdaba00000)]
  0x000001dc3a2f5000 JavaThread "jar transforms Thread 230" [_thread_blocked, id=7592, stack(0x000000cdaba00000,0x000000cdabb00000)]
  0x000001dc3a2f7800 JavaThread "jar transforms Thread 231" [_thread_blocked, id=23072, stack(0x000000cdabb00000,0x000000cdabc00000)]
  0x000001dc3a2f2000 JavaThread "jar transforms Thread 232" [_thread_blocked, id=23460, stack(0x000000cdabc00000,0x000000cdabd00000)]
  0x000001dc3a2f8800 JavaThread "jar transforms Thread 233" [_thread_blocked, id=2356, stack(0x000000cdabd00000,0x000000cdabe00000)]
  0x000001dc3a2f2800 JavaThread "jar transforms Thread 234" [_thread_blocked, id=19020, stack(0x000000cdabe00000,0x000000cdabf00000)]
  0x000001dc3a2ff000 JavaThread "jar transforms Thread 235" [_thread_blocked, id=27384, stack(0x000000cdabf00000,0x000000cdac000000)]
  0x000001dc3a2fb800 JavaThread "jar transforms Thread 236" [_thread_blocked, id=25848, stack(0x000000cdac000000,0x000000cdac100000)]
  0x000001dc3a2fc800 JavaThread "jar transforms Thread 237" [_thread_blocked, id=21288, stack(0x000000cdac100000,0x000000cdac200000)]
  0x000001dc3a2f9800 JavaThread "jar transforms Thread 238" [_thread_blocked, id=24240, stack(0x000000cdac200000,0x000000cdac300000)]
  0x000001dc3a2fd800 JavaThread "build event listener" [_thread_blocked, id=23476, stack(0x000000cdac300000,0x000000cdac400000)]
  0x000001dc3a2fa000 JavaThread "build event listener" [_thread_blocked, id=11912, stack(0x000000cdac400000,0x000000cdac500000)]
  0x000001dc3a2fe000 JavaThread "Execution worker for ':'" [_thread_blocked, id=18104, stack(0x000000cdac500000,0x000000cdac600000)]
  0x000001dc3a2fb000 JavaThread "Execution worker for ':' Thread 2" [_thread_blocked, id=7956, stack(0x000000cdac900000,0x000000cdaca00000)]
  0x000001dc34997000 JavaThread "Execution worker for ':' Thread 3" [_thread_blocked, id=2228, stack(0x000000cdaca00000,0x000000cdacb00000)]
  0x000001dc34994800 JavaThread "Execution worker for ':' Thread 4" [_thread_blocked, id=24812, stack(0x000000cdacb00000,0x000000cdacc00000)]
  0x000001dc34998800 JavaThread "Execution worker for ':' Thread 5" [_thread_blocked, id=17272, stack(0x000000cdacc00000,0x000000cdacd00000)]
  0x000001dc34998000 JavaThread "Execution worker for ':' Thread 6" [_thread_blocked, id=25248, stack(0x000000cdacd00000,0x000000cdace00000)]
  0x000001dc34994000 JavaThread "Execution worker for ':' Thread 7" [_thread_blocked, id=19520, stack(0x000000cdace00000,0x000000cdacf00000)]
  0x000001dc34993000 JavaThread "Cache worker for execution history cache (E:\OfficeGit\Berger_Xpress_Visualizer\Berger_Visualizer\Berger Visualizer\.gradle\6.7.1\executionHistory)" [_thread_blocked, id=7436, stack(0x000000cdacf00000,0x000000cdad000000)]
  0x000001dc34996800 JavaThread "WorkerExecutor Queue" [_thread_in_native, id=1560, stack(0x000000cdad000000,0x000000cdad100000)]
  0x000001dc34999800 JavaThread "WorkerExecutor Queue Thread 2" [_thread_blocked, id=27164, stack(0x000000cdad100000,0x000000cdad200000)]
  0x000001dc3499a800 JavaThread "Exec process" [_thread_blocked, id=25752, stack(0x000000cdad200000,0x000000cdad300000)]
  0x000001dc3499b000 JavaThread "Exec process Thread 2" [_thread_blocked, id=14728, stack(0x000000cdad300000,0x000000cdad400000)]
  0x000001dc34995800 JavaThread "Exec process Thread 3" [_thread_blocked, id=26160, stack(0x000000cdad400000,0x000000cdad500000)]
  0x000001dc3499d000 JavaThread "WorkerExecutor Queue Thread 3" [_thread_in_native, id=9124, stack(0x000000cdad500000,0x000000cdad600000)]
  0x000001dc349a1000 JavaThread "WorkerExecutor Queue Thread 4" [_thread_blocked, id=8596, stack(0x000000cdad600000,0x000000cdad700000)]
  0x000001dc3499e800 JavaThread "WorkerExecutor Queue Thread 5" [_thread_blocked, id=22536, stack(0x000000cdad700000,0x000000cdad800000)]
  0x000001dc3499f000 JavaThread "Cache worker for Java compile cache (C:\Users\hp\.gradle\caches\6.7.1\javaCompile)" [_thread_blocked, id=25284, stack(0x000000cdad800000,0x000000cdad900000)]
  0x000001dc349a1800 JavaThread "Cache worker for Java compile cache (E:\OfficeGit\Berger_Xpress_Visualizer\Berger_Visualizer\Berger Visualizer\.gradle\6.7.1\javaCompile)" [_thread_blocked, id=27532, stack(0x000000cdad900000,0x000000cdada00000)]
  0x000001dc349a2800 JavaThread "WorkerExecutor Queue Thread 6" [_thread_in_native, id=26816, stack(0x000000cdada00000,0x000000cdadb00000)]
  0x000001dc349a0000 JavaThread "WorkerExecutor Queue Thread 7" [_thread_in_native, id=21508, stack(0x000000cdadb00000,0x000000cdadc00000)]
  0x000001dc349a3800 JavaThread "WorkerExecutor Queue Thread 8" [_thread_in_native, id=10064, stack(0x000000cdadc00000,0x000000cdadd00000)]
  0x000001dc3499d800 JavaThread "WorkerExecutor Queue Thread 9" [_thread_blocked, id=23884, stack(0x000000cdadd00000,0x000000cdade00000)]

Other Threads:
  0x000001dc2f2bf000 VMThread "VM Thread" [stack: 0x000000cda1c00000,0x000000cda1d00000] [id=25996]
  0x000001dc2f4c7800 WatcherThread [stack: 0x000000cda2600000,0x000000cda2700000] [id=19800]
  0x000001dc12626000 GCTaskThread "GC Thread#0" [stack: 0x000000cda1700000,0x000000cda1800000] [id=15236]
  0x000001dc3010d800 GCTaskThread "GC Thread#1" [stack: 0x000000cda2800000,0x000000cda2900000] [id=3756]
  0x000001dc2f855800 GCTaskThread "GC Thread#2" [stack: 0x000000cda2900000,0x000000cda2a00000] [id=26924]
  0x000001dc302ff800 GCTaskThread "GC Thread#3" [stack: 0x000000cda2a00000,0x000000cda2b00000] [id=26252]
  0x000001dc30300000 GCTaskThread "GC Thread#4" [stack: 0x000000cda2b00000,0x000000cda2c00000] [id=23572]
  0x000001dc30301000 GCTaskThread "GC Thread#5" [stack: 0x000000cda2c00000,0x000000cda2d00000] [id=21012]
  0x000001dc31422000 GCTaskThread "GC Thread#6" [stack: 0x000000cda3900000,0x000000cda3a00000] [id=7464]
  0x000001dc3072b800 GCTaskThread "GC Thread#7" [stack: 0x000000cda3a00000,0x000000cda3b00000] [id=19632]
  0x000001dc12656800 ConcurrentGCThread "G1 Main Marker" [stack: 0x000000cda1800000,0x000000cda1900000] [id=4620]
  0x000001dc12659000 ConcurrentGCThread "G1 Conc#0" [stack: 0x000000cda1900000,0x000000cda1a00000] [id=21436]
  0x000001dc3085d800 ConcurrentGCThread "G1 Conc#1" [stack: 0x000000cda3d00000,0x000000cda3e00000] [id=20652]
  0x000001dc126ce000 ConcurrentGCThread "G1 Refine#0" [stack: 0x000000cda1a00000,0x000000cda1b00000] [id=20004]
  0x000001dc344e1000 ConcurrentGCThread "G1 Refine#1" [stack: 0x000000cdac700000,0x000000cdac800000] [id=17444]
  0x000001dc344e1800 ConcurrentGCThread "G1 Refine#2" [stack: 0x000000cdac800000,0x000000cdac900000] [id=23024]
  0x000001dc2e90c800 ConcurrentGCThread "G1 Young RemSet Sampling" [stack: 0x000000cda1b00000,0x000000cda1c00000] [id=21824]

Threads with active compile tasks:
C2 CompilerThread0 156595 17217 % !   4       java.util.concurrent.ConcurrentHashMap::transfer @ 96 (828 bytes)
C1 CompilerThread0 156596 17247       2       java.lang.StackTraceElement::dropClassLoaderName (16 bytes)
C2 CompilerThread1 156596 17088 %     4       com.android.tools.r8.dex.n::m @ 64 (2054 bytes)
C2 CompilerThread2 156596 17005       4       com.google.common.cache.LocalCache$Segment::evictEntries (106 bytes)

VM state:at safepoint (normal execution)

VM Mutex/Monitor currently owned by a thread:  ([mutex/lock_event])
[0x000001dc126075d0] Threads_lock - owner thread: 0x000001dc2f2bf000
[0x000001dc12607a50] Heap_lock - owner thread: 0x000001dc3a2fa000

Heap address: 0x0000000080000000, size: 2048 MB, Compressed Oops mode: 32-bit
Narrow klass base: 0x0000000000000000, Narrow klass shift: 3
Compressed class space size: 1073741824 Address: 0x0000000100000000

Heap:
 garbage-first heap   total 264192K, used 218592K [0x0000000080000000, 0x0000000100000000)
  region size 1024K, 49 young (50176K), 6 survivors (6144K)
 Metaspace       used 120894K, capacity 124100K, committed 124236K, reserved 1157120K
  class space    used 15042K, capacity 16154K, committed 16204K, reserved 1048576K
Heap Regions: E=young(eden), S=young(survivor), O=old, HS=humongous(starts), HC=humongous(continues), CS=collection set, F=free, A=archive, TAMS=top-at-mark-start (previous, next)
|   0|0x0000000080000000, 0x0000000080100000, 0x0000000080100000|100%| O|  |TAMS 0x0000000080100000, 0x0000000080000000| Untracked 
|   1|0x0000000080100000, 0x0000000080200000, 0x0000000080200000|100%| O|  |TAMS 0x0000000080200000, 0x0000000080100000| Untracked 
|   2|0x0000000080200000, 0x0000000080300000, 0x0000000080300000|100%| O|  |TAMS 0x0000000080300000, 0x0000000080200000| Untracked 
|   3|0x0000000080300000, 0x0000000080400000, 0x0000000080400000|100%|HS|  |TAMS 0x0000000080400000, 0x0000000080300000| Complete 
|   4|0x0000000080400000, 0x0000000080500000, 0x0000000080500000|100%|HC|  |TAMS 0x0000000080500000, 0x0000000080400000| Complete 
|   5|0x0000000080500000, 0x0000000080600000, 0x0000000080600000|100%|HC|  |TAMS 0x0000000080600000, 0x0000000080500000| Complete 
|   6|0x0000000080600000, 0x0000000080700000, 0x0000000080700000|100%| O|  |TAMS 0x0000000080700000, 0x0000000080600000| Untracked 
|   7|0x0000000080700000, 0x0000000080800000, 0x0000000080800000|100%| O|  |TAMS 0x0000000080800000, 0x0000000080700000| Untracked 
|   8|0x0000000080800000, 0x0000000080900000, 0x0000000080900000|100%| O|  |TAMS 0x0000000080900000, 0x0000000080800000| Untracked 
|   9|0x0000000080900000, 0x0000000080a00000, 0x0000000080a00000|100%|HS|  |TAMS 0x0000000080a00000, 0x0000000080900000| Complete 
|  10|0x0000000080a00000, 0x0000000080b00000, 0x0000000080b00000|100%|HC|  |TAMS 0x0000000080b00000, 0x0000000080a00000| Complete 
|  11|0x0000000080b00000, 0x0000000080c00000, 0x0000000080c00000|100%|HS|  |TAMS 0x0000000080c00000, 0x0000000080b00000| Complete 
|  12|0x0000000080c00000, 0x0000000080d00000, 0x0000000080d00000|100%|HC|  |TAMS 0x0000000080d00000, 0x0000000080c00000| Complete 
|  13|0x0000000080d00000, 0x0000000080e00000, 0x0000000080e00000|100%|HC|  |TAMS 0x0000000080e00000, 0x0000000080d00000| Complete 
|  14|0x0000000080e00000, 0x0000000080f00000, 0x0000000080f00000|100%|HS|  |TAMS 0x0000000080f00000, 0x0000000080e00000| Complete 
|  15|0x0000000080f00000, 0x0000000081000000, 0x0000000081000000|100%|HC|  |TAMS 0x0000000081000000, 0x0000000080f00000| Complete 
|  16|0x0000000081000000, 0x0000000081100000, 0x0000000081100000|100%|HC|  |TAMS 0x0000000081100000, 0x0000000081000000| Complete 
|  17|0x0000000081100000, 0x0000000081200000, 0x0000000081200000|100%|HC|  |TAMS 0x0000000081200000, 0x0000000081100000| Complete 
|  18|0x0000000081200000, 0x0000000081300000, 0x0000000081300000|100%|HC|  |TAMS 0x0000000081300000, 0x0000000081200000| Complete 
|  19|0x0000000081300000, 0x0000000081400000, 0x0000000081400000|100%|HS|  |TAMS 0x0000000081400000, 0x0000000081300000| Complete 
|  20|0x0000000081400000, 0x0000000081500000, 0x0000000081500000|100%|HS|  |TAMS 0x0000000081500000, 0x0000000081400000| Complete 
|  21|0x0000000081500000, 0x0000000081600000, 0x0000000081600000|100%| O|  |TAMS 0x0000000081600000, 0x0000000081500000| Untracked 
|  22|0x0000000081600000, 0x0000000081700000, 0x0000000081700000|100%|HS|  |TAMS 0x0000000081700000, 0x0000000081600000| Complete 
|  23|0x0000000081700000, 0x0000000081800000, 0x0000000081800000|100%|HC|  |TAMS 0x0000000081800000, 0x0000000081700000| Complete 
|  24|0x0000000081800000, 0x0000000081900000, 0x0000000081900000|100%|HC|  |TAMS 0x0000000081900000, 0x0000000081800000| Complete 
|  25|0x0000000081900000, 0x0000000081a00000, 0x0000000081a00000|100%|HC|  |TAMS 0x0000000081a00000, 0x0000000081900000| Complete 
|  26|0x0000000081a00000, 0x0000000081b00000, 0x0000000081b00000|100%|HC|  |TAMS 0x0000000081b00000, 0x0000000081a00000| Complete 
|  27|0x0000000081b00000, 0x0000000081c00000, 0x0000000081c00000|100%|HS|  |TAMS 0x0000000081c00000, 0x0000000081b00000| Complete 
|  28|0x0000000081c00000, 0x0000000081d00000, 0x0000000081d00000|100%|HC|  |TAMS 0x0000000081d00000, 0x0000000081c00000| Complete 
|  29|0x0000000081d00000, 0x0000000081e00000, 0x0000000081e00000|100%|HC|  |TAMS 0x0000000081e00000, 0x0000000081d00000| Complete 
|  30|0x0000000081e00000, 0x0000000081f00000, 0x0000000081f00000|100%| O|  |TAMS 0x0000000081f00000, 0x0000000081e00000| Untracked 
|  31|0x0000000081f00000, 0x0000000082000000, 0x0000000082000000|100%| O|  |TAMS 0x0000000082000000, 0x0000000081f00000| Untracked 
|  32|0x0000000082000000, 0x0000000082100000, 0x0000000082100000|100%| O|  |TAMS 0x0000000082100000, 0x0000000082000000| Untracked 
|  33|0x0000000082100000, 0x0000000082200000, 0x0000000082200000|100%| O|  |TAMS 0x0000000082200000, 0x0000000082100000| Untracked 
|  34|0x0000000082200000, 0x0000000082300000, 0x0000000082300000|100%| O|  |TAMS 0x0000000082300000, 0x0000000082200000| Untracked 
|  35|0x0000000082300000, 0x0000000082400000, 0x0000000082400000|100%| O|  |TAMS 0x0000000082400000, 0x0000000082300000| Untracked 
|  36|0x0000000082400000, 0x0000000082500000, 0x0000000082500000|100%| O|  |TAMS 0x0000000082500000, 0x0000000082400000| Untracked 
|  37|0x0000000082500000, 0x0000000082600000, 0x0000000082600000|100%| O|  |TAMS 0x0000000082600000, 0x0000000082500000| Untracked 
|  38|0x0000000082600000, 0x0000000082700000, 0x0000000082700000|100%| O|  |TAMS 0x0000000082700000, 0x0000000082600000| Untracked 
|  39|0x0000000082700000, 0x0000000082800000, 0x0000000082800000|100%|HS|  |TAMS 0x0000000082800000, 0x0000000082700000| Complete 
|  40|0x0000000082800000, 0x0000000082900000, 0x0000000082900000|100%|HC|  |TAMS 0x0000000082900000, 0x0000000082800000| Complete 
|  41|0x0000000082900000, 0x0000000082a00000, 0x0000000082a00000|100%|HC|  |TAMS 0x0000000082a00000, 0x0000000082900000| Complete 
|  42|0x0000000082a00000, 0x0000000082b00000, 0x0000000082b00000|100%|HS|  |TAMS 0x0000000082b00000, 0x0000000082a00000| Complete 
|  43|0x0000000082b00000, 0x0000000082c00000, 0x0000000082c00000|100%|HC|  |TAMS 0x0000000082c00000, 0x0000000082b00000| Complete 
|  44|0x0000000082c00000, 0x0000000082d00000, 0x0000000082d00000|100%| O|  |TAMS 0x0000000082d00000, 0x0000000082c00000| Untracked 
|  45|0x0000000082d00000, 0x0000000082e00000, 0x0000000082e00000|100%| O|  |TAMS 0x0000000082e00000, 0x0000000082d00000| Untracked 
|  46|0x0000000082e00000, 0x0000000082f00000, 0x0000000082f00000|100%| O|  |TAMS 0x0000000082f00000, 0x0000000082e00000| Untracked 
|  47|0x0000000082f00000, 0x0000000083000000, 0x0000000083000000|100%| O|  |TAMS 0x0000000083000000, 0x0000000082f00000| Untracked 
|  48|0x0000000083000000, 0x0000000083100000, 0x0000000083100000|100%| O|  |TAMS 0x0000000083100000, 0x0000000083000000| Untracked 
|  49|0x0000000083100000, 0x0000000083200000, 0x0000000083200000|100%| O|  |TAMS 0x0000000083200000, 0x0000000083100000| Untracked 
|  50|0x0000000083200000, 0x0000000083300000, 0x0000000083300000|100%| O|  |TAMS 0x0000000083300000, 0x0000000083200000| Untracked 
|  51|0x0000000083300000, 0x0000000083400000, 0x0000000083400000|100%| O|  |TAMS 0x0000000083400000, 0x0000000083300000| Untracked 
|  52|0x0000000083400000, 0x0000000083500000, 0x0000000083500000|100%| O|  |TAMS 0x0000000083500000, 0x0000000083400000| Untracked 
|  53|0x0000000083500000, 0x0000000083600000, 0x0000000083600000|100%| O|  |TAMS 0x0000000083600000, 0x0000000083500000| Untracked 
|  54|0x0000000083600000, 0x0000000083700000, 0x0000000083700000|100%| O|  |TAMS 0x0000000083700000, 0x0000000083600000| Untracked 
|  55|0x0000000083700000, 0x0000000083800000, 0x0000000083800000|100%| O|  |TAMS 0x0000000083800000, 0x0000000083700000| Untracked 
|  56|0x0000000083800000, 0x0000000083900000, 0x0000000083900000|100%| O|  |TAMS 0x0000000083900000, 0x0000000083800000| Untracked 
|  57|0x0000000083900000, 0x0000000083a00000, 0x0000000083a00000|100%| O|  |TAMS 0x0000000083a00000, 0x0000000083900000| Untracked 
|  58|0x0000000083a00000, 0x0000000083b00000, 0x0000000083b00000|100%| O|  |TAMS 0x0000000083b00000, 0x0000000083a00000| Untracked 
|  59|0x0000000083b00000, 0x0000000083c00000, 0x0000000083c00000|100%| O|  |TAMS 0x0000000083c00000, 0x0000000083b00000| Untracked 
|  60|0x0000000083c00000, 0x0000000083d00000, 0x0000000083d00000|100%| O|  |TAMS 0x0000000083d00000, 0x0000000083c00000| Untracked 
|  61|0x0000000083d00000, 0x0000000083e00000, 0x0000000083e00000|100%| O|  |TAMS 0x0000000083e00000, 0x0000000083d00000| Untracked 
|  62|0x0000000083e00000, 0x0000000083f00000, 0x0000000083f00000|100%| O|  |TAMS 0x0000000083f00000, 0x0000000083e00000| Untracked 
|  63|0x0000000083f00000, 0x0000000084000000, 0x0000000084000000|100%| O|  |TAMS 0x0000000084000000, 0x0000000083f00000| Untracked 
|  64|0x0000000084000000, 0x0000000084100000, 0x0000000084100000|100%|HS|  |TAMS 0x0000000084100000, 0x0000000084000000| Complete 
|  65|0x0000000084100000, 0x0000000084200000, 0x0000000084200000|100%| O|  |TAMS 0x0000000084200000, 0x0000000084100000| Untracked 
|  66|0x0000000084200000, 0x0000000084300000, 0x0000000084300000|100%|HS|  |TAMS 0x0000000084200000, 0x0000000084200000| Complete 
|  67|0x0000000084300000, 0x0000000084400000, 0x0000000084400000|100%| O|  |TAMS 0x0000000084400000, 0x0000000084300000| Untracked 
|  68|0x0000000084400000, 0x0000000084500000, 0x0000000084500000|100%| O|  |TAMS 0x0000000084400000, 0x0000000084400000| Untracked 
|  69|0x0000000084500000, 0x0000000084600000, 0x0000000084600000|100%|HS|  |TAMS 0x0000000084500000, 0x0000000084500000| Complete 
|  70|0x0000000084600000, 0x0000000084700000, 0x0000000084700000|100%| O|  |TAMS 0x0000000084600000, 0x0000000084600000| Untracked 
|  71|0x0000000084700000, 0x0000000084800000, 0x0000000084800000|100%|HS|  |TAMS 0x0000000084700000, 0x0000000084700000| Complete 
|  72|0x0000000084800000, 0x0000000084900000, 0x0000000084900000|100%| O|  |TAMS 0x0000000084900000, 0x0000000084800000| Untracked 
|  73|0x0000000084900000, 0x0000000084a00000, 0x0000000084a00000|100%|HS|  |TAMS 0x0000000084900000, 0x0000000084900000| Complete 
|  74|0x0000000084a00000, 0x0000000084b00000, 0x0000000084b00000|100%| O|  |TAMS 0x0000000084b00000, 0x0000000084a00000| Untracked 
|  75|0x0000000084b00000, 0x0000000084c00000, 0x0000000084c00000|100%| O|  |TAMS 0x0000000084c00000, 0x0000000084b00000| Untracked 
|  76|0x0000000084c00000, 0x0000000084d00000, 0x0000000084d00000|100%| O|  |TAMS 0x0000000084d00000, 0x0000000084c00000| Untracked 
|  77|0x0000000084d00000, 0x0000000084e00000, 0x0000000084e00000|100%| O|  |TAMS 0x0000000084e00000, 0x0000000084d00000| Untracked 
|  78|0x0000000084e00000, 0x0000000084f00000, 0x0000000084f00000|100%| O|  |TAMS 0x0000000084f00000, 0x0000000084e00000| Untracked 
|  79|0x0000000084f00000, 0x0000000085000000, 0x0000000085000000|100%| O|  |TAMS 0x0000000085000000, 0x0000000084f00000| Untracked 
|  80|0x0000000085000000, 0x0000000085100000, 0x0000000085100000|100%| O|  |TAMS 0x0000000085100000, 0x0000000085000000| Untracked 
|  81|0x0000000085100000, 0x0000000085200000, 0x0000000085200000|100%| O|  |TAMS 0x0000000085200000, 0x0000000085100000| Untracked 
|  82|0x0000000085200000, 0x0000000085300000, 0x0000000085300000|100%| O|  |TAMS 0x0000000085200000, 0x0000000085200000| Untracked 
|  83|0x0000000085300000, 0x0000000085400000, 0x0000000085400000|100%| O|  |TAMS 0x0000000085400000, 0x0000000085300000| Untracked 
|  84|0x0000000085400000, 0x0000000085500000, 0x0000000085500000|100%| O|  |TAMS 0x0000000085400000, 0x0000000085400000| Untracked 
|  85|0x0000000085500000, 0x0000000085600000, 0x0000000085600000|100%|HS|  |TAMS 0x0000000085500000, 0x0000000085500000| Complete 
|  86|0x0000000085600000, 0x0000000085700000, 0x0000000085700000|100%| O|  |TAMS 0x0000000085700000, 0x0000000085600000| Untracked 
|  87|0x0000000085700000, 0x0000000085800000, 0x0000000085800000|100%| O|  |TAMS 0x0000000085800000, 0x0000000085700000| Untracked 
|  88|0x0000000085800000, 0x0000000085900000, 0x0000000085900000|100%| O|  |TAMS 0x0000000085900000, 0x0000000085800000| Untracked 
|  89|0x0000000085900000, 0x0000000085a00000, 0x0000000085a00000|100%| O|  |TAMS 0x0000000085a00000, 0x0000000085900000| Untracked 
|  90|0x0000000085a00000, 0x0000000085b00000, 0x0000000085b00000|100%| O|  |TAMS 0x0000000085b00000, 0x0000000085a00000| Untracked 
|  91|0x0000000085b00000, 0x0000000085c00000, 0x0000000085c00000|100%| O|  |TAMS 0x0000000085b00000, 0x0000000085b00000| Untracked 
|  92|0x0000000085c00000, 0x0000000085d00000, 0x0000000085d00000|100%| O|  |TAMS 0x0000000085d00000, 0x0000000085c00000| Untracked 
|  93|0x0000000085d00000, 0x0000000085e00000, 0x0000000085e00000|100%| O|  |TAMS 0x0000000085e00000, 0x0000000085d00000| Untracked 
|  94|0x0000000085e00000, 0x0000000085f00000, 0x0000000085f00000|100%| O|  |TAMS 0x0000000085f00000, 0x0000000085e00000| Untracked 
|  95|0x0000000085f00000, 0x0000000086000000, 0x0000000086000000|100%| O|  |TAMS 0x0000000086000000, 0x0000000085f00000| Untracked 
|  96|0x0000000086000000, 0x0000000086100000, 0x0000000086100000|100%|HS|  |TAMS 0x0000000086000000, 0x0000000086000000| Complete 
|  97|0x0000000086100000, 0x0000000086166168, 0x0000000086200000| 39%| O|  |TAMS 0x0000000086100000, 0x0000000086100000| Untracked 
|  98|0x0000000086200000, 0x0000000086300000, 0x0000000086300000|100%| O|  |TAMS 0x0000000086200000, 0x0000000086200000| Untracked 
|  99|0x0000000086300000, 0x0000000086300000, 0x0000000086400000|  0%| F|  |TAMS 0x0000000086300000, 0x0000000086300000| Untracked 
| 100|0x0000000086400000, 0x0000000086500000, 0x0000000086500000|100%|HS|  |TAMS 0x0000000086500000, 0x0000000086400000| Complete 
| 101|0x0000000086500000, 0x0000000086600000, 0x0000000086600000|100%|HC|  |TAMS 0x0000000086600000, 0x0000000086500000| Complete 
| 102|0x0000000086600000, 0x0000000086600000, 0x0000000086700000|  0%| F|  |TAMS 0x0000000086600000, 0x0000000086600000| Untracked 
| 103|0x0000000086700000, 0x0000000086800000, 0x0000000086800000|100%| O|  |TAMS 0x0000000086800000, 0x0000000086700000| Untracked 
| 104|0x0000000086800000, 0x0000000086900000, 0x0000000086900000|100%| O|  |TAMS 0x0000000086900000, 0x0000000086800000| Untracked 
| 105|0x0000000086900000, 0x0000000086a00000, 0x0000000086a00000|100%| O|  |TAMS 0x0000000086a00000, 0x0000000086900000| Untracked 
| 106|0x0000000086a00000, 0x0000000086b00000, 0x0000000086b00000|100%| O|  |TAMS 0x0000000086b00000, 0x0000000086a00000| Untracked 
| 107|0x0000000086b00000, 0x0000000086c00000, 0x0000000086c00000|100%|HS|  |TAMS 0x0000000086b00000, 0x0000000086b00000| Complete 
| 108|0x0000000086c00000, 0x0000000086d00000, 0x0000000086d00000|100%|HC|  |TAMS 0x0000000086c00000, 0x0000000086c00000| Complete 
| 109|0x0000000086d00000, 0x0000000086d00000, 0x0000000086e00000|  0%| F|  |TAMS 0x0000000086d00000, 0x0000000086d00000| Untracked 
| 110|0x0000000086e00000, 0x0000000086e00000, 0x0000000086f00000|  0%| F|  |TAMS 0x0000000086e00000, 0x0000000086e00000| Untracked 
| 111|0x0000000086f00000, 0x0000000087000000, 0x0000000087000000|100%| O|  |TAMS 0x0000000087000000, 0x0000000086f00000| Untracked 
| 112|0x0000000087000000, 0x0000000087100000, 0x0000000087100000|100%|HS|  |TAMS 0x0000000087000000, 0x0000000087000000| Complete 
| 113|0x0000000087100000, 0x0000000087200000, 0x0000000087200000|100%| O|  |TAMS 0x0000000087200000, 0x0000000087100000| Untracked 
| 114|0x0000000087200000, 0x0000000087300000, 0x0000000087300000|100%| O|  |TAMS 0x0000000087300000, 0x0000000087200000| Untracked 
| 115|0x0000000087300000, 0x0000000087400000, 0x0000000087400000|100%| O|  |TAMS 0x0000000087400000, 0x0000000087300000| Untracked 
| 116|0x0000000087400000, 0x0000000087500000, 0x0000000087500000|100%| O|  |TAMS 0x0000000087500000, 0x0000000087400000| Untracked 
| 117|0x0000000087500000, 0x0000000087600000, 0x0000000087600000|100%| O|  |TAMS 0x0000000087600000, 0x0000000087500000| Untracked 
| 118|0x0000000087600000, 0x0000000087700000, 0x0000000087700000|100%| O|  |TAMS 0x0000000087700000, 0x0000000087600000| Untracked 
| 119|0x0000000087700000, 0x0000000087800000, 0x0000000087800000|100%| O|  |TAMS 0x0000000087800000, 0x0000000087700000| Untracked 
| 120|0x0000000087800000, 0x0000000087900000, 0x0000000087900000|100%| O|  |TAMS 0x0000000087800000, 0x0000000087800000| Untracked 
| 121|0x0000000087900000, 0x0000000087a00000, 0x0000000087a00000|100%| O|  |TAMS 0x0000000087900000, 0x0000000087900000| Untracked 
| 122|0x0000000087a00000, 0x0000000087b00000, 0x0000000087b00000|100%| O|  |TAMS 0x0000000087b00000, 0x0000000087a00000| Untracked 
| 123|0x0000000087b00000, 0x0000000087c00000, 0x0000000087c00000|100%| O|  |TAMS 0x0000000087c00000, 0x0000000087b00000| Untracked 
| 124|0x0000000087c00000, 0x0000000087d00000, 0x0000000087d00000|100%|HS|  |TAMS 0x0000000087d00000, 0x0000000087c00000| Complete 
| 125|0x0000000087d00000, 0x0000000087e00000, 0x0000000087e00000|100%|HC|  |TAMS 0x0000000087e00000, 0x0000000087d00000| Complete 
| 126|0x0000000087e00000, 0x0000000087f00000, 0x0000000087f00000|100%|HC|  |TAMS 0x0000000087f00000, 0x0000000087e00000| Complete 
| 127|0x0000000087f00000, 0x0000000088000000, 0x0000000088000000|100%| O|  |TAMS 0x0000000088000000, 0x0000000087f00000| Untracked 
| 128|0x0000000088000000, 0x0000000088100000, 0x0000000088100000|100%|HS|  |TAMS 0x0000000088000000, 0x0000000088000000| Complete 
| 129|0x0000000088100000, 0x0000000088100000, 0x0000000088200000|  0%| F|  |TAMS 0x0000000088100000, 0x0000000088100000| Untracked 
| 130|0x0000000088200000, 0x0000000088300000, 0x0000000088300000|100%| O|  |TAMS 0x0000000088200000, 0x0000000088200000| Untracked 
| 131|0x0000000088300000, 0x0000000088400000, 0x0000000088400000|100%| O|  |TAMS 0x0000000088400000, 0x0000000088300000| Untracked 
| 132|0x0000000088400000, 0x0000000088500000, 0x0000000088500000|100%| O|  |TAMS 0x0000000088500000, 0x0000000088400000| Untracked 
| 133|0x0000000088500000, 0x0000000088600000, 0x0000000088600000|100%| O|  |TAMS 0x0000000088600000, 0x0000000088500000| Untracked 
| 134|0x0000000088600000, 0x0000000088700000, 0x0000000088700000|100%| O|  |TAMS 0x0000000088700000, 0x0000000088600000| Untracked 
| 135|0x0000000088700000, 0x0000000088800000, 0x0000000088800000|100%| O|  |TAMS 0x0000000088800000, 0x0000000088700000| Untracked 
| 136|0x0000000088800000, 0x0000000088800000, 0x0000000088900000|  0%| F|  |TAMS 0x0000000088800000, 0x0000000088800000| Untracked 
| 137|0x0000000088900000, 0x0000000088900000, 0x0000000088a00000|  0%| F|  |TAMS 0x0000000088900000, 0x0000000088900000| Untracked 
| 138|0x0000000088a00000, 0x0000000088b00000, 0x0000000088b00000|100%| O|  |TAMS 0x0000000088b00000, 0x0000000088a00000| Untracked 
| 139|0x0000000088b00000, 0x0000000088c00000, 0x0000000088c00000|100%| O|  |TAMS 0x0000000088c00000, 0x0000000088b00000| Untracked 
| 140|0x0000000088c00000, 0x0000000088d00000, 0x0000000088d00000|100%| O|  |TAMS 0x0000000088d00000, 0x0000000088c00000| Untracked 
| 141|0x0000000088d00000, 0x0000000088e00000, 0x0000000088e00000|100%| O|  |TAMS 0x0000000088e00000, 0x0000000088d00000| Untracked 
| 142|0x0000000088e00000, 0x0000000088f00000, 0x0000000088f00000|100%| O|  |TAMS 0x0000000088f00000, 0x0000000088e00000| Untracked 
| 143|0x0000000088f00000, 0x0000000089000000, 0x0000000089000000|100%| O|  |TAMS 0x0000000089000000, 0x0000000088f00000| Untracked 
| 144|0x0000000089000000, 0x0000000089100000, 0x0000000089100000|100%| O|  |TAMS 0x0000000089100000, 0x0000000089000000| Untracked 
| 145|0x0000000089100000, 0x0000000089100000, 0x0000000089200000|  0%| F|  |TAMS 0x0000000089100000, 0x0000000089100000| Untracked 
| 146|0x0000000089200000, 0x0000000089300000, 0x0000000089300000|100%| O|  |TAMS 0x0000000089300000, 0x0000000089200000| Untracked 
| 147|0x0000000089300000, 0x0000000089300000, 0x0000000089400000|  0%| F|  |TAMS 0x0000000089300000, 0x0000000089300000| Untracked 
| 148|0x0000000089400000, 0x0000000089400000, 0x0000000089500000|  0%| F|  |TAMS 0x0000000089400000, 0x0000000089400000| Untracked 
| 149|0x0000000089500000, 0x0000000089500000, 0x0000000089600000|  0%| F|  |TAMS 0x0000000089500000, 0x0000000089500000| Untracked 
| 150|0x0000000089600000, 0x0000000089600000, 0x0000000089700000|  0%| F|  |TAMS 0x0000000089600000, 0x0000000089600000| Untracked 
| 151|0x0000000089700000, 0x0000000089800000, 0x0000000089800000|100%| O|  |TAMS 0x0000000089700000, 0x0000000089700000| Untracked 
| 152|0x0000000089800000, 0x0000000089900000, 0x0000000089900000|100%| O|  |TAMS 0x0000000089800000, 0x0000000089800000| Untracked 
| 153|0x0000000089900000, 0x0000000089900000, 0x0000000089a00000|  0%| F|  |TAMS 0x0000000089900000, 0x0000000089900000| Untracked 
| 154|0x0000000089a00000, 0x0000000089a00000, 0x0000000089b00000|  0%| F|  |TAMS 0x0000000089a00000, 0x0000000089a00000| Untracked 
| 155|0x0000000089b00000, 0x0000000089b00000, 0x0000000089c00000|  0%| F|  |TAMS 0x0000000089b00000, 0x0000000089b00000| Untracked 
| 156|0x0000000089c00000, 0x0000000089d00000, 0x0000000089d00000|100%| O|  |TAMS 0x0000000089c00000, 0x0000000089c00000| Untracked 
| 157|0x0000000089d00000, 0x0000000089e00000, 0x0000000089e00000|100%| O|  |TAMS 0x0000000089e00000, 0x0000000089d00000| Untracked 
| 158|0x0000000089e00000, 0x0000000089f00000, 0x0000000089f00000|100%|HS|  |TAMS 0x0000000089e00000, 0x0000000089e00000| Complete 
| 159|0x0000000089f00000, 0x0000000089f00000, 0x000000008a000000|  0%| F|  |TAMS 0x0000000089f00000, 0x0000000089f00000| Untracked 
| 160|0x000000008a000000, 0x000000008a000000, 0x000000008a100000|  0%| F|  |TAMS 0x000000008a000000, 0x000000008a000000| Untracked 
| 161|0x000000008a100000, 0x000000008a100000, 0x000000008a200000|  0%| F|  |TAMS 0x000000008a100000, 0x000000008a100000| Untracked 
| 162|0x000000008a200000, 0x000000008a300000, 0x000000008a300000|100%| O|  |TAMS 0x000000008a200000, 0x000000008a200000| Untracked 
| 163|0x000000008a300000, 0x000000008a400000, 0x000000008a400000|100%| O|  |TAMS 0x000000008a400000, 0x000000008a300000| Untracked 
| 164|0x000000008a400000, 0x000000008a500000, 0x000000008a500000|100%| O|  |TAMS 0x000000008a500000, 0x000000008a400000| Untracked 
| 165|0x000000008a500000, 0x000000008a600000, 0x000000008a600000|100%| O|  |TAMS 0x000000008a600000, 0x000000008a500000| Untracked 
| 166|0x000000008a600000, 0x000000008a700000, 0x000000008a700000|100%| O|  |TAMS 0x000000008a700000, 0x000000008a600000| Untracked 
| 167|0x000000008a700000, 0x000000008a800000, 0x000000008a800000|100%| O|  |TAMS 0x000000008a800000, 0x000000008a700000| Untracked 
| 168|0x000000008a800000, 0x000000008a900000, 0x000000008a900000|100%| O|  |TAMS 0x000000008a900000, 0x000000008a800000| Untracked 
| 169|0x000000008a900000, 0x000000008aa00000, 0x000000008aa00000|100%| O|  |TAMS 0x000000008aa00000, 0x000000008a900000| Untracked 
| 170|0x000000008aa00000, 0x000000008ab00000, 0x000000008ab00000|100%| O|  |TAMS 0x000000008ab00000, 0x000000008aa00000| Untracked 
| 171|0x000000008ab00000, 0x000000008ac00000, 0x000000008ac00000|100%| O|  |TAMS 0x000000008ac00000, 0x000000008ab00000| Untracked 
| 172|0x000000008ac00000, 0x000000008ad00000, 0x000000008ad00000|100%| O|  |TAMS 0x000000008ad00000, 0x000000008ac00000| Untracked 
| 173|0x000000008ad00000, 0x000000008ae00000, 0x000000008ae00000|100%| O|  |TAMS 0x000000008ad73000, 0x000000008ad00000| Untracked 
| 174|0x000000008ae00000, 0x000000008af00000, 0x000000008af00000|100%| O|  |TAMS 0x000000008ae00000, 0x000000008ae00000| Untracked 
| 175|0x000000008af00000, 0x000000008b000000, 0x000000008b000000|100%| O|  |TAMS 0x000000008af00000, 0x000000008af00000| Untracked 
| 176|0x000000008b000000, 0x000000008b100000, 0x000000008b100000|100%|HS|  |TAMS 0x000000008b000000, 0x000000008b000000| Complete 
| 177|0x000000008b100000, 0x000000008b200000, 0x000000008b200000|100%|HC|  |TAMS 0x000000008b100000, 0x000000008b100000| Complete 
| 178|0x000000008b200000, 0x000000008b300000, 0x000000008b300000|100%| O|  |TAMS 0x000000008b200000, 0x000000008b200000| Untracked 
| 179|0x000000008b300000, 0x000000008b400000, 0x000000008b400000|100%| O|  |TAMS 0x000000008b300000, 0x000000008b300000| Untracked 
| 180|0x000000008b400000, 0x000000008b400000, 0x000000008b500000|  0%| F|  |TAMS 0x000000008b400000, 0x000000008b400000| Untracked 
| 181|0x000000008b500000, 0x000000008b600000, 0x000000008b600000|100%|HS|  |TAMS 0x000000008b500000, 0x000000008b500000| Complete 
| 182|0x000000008b600000, 0x000000008b700000, 0x000000008b700000|100%|HC|  |TAMS 0x000000008b600000, 0x000000008b600000| Complete 
| 183|0x000000008b700000, 0x000000008b800000, 0x000000008b800000|100%|HC|  |TAMS 0x000000008b700000, 0x000000008b700000| Complete 
| 184|0x000000008b800000, 0x000000008b800000, 0x000000008b900000|  0%| F|  |TAMS 0x000000008b800000, 0x000000008b800000| Untracked 
| 185|0x000000008b900000, 0x000000008b900000, 0x000000008ba00000|  0%| F|  |TAMS 0x000000008b900000, 0x000000008b900000| Untracked 
| 186|0x000000008ba00000, 0x000000008bb00000, 0x000000008bb00000|100%|HS|  |TAMS 0x000000008ba00000, 0x000000008ba00000| Complete 
| 187|0x000000008bb00000, 0x000000008bc00000, 0x000000008bc00000|100%|HC|  |TAMS 0x000000008bb00000, 0x000000008bb00000| Complete 
| 188|0x000000008bc00000, 0x000000008bd00000, 0x000000008bd00000|100%|HS|  |TAMS 0x000000008bc00000, 0x000000008bc00000| Complete 
| 189|0x000000008bd00000, 0x000000008be00000, 0x000000008be00000|100%| O|  |TAMS 0x000000008bd00000, 0x000000008bd00000| Untracked 
| 190|0x000000008be00000, 0x000000008bf00000, 0x000000008bf00000|100%| O|  |TAMS 0x000000008be00000, 0x000000008be00000| Untracked 
| 191|0x000000008bf00000, 0x000000008c000000, 0x000000008c000000|100%| O|  |TAMS 0x000000008bf00000, 0x000000008bf00000| Untracked 
| 192|0x000000008c000000, 0x000000008c100000, 0x000000008c100000|100%| O|  |TAMS 0x000000008c000000, 0x000000008c000000| Untracked 
| 193|0x000000008c100000, 0x000000008c100000, 0x000000008c200000|  0%| F|  |TAMS 0x000000008c100000, 0x000000008c100000| Untracked 
| 194|0x000000008c200000, 0x000000008c200000, 0x000000008c300000|  0%| F|  |TAMS 0x000000008c200000, 0x000000008c200000| Untracked 
| 195|0x000000008c300000, 0x000000008c300000, 0x000000008c400000|  0%| F|  |TAMS 0x000000008c300000, 0x000000008c300000| Untracked 
| 196|0x000000008c400000, 0x000000008c400000, 0x000000008c500000|  0%| F|  |TAMS 0x000000008c400000, 0x000000008c400000| Untracked 
| 197|0x000000008c500000, 0x000000008c500000, 0x000000008c600000|  0%| F|  |TAMS 0x000000008c500000, 0x000000008c500000| Untracked 
| 198|0x000000008c600000, 0x000000008c600000, 0x000000008c700000|  0%| F|  |TAMS 0x000000008c600000, 0x000000008c600000| Untracked 
| 199|0x000000008c700000, 0x000000008c700000, 0x000000008c800000|  0%| F|  |TAMS 0x000000008c700000, 0x000000008c700000| Untracked 
| 200|0x000000008c800000, 0x000000008c800000, 0x000000008c900000|  0%| F|  |TAMS 0x000000008c800000, 0x000000008c800000| Untracked 
| 201|0x000000008c900000, 0x000000008c900000, 0x000000008ca00000|  0%| F|  |TAMS 0x000000008c900000, 0x000000008c900000| Untracked 
| 202|0x000000008ca00000, 0x000000008ca00000, 0x000000008cb00000|  0%| F|  |TAMS 0x000000008ca00000, 0x000000008ca00000| Untracked 
| 203|0x000000008cb00000, 0x000000008cb00000, 0x000000008cc00000|  0%| F|  |TAMS 0x000000008cb00000, 0x000000008cb00000| Untracked 
| 204|0x000000008cc00000, 0x000000008cc00000, 0x000000008cd00000|  0%| F|  |TAMS 0x000000008cc00000, 0x000000008cc00000| Untracked 
| 205|0x000000008cd00000, 0x000000008ce00000, 0x000000008ce00000|100%| S|  |TAMS 0x000000008cd00000, 0x000000008cd00000| Complete 
| 206|0x000000008ce00000, 0x000000008cf00000, 0x000000008cf00000|100%| S|  |TAMS 0x000000008ce00000, 0x000000008ce00000| Complete 
| 207|0x000000008cf00000, 0x000000008d000000, 0x000000008d000000|100%| S|  |TAMS 0x000000008cf00000, 0x000000008cf00000| Complete 
| 208|0x000000008d000000, 0x000000008d100000, 0x000000008d100000|100%| S|  |TAMS 0x000000008d000000, 0x000000008d000000| Complete 
| 209|0x000000008d100000, 0x000000008d200000, 0x000000008d200000|100%| S|  |TAMS 0x000000008d100000, 0x000000008d100000| Complete 
| 210|0x000000008d200000, 0x000000008d300000, 0x000000008d300000|100%| S|  |TAMS 0x000000008d200000, 0x000000008d200000| Complete 
| 211|0x000000008d300000, 0x000000008d400000, 0x000000008d400000|100%| E|CS|TAMS 0x000000008d300000, 0x000000008d300000| Complete 
| 212|0x000000008d400000, 0x000000008d500000, 0x000000008d500000|100%| E|CS|TAMS 0x000000008d400000, 0x000000008d400000| Complete 
| 213|0x000000008d500000, 0x000000008d600000, 0x000000008d600000|100%| E|CS|TAMS 0x000000008d500000, 0x000000008d500000| Complete 
| 214|0x000000008d600000, 0x000000008d700000, 0x000000008d700000|100%| E|CS|TAMS 0x000000008d600000, 0x000000008d600000| Complete 
| 215|0x000000008d700000, 0x000000008d800000, 0x000000008d800000|100%| E|CS|TAMS 0x000000008d700000, 0x000000008d700000| Complete 
| 216|0x000000008d800000, 0x000000008d900000, 0x000000008d900000|100%| E|CS|TAMS 0x000000008d800000, 0x000000008d800000| Complete 
| 217|0x000000008d900000, 0x000000008da00000, 0x000000008da00000|100%| E|CS|TAMS 0x000000008d900000, 0x000000008d900000| Complete 
| 218|0x000000008da00000, 0x000000008db00000, 0x000000008db00000|100%| E|CS|TAMS 0x000000008da00000, 0x000000008da00000| Complete 
| 219|0x000000008db00000, 0x000000008dc00000, 0x000000008dc00000|100%| E|CS|TAMS 0x000000008db00000, 0x000000008db00000| Complete 
| 220|0x000000008dc00000, 0x000000008dd00000, 0x000000008dd00000|100%| E|CS|TAMS 0x000000008dc00000, 0x000000008dc00000| Complete 
| 221|0x000000008dd00000, 0x000000008de00000, 0x000000008de00000|100%| E|CS|TAMS 0x000000008dd00000, 0x000000008dd00000| Complete 
| 222|0x000000008de00000, 0x000000008df00000, 0x000000008df00000|100%| E|CS|TAMS 0x000000008de00000, 0x000000008de00000| Complete 
| 223|0x000000008df00000, 0x000000008e000000, 0x000000008e000000|100%| E|CS|TAMS 0x000000008df00000, 0x000000008df00000| Complete 
| 224|0x000000008e000000, 0x000000008e100000, 0x000000008e100000|100%| E|CS|TAMS 0x000000008e000000, 0x000000008e000000| Complete 
| 225|0x000000008e100000, 0x000000008e200000, 0x000000008e200000|100%| E|CS|TAMS 0x000000008e100000, 0x000000008e100000| Complete 
| 226|0x000000008e200000, 0x000000008e300000, 0x000000008e300000|100%| E|CS|TAMS 0x000000008e200000, 0x000000008e200000| Complete 
| 227|0x000000008e300000, 0x000000008e400000, 0x000000008e400000|100%| E|CS|TAMS 0x000000008e300000, 0x000000008e300000| Complete 
| 228|0x000000008e400000, 0x000000008e500000, 0x000000008e500000|100%| E|CS|TAMS 0x000000008e400000, 0x000000008e400000| Complete 
| 229|0x000000008e500000, 0x000000008e600000, 0x000000008e600000|100%| E|CS|TAMS 0x000000008e500000, 0x000000008e500000| Complete 
| 230|0x000000008e600000, 0x000000008e700000, 0x000000008e700000|100%| E|CS|TAMS 0x000000008e600000, 0x000000008e600000| Complete 
| 231|0x000000008e700000, 0x000000008e800000, 0x000000008e800000|100%| E|CS|TAMS 0x000000008e700000, 0x000000008e700000| Complete 
| 232|0x000000008e800000, 0x000000008e900000, 0x000000008e900000|100%| E|CS|TAMS 0x000000008e800000, 0x000000008e800000| Complete 
| 233|0x000000008e900000, 0x000000008ea00000, 0x000000008ea00000|100%| E|CS|TAMS 0x000000008e900000, 0x000000008e900000| Complete 
| 234|0x000000008ea00000, 0x000000008eb00000, 0x000000008eb00000|100%| E|CS|TAMS 0x000000008ea00000, 0x000000008ea00000| Complete 
| 235|0x000000008eb00000, 0x000000008ec00000, 0x000000008ec00000|100%| E|CS|TAMS 0x000000008eb00000, 0x000000008eb00000| Complete 
| 236|0x000000008ec00000, 0x000000008ed00000, 0x000000008ed00000|100%| E|CS|TAMS 0x000000008ec00000, 0x000000008ec00000| Complete 
| 237|0x000000008ed00000, 0x000000008ee00000, 0x000000008ee00000|100%| E|CS|TAMS 0x000000008ed00000, 0x000000008ed00000| Complete 
| 238|0x000000008ee00000, 0x000000008ef00000, 0x000000008ef00000|100%| E|CS|TAMS 0x000000008ee00000, 0x000000008ee00000| Complete 
| 239|0x000000008ef00000, 0x000000008f000000, 0x000000008f000000|100%| E|CS|TAMS 0x000000008ef00000, 0x000000008ef00000| Complete 
| 240|0x000000008f000000, 0x000000008f100000, 0x000000008f100000|100%| E|CS|TAMS 0x000000008f000000, 0x000000008f000000| Complete 
| 241|0x000000008f100000, 0x000000008f200000, 0x000000008f200000|100%| E|CS|TAMS 0x000000008f100000, 0x000000008f100000| Complete 
| 242|0x000000008f200000, 0x000000008f300000, 0x000000008f300000|100%| E|CS|TAMS 0x000000008f200000, 0x000000008f200000| Complete 
| 243|0x000000008f300000, 0x000000008f400000, 0x000000008f400000|100%| E|CS|TAMS 0x000000008f300000, 0x000000008f300000| Complete 
| 244|0x000000008f400000, 0x000000008f500000, 0x000000008f500000|100%| E|CS|TAMS 0x000000008f400000, 0x000000008f400000| Complete 
| 245|0x000000008f500000, 0x000000008f600000, 0x000000008f600000|100%| E|CS|TAMS 0x000000008f500000, 0x000000008f500000| Complete 
| 246|0x000000008f600000, 0x000000008f700000, 0x000000008f700000|100%| E|CS|TAMS 0x000000008f600000, 0x000000008f600000| Complete 
| 247|0x000000008f700000, 0x000000008f800000, 0x000000008f800000|100%| E|CS|TAMS 0x000000008f700000, 0x000000008f700000| Complete 
| 248|0x000000008f800000, 0x000000008f900000, 0x000000008f900000|100%| E|CS|TAMS 0x000000008f800000, 0x000000008f800000| Complete 
| 249|0x000000008f900000, 0x000000008f9f1000, 0x000000008fa00000| 94%| E|CS|TAMS 0x000000008f900000, 0x000000008f900000| Complete 
| 250|0x000000008fa00000, 0x000000008fb00000, 0x000000008fb00000|100%| E|CS|TAMS 0x000000008fa00000, 0x000000008fa00000| Complete 
| 251|0x000000008fb00000, 0x000000008fc00000, 0x000000008fc00000|100%| E|CS|TAMS 0x000000008fb00000, 0x000000008fb00000| Complete 
| 252|0x000000008fc00000, 0x000000008fd00000, 0x000000008fd00000|100%| E|CS|TAMS 0x000000008fc00000, 0x000000008fc00000| Complete 
| 253|0x000000008fd00000, 0x000000008fe00000, 0x000000008fe00000|100%| E|CS|TAMS 0x000000008fd00000, 0x000000008fd00000| Complete 
| 254|0x000000008fe00000, 0x000000008ff00000, 0x000000008ff00000|100%| E|CS|TAMS 0x000000008fe00000, 0x000000008fe00000| Complete 
| 255|0x000000008ff00000, 0x0000000090000000, 0x0000000090000000|100%| E|CS|TAMS 0x000000008ff00000, 0x000000008ff00000| Complete 
| 256|0x0000000090000000, 0x0000000090100000, 0x0000000090100000|100%| O|  |TAMS 0x0000000090000000, 0x0000000090000000| Untracked 
| 257|0x0000000090100000, 0x0000000090200000, 0x0000000090200000|100%| O|  |TAMS 0x0000000090100000, 0x0000000090100000| Untracked 

Card table byte_map: [0x000001dc27750000,0x000001dc27b50000] _byte_map_base: 0x000001dc27350000

Marking Bits (Prev, Next): (CMBitMap*) 0x000001dc1264ddc0, (CMBitMap*) 0x000001dc1264dd88
 Prev Bits: [0x000001dc29f50000, 0x000001dc2bf50000)
 Next Bits: [0x000001dc27f50000, 0x000001dc29f50000)

Polling page: 0x000001dc126d0000

Metaspace:

Usage:
  Non-class:    105.42 MB capacity,   103.37 MB ( 98%) used,     1.72 MB (  2%) free+waste,   336.19 KB ( <1%) overhead. 
      Class:     15.78 MB capacity,    14.69 MB ( 93%) used,   961.11 KB (  6%) free+waste,   150.50 KB ( <1%) overhead. 
       Both:    121.19 MB capacity,   118.06 MB ( 97%) used,     2.66 MB (  2%) free+waste,   486.69 KB ( <1%) overhead. 

Virtual space:
  Non-class space:      106.00 MB reserved,     105.50 MB (>99%) committed 
      Class space:        1.00 GB reserved,      15.82 MB (  2%) committed 
             Both:        1.10 GB reserved,     121.32 MB ( 11%) committed 

Chunk freelists:
   Non-Class:  22.00 KB
       Class:  6.00 KB
        Both:  28.00 KB

MaxMetaspaceSize: 17179869184.00 GB
CompressedClassSpaceSize: 1.00 GB

CodeHeap 'non-profiled nmethods': size=120000Kb used=11012Kb max_used=11012Kb free=108987Kb
 bounds [0x000001dc1f3b0000, 0x000001dc1fe80000, 0x000001dc268e0000]
CodeHeap 'profiled nmethods': size=120000Kb used=39942Kb max_used=39942Kb free=80057Kb
 bounds [0x000001dc17e80000, 0x000001dc1a590000, 0x000001dc1f3b0000]
CodeHeap 'non-nmethods': size=5760Kb used=2334Kb max_used=2390Kb free=3425Kb
 bounds [0x000001dc178e0000, 0x000001dc17b50000, 0x000001dc17e80000]
 total_blobs=17932 nmethods=16980 adapters=862
 compilation: enabled
              stopped_count=0, restarted_count=0
 full_count=0

Compilation events (20 events):
Event: 156.464 Thread 0x000001dc2f327000 17206       2       org.gradle.internal.instantiation.generator.Jsr330ConstructorSelector$1::transform (9 bytes)
Event: 156.464 Thread 0x000001dc2f327000 nmethod 17206 0x000001dc1a560190 code [0x000001dc1a560340, 0x000001dc1a560488]
Event: 156.464 Thread 0x000001dc2f327000 17207   !   2       org.gradle.internal.instantiation.generator.Jsr330ConstructorSelector$1::transform (44 bytes)
Event: 156.465 Thread 0x000001dc2f327000 nmethod 17207 0x000001dc1a560590 code [0x000001dc1a560780, 0x000001dc1a560aa8]
Event: 156.466 Thread 0x000001dc32cc9800 nmethod 17179 0x000001dc1fe6c790 code [0x000001dc1fe6c940, 0x000001dc1fe6cb58]
Event: 156.466 Thread 0x000001dc32cc9800 17088 %     4       com.android.tools.r8.dex.n::m @ 64 (2054 bytes)
Event: 156.466 Thread 0x000001dc2f327000 17208       2       java.util.concurrent.ConcurrentHashMap::addCount (289 bytes)
Event: 156.467 Thread 0x000001dc2f327000 nmethod 17208 0x000001dc1a560c90 code [0x000001dc1a560ea0, 0x000001dc1a561338]
Event: 156.467 Thread 0x000001dc2f327000 17209 % !   3       java.util.concurrent.ConcurrentHashMap::transfer @ 96 (828 bytes)
Event: 156.472 Thread 0x000001dc2f327000 nmethod 17209% 0x000001dc1a561590 code [0x000001dc1a561a20, 0x000001dc1a564ef8]
Event: 156.475 Thread 0x000001dc2f327000 17210       2       com.google.common.cache.LocalCache::expiresAfterAccess (15 bytes)
Event: 156.475 Thread 0x000001dc2f327000 nmethod 17210 0x000001dc1a566810 code [0x000001dc1a5669c0, 0x000001dc1a566ad8]
Event: 156.486 Thread 0x000001dc2f327000 17213       2       com.android.tools.r8.graph.f0::c (62 bytes)
Event: 156.486 Thread 0x000001dc2f327000 nmethod 17213 0x000001dc1a566b90 code [0x000001dc1a566d80, 0x000001dc1a567168]
Event: 156.486 Thread 0x000001dc2f327000 17214   !   3       java.util.concurrent.ConcurrentHashMap::transfer (828 bytes)
Event: 156.488 Thread 0x000001dc2f323800 nmethod 17156 0x000001dc1fe6cd10 code [0x000001dc1fe6cee0, 0x000001dc1fe6db98]
Event: 156.489 Thread 0x000001dc2f323800 17211       4       com.android.tools.r8.s.a.b.m.a::b (650 bytes)
Event: 156.490 Thread 0x000001dc2f327000 nmethod 17214 0x000001dc1a567410 code [0x000001dc1a5678a0, 0x000001dc1a56aab8]
Event: 156.511 Thread 0x000001dc2f327000 17218       2       com.android.tools.r8.s.a.b.m.a::a (159 bytes)
Event: 156.511 Thread 0x000001dc2f327000 nmethod 17218 0x000001dc1a56c390 code [0x000001dc1a56c560, 0x000001dc1a56c8f8]

GC Heap History (20 events):
Event: 154.420 GC heap before
{Heap before GC invocations=31 (full 0):
 garbage-first heap   total 262144K, used 210108K [0x0000000080000000, 0x0000000100000000)
  region size 1024K, 48 young (49152K), 6 survivors (6144K)
 Metaspace       used 118270K, capacity 121486K, committed 121676K, reserved 1155072K
  class space    used 14738K, capacity 15849K, committed 15948K, reserved 1048576K
}
Event: 154.436 GC heap after
{Heap after GC invocations=32 (full 0):
 garbage-first heap   total 262144K, used 166847K [0x0000000080000000, 0x0000000100000000)
  region size 1024K, 2 young (2048K), 2 survivors (2048K)
 Metaspace       used 118270K, capacity 121486K, committed 121676K, reserved 1155072K
  class space    used 14738K, capacity 15849K, committed 15948K, reserved 1048576K
}
Event: 154.544 GC heap before
{Heap before GC invocations=32 (full 0):
 garbage-first heap   total 262144K, used 177087K [0x0000000080000000, 0x0000000100000000)
  region size 1024K, 12 young (12288K), 2 survivors (2048K)
 Metaspace       used 118303K, capacity 121550K, committed 121676K, reserved 1155072K
  class space    used 14738K, capacity 15849K, committed 15948K, reserved 1048576K
}
Event: 154.549 GC heap after
{Heap after GC invocations=33 (full 0):
 garbage-first heap   total 262144K, used 165417K [0x0000000080000000, 0x0000000100000000)
  region size 1024K, 1 young (1024K), 1 survivors (1024K)
 Metaspace       used 118303K, capacity 121550K, committed 121676K, reserved 1155072K
  class space    used 14738K, capacity 15849K, committed 15948K, reserved 1048576K
}
Event: 154.994 GC heap before
{Heap before GC invocations=33 (full 0):
 garbage-first heap   total 262144K, used 212521K [0x0000000080000000, 0x0000000100000000)
  region size 1024K, 48 young (49152K), 1 survivors (1024K)
 Metaspace       used 119097K, capacity 122329K, committed 122444K, reserved 1155072K
  class space    used 14832K, capacity 15930K, committed 15948K, reserved 1048576K
}
Event: 155.001 GC heap after
{Heap after GC invocations=34 (full 0):
 garbage-first heap   total 262144K, used 168522K [0x0000000080000000, 0x0000000100000000)
  region size 1024K, 4 young (4096K), 4 survivors (4096K)
 Metaspace       used 119097K, capacity 122329K, committed 122444K, reserved 1155072K
  class space    used 14832K, capacity 15930K, committed 15948K, reserved 1048576K
}
Event: 155.321 GC heap before
{Heap before GC invocations=34 (full 0):
 garbage-first heap   total 262144K, used 208458K [0x0000000080000000, 0x0000000100000000)
  region size 1024K, 50 young (51200K), 4 survivors (4096K)
 Metaspace       used 119161K, capacity 122394K, committed 122444K, reserved 1155072K
  class space    used 14838K, capacity 15930K, committed 15948K, reserved 1048576K
}
Event: 155.330 GC heap after
{Heap after GC invocations=35 (full 0):
 garbage-first heap   total 262144K, used 165698K [0x0000000080000000, 0x0000000100000000)
  region size 1024K, 7 young (7168K), 7 survivors (7168K)
 Metaspace       used 119161K, capacity 122394K, committed 122444K, reserved 1155072K
  class space    used 14838K, capacity 15930K, committed 15948K, reserved 1048576K
}
Event: 155.573 GC heap before
{Heap before GC invocations=36 (full 0):
 garbage-first heap   total 262144K, used 213826K [0x0000000080000000, 0x0000000100000000)
  region size 1024K, 55 young (56320K), 7 survivors (7168K)
 Metaspace       used 119230K, capacity 122462K, committed 122700K, reserved 1157120K
  class space    used 14840K, capacity 15931K, committed 15948K, reserved 1048576K
}
Event: 155.580 GC heap after
{Heap after GC invocations=37 (full 0):
 garbage-first heap   total 262144K, used 166692K [0x0000000080000000, 0x0000000100000000)
  region size 1024K, 4 young (4096K), 4 survivors (4096K)
 Metaspace       used 119230K, capacity 122462K, committed 122700K, reserved 1157120K
  class space    used 14840K, capacity 15931K, committed 15948K, reserved 1048576K
}
Event: 155.621 GC heap before
{Heap before GC invocations=37 (full 0):
 garbage-first heap   total 262144K, used 173860K [0x0000000080000000, 0x0000000100000000)
  region size 1024K, 12 young (12288K), 4 survivors (4096K)
 Metaspace       used 119248K, capacity 122463K, committed 122700K, reserved 1157120K
  class space    used 14840K, capacity 15931K, committed 15948K, reserved 1048576K
}
Event: 155.641 GC heap after
{Heap after GC invocations=38 (full 0):
 garbage-first heap   total 262144K, used 157735K [0x0000000080000000, 0x0000000100000000)
  region size 1024K, 2 young (2048K), 2 survivors (2048K)
 Metaspace       used 119248K, capacity 122463K, committed 122700K, reserved 1157120K
  class space    used 14840K, capacity 15931K, committed 15948K, reserved 1048576K
}
Event: 155.937 GC heap before
{Heap before GC invocations=38 (full 0):
 garbage-first heap   total 262144K, used 212007K [0x0000000080000000, 0x0000000100000000)
  region size 1024K, 56 young (57344K), 2 survivors (2048K)
 Metaspace       used 119356K, capacity 122567K, committed 122828K, reserved 1157120K
  class space    used 14848K, capacity 15963K, committed 16076K, reserved 1048576K
}
Event: 155.943 GC heap after
{Heap after GC invocations=39 (full 0):
 garbage-first heap   total 262144K, used 158294K [0x0000000080000000, 0x0000000100000000)
  region size 1024K, 3 young (3072K), 3 survivors (3072K)
 Metaspace       used 119356K, capacity 122567K, committed 122828K, reserved 1157120K
  class space    used 14848K, capacity 15963K, committed 16076K, reserved 1048576K
}
Event: 156.023 GC heap before
{Heap before GC invocations=39 (full 0):
 garbage-first heap   total 262144K, used 184918K [0x0000000080000000, 0x0000000100000000)
  region size 1024K, 25 young (25600K), 3 survivors (3072K)
 Metaspace       used 119535K, capacity 122691K, committed 122828K, reserved 1157120K
  class space    used 14868K, capacity 15974K, committed 16076K, reserved 1048576K
}
Event: 156.027 GC heap after
{Heap after GC invocations=40 (full 0):
 garbage-first heap   total 262144K, used 167263K [0x0000000080000000, 0x0000000100000000)
  region size 1024K, 5 young (5120K), 5 survivors (5120K)
 Metaspace       used 119535K, capacity 122691K, committed 122828K, reserved 1157120K
  class space    used 14868K, capacity 15974K, committed 16076K, reserved 1048576K
}
Event: 156.305 GC heap before
{Heap before GC invocations=41 (full 0):
 garbage-first heap   total 262144K, used 245087K [0x0000000080000000, 0x0000000100000000)
  region size 1024K, 56 young (57344K), 5 survivors (5120K)
 Metaspace       used 120286K, capacity 123510K, committed 123724K, reserved 1157120K
  class space    used 14973K, capacity 16076K, committed 16204K, reserved 1048576K
}
Event: 156.316 GC heap after
{Heap after GC invocations=42 (full 0):
 garbage-first heap   total 264192K, used 194298K [0x0000000080000000, 0x0000000100000000)
  region size 1024K, 7 young (7168K), 7 survivors (7168K)
 Metaspace       used 120286K, capacity 123510K, committed 123724K, reserved 1157120K
  class space    used 14973K, capacity 16076K, committed 16204K, reserved 1048576K
}
Event: 156.334 GC heap before
{Heap before GC invocations=42 (full 0):
 garbage-first heap   total 264192K, used 199418K [0x0000000080000000, 0x0000000100000000)
  region size 1024K, 12 young (12288K), 7 survivors (7168K)
 Metaspace       used 120290K, capacity 123510K, committed 123724K, reserved 1157120K
  class space    used 14973K, capacity 16076K, committed 16204K, reserved 1048576K
}
Event: 156.345 GC heap after
{Heap after GC invocations=43 (full 0):
 garbage-first heap   total 264192K, used 173536K [0x0000000080000000, 0x0000000100000000)
  region size 1024K, 2 young (2048K), 2 survivors (2048K)
 Metaspace       used 120290K, capacity 123510K, committed 123724K, reserved 1157120K
  class space    used 14973K, capacity 16076K, committed 16204K, reserved 1048576K
}

Deoptimization events (20 events):
Event: 156.466 Thread 0x000001dc349a1000 Uncommon trap: trap_request=0xffffff4d fr.pc=0x000001dc1f47e1a8 relative=0x0000000000001428
Event: 156.466 Thread 0x000001dc3499d000 Uncommon trap: trap_request=0xffffff4d fr.pc=0x000001dc1f44db84 relative=0x0000000000001224
Event: 156.466 Thread 0x000001dc3499d000 Uncommon trap: reason=unstable_if action=reinterpret pc=0x000001dc1f44db84 method=java.util.concurrent.ConcurrentHashMap.transfer([Ljava/util/concurrent/ConcurrentHashMap$Node;[Ljava/util/concurrent/ConcurrentHashMap$Node;)V @ 273 c2
Event: 156.466 Thread 0x000001dc3499d000 DEOPT PACKING pc=0x000001dc1f44db84 sp=0x000000cdad5fd040
Event: 156.466 Thread 0x000001dc3499d000 DEOPT UNPACKING pc=0x000001dc179078af sp=0x000000cdad5fcfd8 mode 2
Event: 156.466 Thread 0x000001dc3499d000 Uncommon trap: trap_request=0xffffff4d fr.pc=0x000001dc1fe5deec relative=0x000000000000030c
Event: 156.466 Thread 0x000001dc3499d000 Uncommon trap: reason=unstable_if action=reinterpret pc=0x000001dc1fe5deec method=java.util.concurrent.ConcurrentHashMap.addCount(JI)V @ 168 c2
Event: 156.466 Thread 0x000001dc3499d000 DEOPT PACKING pc=0x000001dc1fe5deec sp=0x000000cdad5fd1a0
Event: 156.466 Thread 0x000001dc3499d000 DEOPT UNPACKING pc=0x000001dc179078af sp=0x000000cdad5fd0e0 mode 2
Event: 156.466 Thread 0x000001dc349a3800 Uncommon trap: trap_request=0xffffff4d fr.pc=0x000001dc1f47e088 relative=0x0000000000001308
Event: 156.467 Thread 0x000001dc349a3800 Uncommon trap: reason=unstable_if action=reinterpret pc=0x000001dc1f47e088 method=java.util.concurrent.ConcurrentHashMap.transfer([Ljava/util/concurrent/ConcurrentHashMap$Node;[Ljava/util/concurrent/ConcurrentHashMap$Node;)V @ 34 c2
Event: 156.467 Thread 0x000001dc349a3800 DEOPT PACKING pc=0x000001dc1f47e088 sp=0x000000cdadcfd090
Event: 156.467 Thread 0x000001dc349a3800 DEOPT UNPACKING pc=0x000001dc179078af sp=0x000000cdadcfd050 mode 2
Event: 156.466 Thread 0x000001dc349a1000 Uncommon trap: reason=unstable_if action=reinterpret pc=0x000001dc1f47e1a8 method=java.util.concurrent.ConcurrentHashMap.transfer([Ljava/util/concurrent/ConcurrentHashMap$Node;[Ljava/util/concurrent/ConcurrentHashMap$Node;)V @ 273 c2
Event: 156.467 Thread 0x000001dc349a1000 DEOPT PACKING pc=0x000001dc1f47e1a8 sp=0x000000cdad6f82b0
Event: 156.467 Thread 0x000001dc349a1000 DEOPT UNPACKING pc=0x000001dc179078af sp=0x000000cdad6f8250 mode 2
Event: 156.467 Thread 0x000001dc349a1000 Uncommon trap: trap_request=0xffffff4d fr.pc=0x000001dc1fe5deec relative=0x000000000000030c
Event: 156.467 Thread 0x000001dc349a1000 Uncommon trap: reason=unstable_if action=reinterpret pc=0x000001dc1fe5deec method=java.util.concurrent.ConcurrentHashMap.addCount(JI)V @ 168 c2
Event: 156.467 Thread 0x000001dc349a1000 DEOPT PACKING pc=0x000001dc1fe5deec sp=0x000000cdad6f83c0
Event: 156.467 Thread 0x000001dc349a1000 DEOPT UNPACKING pc=0x000001dc179078af sp=0x000000cdad6f8300 mode 2

Classes redefined (0 events):
No events

Internal exceptions (20 events):
Event: 156.387 Thread 0x000001dc34994800 Exception <a 'sun/nio/fs/WindowsException'{0x000000008f6abfd8}> (0x000000008f6abfd8) thrown at [./src/hotspot/share/prims/jni.cpp, line 615]
Event: 156.387 Thread 0x000001dc34994800 Exception <a 'sun/nio/fs/WindowsException'{0x000000008f6ac338}> (0x000000008f6ac338) thrown at [./src/hotspot/share/prims/jni.cpp, line 615]
Event: 156.387 Thread 0x000001dc34994800 Exception <a 'sun/nio/fs/WindowsException'{0x000000008f6acf50}> (0x000000008f6acf50) thrown at [./src/hotspot/share/prims/jni.cpp, line 615]
Event: 156.398 Thread 0x000001dc34994800 Exception <a 'java/lang/NoSuchMethodError'{0x000000008f355e00}: <clinit>> (0x000000008f355e00) thrown at [./src/hotspot/share/prims/jni.cpp, line 1362]
Event: 156.400 Thread 0x000001dc34994800 Exception <a 'java/lang/NoSuchMethodError'{0x000000008f37b260}: <clinit>> (0x000000008f37b260) thrown at [./src/hotspot/share/prims/jni.cpp, line 1362]
Event: 156.409 Thread 0x000001dc34997000 Exception <a 'sun/nio/fs/WindowsException'{0x000000008f001f00}> (0x000000008f001f00) thrown at [./src/hotspot/share/prims/jni.cpp, line 615]
Event: 156.409 Thread 0x000001dc34997000 Exception <a 'sun/nio/fs/WindowsException'{0x000000008f002dd0}> (0x000000008f002dd0) thrown at [./src/hotspot/share/prims/jni.cpp, line 615]
Event: 156.414 Thread 0x000001dc3499d000 Exception <a 'sun/nio/fs/WindowsException'{0x000000008f07d8c8}> (0x000000008f07d8c8) thrown at [./src/hotspot/share/prims/jni.cpp, line 615]
Event: 156.414 Thread 0x000001dc3499d000 Exception <a 'sun/nio/fs/WindowsException'{0x000000008f07db40}> (0x000000008f07db40) thrown at [./src/hotspot/share/prims/jni.cpp, line 615]
Event: 156.414 Thread 0x000001dc3499d000 Exception <a 'sun/nio/fs/WindowsException'{0x000000008f07df60}> (0x000000008f07df60) thrown at [./src/hotspot/share/prims/jni.cpp, line 615]
Event: 156.414 Thread 0x000001dc3499d000 Exception <a 'sun/nio/fs/WindowsException'{0x000000008f07e048}> (0x000000008f07e048) thrown at [./src/hotspot/share/prims/jni.cpp, line 615]
Event: 156.446 Thread 0x000001dc3a2fb000 Exception <a 'java/lang/NoSuchMethodError'{0x000000008ea49278}: <clinit>> (0x000000008ea49278) thrown at [./src/hotspot/share/prims/jni.cpp, line 1362]
Event: 156.448 Thread 0x000001dc3a2fb000 Exception <a 'java/lang/NoSuchMethodError'{0x000000008eabaf30}: <clinit>> (0x000000008eabaf30) thrown at [./src/hotspot/share/prims/jni.cpp, line 1362]
Event: 156.449 Thread 0x000001dc3a2fb000 Exception <a 'java/lang/NoSuchMethodError'{0x000000008e906548}: <clinit>> (0x000000008e906548) thrown at [./src/hotspot/share/prims/jni.cpp, line 1362]
Event: 156.451 Thread 0x000001dc3a2fb000 Exception <a 'java/lang/NoSuchMethodError'{0x000000008e98a748}: <clinit>> (0x000000008e98a748) thrown at [./src/hotspot/share/prims/jni.cpp, line 1362]
Event: 156.472 Thread 0x000001dc349a0000 Exception <a 'sun/nio/fs/WindowsException'{0x000000008e8942e8}> (0x000000008e8942e8) thrown at [./src/hotspot/share/prims/jni.cpp, line 615]
Event: 156.472 Thread 0x000001dc34996800 Exception <a 'sun/nio/fs/WindowsException'{0x000000008e818570}> (0x000000008e818570) thrown at [./src/hotspot/share/prims/jni.cpp, line 615]
Event: 156.472 Thread 0x000001dc349a2800 Exception <a 'sun/nio/fs/WindowsException'{0x000000008e9edb58}> (0x000000008e9edb58) thrown at [./src/hotspot/share/prims/jni.cpp, line 615]
Event: 156.473 Thread 0x000001dc349a3800 Exception <a 'sun/nio/fs/WindowsException'{0x000000008e70a060}> (0x000000008e70a060) thrown at [./src/hotspot/share/prims/jni.cpp, line 615]
Event: 156.473 Thread 0x000001dc3499d000 Exception <a 'sun/nio/fs/WindowsException'{0x000000008e5037c8}> (0x000000008e5037c8) thrown at [./src/hotspot/share/prims/jni.cpp, line 615]

Events (20 events):
Event: 156.484 loading class com/android/build/gradle/internal/services/Aapt2DaemonManagerMaintainer$firstDaemonStarted$2
Event: 156.484 loading class com/android/build/gradle/internal/services/Aapt2DaemonManagerMaintainer$firstDaemonStarted$2 done
Event: 156.484 loading class com/android/builder/internal/aapt/v2/Aapt2DaemonManager$LeasedAaptDaemon
Event: 156.484 loading class com/android/builder/internal/aapt/v2/Aapt2DaemonManager$LeasedAaptDaemon done
Event: 156.484 loading class com/android/builder/internal/aapt/v2/Aapt2DaemonManager$leaseDaemon$1
Event: 156.484 loading class com/android/builder/internal/aapt/v2/Aapt2DaemonManager$leaseDaemon$1 done
Event: 156.485 loading class com/android/builder/internal/aapt/v2/Aapt2Daemon$WhenMappings
Event: 156.485 loading class com/android/builder/internal/aapt/v2/Aapt2Daemon$WhenMappings done
Event: 156.485 loading class com/android/builder/internal/aapt/v2/Aapt2DaemonImpl$WaitForReadyOnStdOut
Event: 156.485 loading class com/android/builder/internal/aapt/v2/Aapt2DaemonImpl$WaitForReadyOnStdOut done
Event: 156.491 loading class com/android/utils/GrabProcessOutput$Wait
Event: 156.491 loading class com/android/utils/GrabProcessOutput$Wait done
Event: 156.492 loading class com/android/utils/GrabProcessOutput
Event: 156.492 loading class com/android/utils/GrabProcessOutput done
Event: 156.492 loading class com/android/utils/GrabProcessOutput$1
Event: 156.492 loading class com/android/utils/GrabProcessOutput$1 done
Event: 156.492 loading class com/android/utils/GrabProcessOutput$2
Event: 156.492 loading class com/android/utils/GrabProcessOutput$2 done
Event: 156.497 Thread 0x000001dc349a8000 Thread added: 0x000001dc349a8000
Event: 156.497 Thread 0x000001dc349a6000 Thread added: 0x000001dc349a6000


Dynamic libraries:
0x00007ff689df0000 - 0x00007ff689dfa000 	C:\Program Files\Android\Android Studio\jre\bin\java.exe
0x00007ff9bf340000 - 0x00007ff9bf530000 	C:\WINDOWS\SYSTEM32\ntdll.dll
0x00007ff9bed80000 - 0x00007ff9bee32000 	C:\WINDOWS\System32\KERNEL32.DLL
0x00007ff9bcb50000 - 0x00007ff9bcdf4000 	C:\WINDOWS\System32\KERNELBASE.dll
0x00007ff9b9f90000 - 0x00007ff9ba01f000 	C:\WINDOWS\SYSTEM32\apphelp.dll
0x00007ff9bc2d0000 - 0x00007ff9bc3ca000 	C:\WINDOWS\System32\ucrtbase.dll
0x00007ff9b34f0000 - 0x00007ff9b3507000 	C:\Program Files\Android\Android Studio\jre\bin\VCRUNTIME140.dll
0x00007ff9a73b0000 - 0x00007ff9a73c9000 	C:\Program Files\Android\Android Studio\jre\bin\jli.dll
0x00007ff9bddc0000 - 0x00007ff9bdf54000 	C:\WINDOWS\System32\USER32.dll
0x00007ff9bcf50000 - 0x00007ff9bcf71000 	C:\WINDOWS\System32\win32u.dll
0x00007ff9a9820000 - 0x00007ff9a9aa4000 	C:\WINDOWS\WinSxS\amd64_microsoft.windows.common-controls_6595b64144ccf1df_6.0.18362.836_none_e6c4b943130f18ed\COMCTL32.dll
0x00007ff9bdd90000 - 0x00007ff9bddb6000 	C:\WINDOWS\System32\GDI32.dll
0x00007ff9bcfb0000 - 0x00007ff9bd144000 	C:\WINDOWS\System32\gdi32full.dll
0x00007ff9be650000 - 0x00007ff9be6ee000 	C:\WINDOWS\System32\msvcrt.dll
0x00007ff9bd2f0000 - 0x00007ff9bd38e000 	C:\WINDOWS\System32\msvcp_win.dll
0x00007ff9bef10000 - 0x00007ff9bf246000 	C:\WINDOWS\System32\combase.dll
0x00007ff9bec60000 - 0x00007ff9bed80000 	C:\WINDOWS\System32\RPCRT4.dll
0x00007ff9bced0000 - 0x00007ff9bcf50000 	C:\WINDOWS\System32\bcryptPrimitives.dll
0x00007ff9bdd60000 - 0x00007ff9bdd8e000 	C:\WINDOWS\System32\IMM32.DLL
0x00007ff9610d0000 - 0x00007ff96116d000 	C:\Program Files\Android\Android Studio\jre\bin\msvcp140.dll
0x00007ff95e140000 - 0x00007ff95ec0f000 	C:\Program Files\Android\Android Studio\jre\bin\server\jvm.dll
0x00007ff9be5a0000 - 0x00007ff9be643000 	C:\WINDOWS\System32\ADVAPI32.dll
0x00007ff9bdfc0000 - 0x00007ff9be057000 	C:\WINDOWS\System32\sechost.dll
0x00007ff9bebe0000 - 0x00007ff9bebe8000 	C:\WINDOWS\System32\PSAPI.DLL
0x00007ff9a7e90000 - 0x00007ff9a7e99000 	C:\WINDOWS\SYSTEM32\WSOCK32.dll
0x00007ff9b9d30000 - 0x00007ff9b9d54000 	C:\WINDOWS\SYSTEM32\WINMM.dll
0x00007ff9be4d0000 - 0x00007ff9be53f000 	C:\WINDOWS\System32\WS2_32.dll
0x00007ff9b5310000 - 0x00007ff9b531a000 	C:\WINDOWS\SYSTEM32\VERSION.dll
0x00007ff9b9d00000 - 0x00007ff9b9d2d000 	C:\WINDOWS\SYSTEM32\winmmbase.dll
0x00007ff9bd2a0000 - 0x00007ff9bd2ea000 	C:\WINDOWS\System32\cfgmgr32.dll
0x00007ff9bc2b0000 - 0x00007ff9bc2c1000 	C:\WINDOWS\System32\kernel.appcore.dll
0x00007ff9b73d0000 - 0x00007ff9b73e1000 	C:\Program Files\Android\Android Studio\jre\bin\verify.dll
0x00007ff9bab40000 - 0x00007ff9bad34000 	C:\WINDOWS\SYSTEM32\DBGHELP.DLL
0x00007ff9a7960000 - 0x00007ff9a798a000 	C:\WINDOWS\SYSTEM32\dbgcore.DLL
0x00007ff9b33b0000 - 0x00007ff9b33d9000 	C:\Program Files\Android\Android Studio\jre\bin\java.dll
0x00007ff9b8550000 - 0x00007ff9b855b000 	C:\Program Files\Android\Android Studio\jre\bin\jimage.dll
0x00007ff9a41f0000 - 0x00007ff9a4208000 	C:\Program Files\Android\Android Studio\jre\bin\zip.dll
0x00007ff9bd4a0000 - 0x00007ff9bdb84000 	C:\WINDOWS\System32\SHELL32.dll
0x00007ff9bf250000 - 0x00007ff9bf2f9000 	C:\WINDOWS\System32\shcore.dll
0x00007ff9bc3d0000 - 0x00007ff9bcb4e000 	C:\WINDOWS\System32\windows.storage.dll
0x00007ff9bc210000 - 0x00007ff9bc233000 	C:\WINDOWS\System32\profapi.dll
0x00007ff9bc240000 - 0x00007ff9bc28a000 	C:\WINDOWS\System32\powrprof.dll
0x00007ff9bc200000 - 0x00007ff9bc210000 	C:\WINDOWS\System32\UMPDC.dll
0x00007ff9be540000 - 0x00007ff9be592000 	C:\WINDOWS\System32\shlwapi.dll
0x00007ff9bceb0000 - 0x00007ff9bcec7000 	C:\WINDOWS\System32\cryptsp.dll
0x00007ff999670000 - 0x00007ff99968a000 	C:\Program Files\Android\Android Studio\jre\bin\net.dll
0x00007ff9ace20000 - 0x00007ff9acf10000 	C:\WINDOWS\SYSTEM32\WINHTTP.dll
0x00007ff9bba70000 - 0x00007ff9bbad7000 	C:\WINDOWS\system32\mswsock.dll
0x00007ff999650000 - 0x00007ff999664000 	C:\Program Files\Android\Android Studio\jre\bin\nio.dll
0x00007ff999740000 - 0x00007ff999767000 	C:\Users\hp\.gradle\native\fdc75f09e3144964f2cf3f50f0aa648679c211496f362492102eb8c894070792\windows-amd64\native-platform.dll
0x00007ff961d40000 - 0x00007ff961ed6000 	C:\Users\hp\.gradle\native\12488b8bf47d2d4c9fbf2f6322a914ad602e24e48041cd04a747c6da556b65c4\windows-amd64\native-platform-file-events.dll
0x00007ff9b33a0000 - 0x00007ff9b33aa000 	C:\Program Files\Android\Android Studio\jre\bin\management.dll
0x00007ff9a8d80000 - 0x00007ff9a8d8c000 	C:\Program Files\Android\Android Studio\jre\bin\management_ext.dll
0x00007ff9bb580000 - 0x00007ff9bb5b3000 	C:\WINDOWS\system32\rsaenh.dll
0x00007ff9bcf80000 - 0x00007ff9bcfa6000 	C:\WINDOWS\System32\bcrypt.dll
0x00007ff9bc0f0000 - 0x00007ff9bc115000 	C:\WINDOWS\SYSTEM32\USERENV.dll
0x00007ff9bbc40000 - 0x00007ff9bbc4c000 	C:\WINDOWS\SYSTEM32\CRYPTBASE.dll
0x00007ff9bb720000 - 0x00007ff9bb75a000 	C:\WINDOWS\SYSTEM32\IPHLPAPI.DLL
0x00007ff9bea20000 - 0x00007ff9bea28000 	C:\WINDOWS\System32\NSI.dll
0x00007ff9b35a0000 - 0x00007ff9b35b6000 	C:\WINDOWS\SYSTEM32\dhcpcsvc6.DLL
0x00007ff9b3d80000 - 0x00007ff9b3d9c000 	C:\WINDOWS\SYSTEM32\dhcpcsvc.DLL
0x00007ff9bb760000 - 0x00007ff9bb82b000 	C:\WINDOWS\SYSTEM32\DNSAPI.dll
0x00007ff9b5300000 - 0x00007ff9b530b000 	C:\WINDOWS\SYSTEM32\WINNSI.DLL
0x00007ff9bb260000 - 0x00007ff9bb291000 	C:\WINDOWS\SYSTEM32\ntmarta.dll

dbghelp: loaded successfully - version: 4.0.5 - missing functions: none
symbol engine: initialized successfully - sym options: 0x614 - pdb path: .;C:\Program Files\Android\Android Studio\jre\bin;C:\WINDOWS\SYSTEM32;C:\WINDOWS\WinSxS\amd64_microsoft.windows.common-controls_6595b64144ccf1df_6.0.18362.836_none_e6c4b943130f18ed;C:\Program Files\Android\Android Studio\jre\bin\server;C:\Users\hp\.gradle\native\fdc75f09e3144964f2cf3f50f0aa648679c211496f362492102eb8c894070792\windows-amd64;C:\Users\hp\.gradle\native\12488b8bf47d2d4c9fbf2f6322a914ad602e24e48041cd04a747c6da556b65c4\windows-amd64

VM Arguments:
jvm_args: --add-opens=java.base/java.util=ALL-UNNAMED --add-opens=java.base/java.lang=ALL-UNNAMED --add-opens=java.base/java.lang.invoke=ALL-UNNAMED --add-opens=java.prefs/java.util.prefs=ALL-UNNAMED -Xmx2048m -Dfile.encoding=UTF-8 -Duser.country=US -Duser.language=en -Duser.variant 
java_command: org.gradle.launcher.daemon.bootstrap.GradleDaemon 6.7.1
java_class_path (initial): C:\Users\hp\.gradle\wrapper\dists\gradle-6.7.1-bin\bwlcbys1h7rz3272sye1xwiv6\gradle-6.7.1\lib\gradle-launcher-6.7.1.jar
Launcher Type: SUN_STANDARD

[Global flags]
     intx CICompilerCount                          = 4                                         {product} {ergonomic}
     uint ConcGCThreads                            = 2                                         {product} {ergonomic}
     uint G1ConcRefinementThreads                  = 8                                         {product} {ergonomic}
   size_t G1HeapRegionSize                         = 1048576                                   {product} {ergonomic}
    uintx GCDrainStackTargetSize                   = 64                                        {product} {ergonomic}
   size_t InitialHeapSize                          = 268435456                                 {product} {ergonomic}
   size_t MarkStackSize                            = 4194304                                   {product} {ergonomic}
   size_t MaxHeapSize                              = 2147483648                                {product} {command line}
   size_t MaxNewSize                               = 1287651328                                {product} {ergonomic}
   size_t MinHeapDeltaBytes                        = 1048576                                   {product} {ergonomic}
    uintx NonNMethodCodeHeapSize                   = 5836300                                {pd product} {ergonomic}
    uintx NonProfiledCodeHeapSize                  = 122910970                              {pd product} {ergonomic}
    uintx ProfiledCodeHeapSize                     = 122910970                              {pd product} {ergonomic}
    uintx ReservedCodeCacheSize                    = 251658240                              {pd product} {ergonomic}
     bool SegmentedCodeCache                       = true                                      {product} {ergonomic}
     bool UseCompressedClassPointers               = true                                 {lp64_product} {ergonomic}
     bool UseCompressedOops                        = true                                 {lp64_product} {ergonomic}
     bool UseG1GC                                  = true                                      {product} {ergonomic}
     bool UseLargePagesIndividualAllocation        = false                                  {pd product} {ergonomic}

Logging:
Log output configuration:
 #0: stdout all=warning uptime,level,tags
 #1: stderr all=off uptime,level,tags

Environment Variables:
JAVA_HOME=C:\Program Files\Java\jre1.8.0_212
PATH=C:\Program Files (x86)\Common Files\Oracle\Java\javapath;C:\WINDOWS\system32;C:\WINDOWS;C:\WINDOWS\System32\Wbem;C:\WINDOWS\System32\WindowsPowerShell\v1.0\;C:\WINDOWS\System32\OpenSSH\;C:\Program Files\Git\cmd;C:\Program Files\NVIDIA Corporation\NVIDIA NvDLISR;C:\Users\hp\AppData\Local\Microsoft\WindowsApps;D:\Program Files\Microsoft VS Code\bin;D:\Program Files\JetBrains\PyCharm 2019.1.3\bin;C:\adb;C:\WINDOWS\system32;C:\WINDOWS;C:\WINDOWS\System32\Wbem;C:\WINDOWS\System32\WindowsPowerShell\v1.0\;C:\WINDOWS\System32\OpenSSH\;C:\Program Files (x86)\NVIDIA Corporation\PhysX\Common;C:\Users\hp\AppData\Local\Microsoft\WindowsApps;;D:\Program Files\Microsoft VS Code\bin;D:\Program Files\JetBrains\PyCharm 2019.1.3\bin;
USERNAME=hp
OS=Windows_NT
PROCESSOR_IDENTIFIER=Intel64 Family 6 Model 158 Stepping 9, GenuineIntel



---------------  S Y S T E M  ---------------

OS: Windows 10 , 64 bit Build 18362 (10.0.18362.778)
OS uptime: 9 days 20:00 hours

CPU:total 8 (initial active 8) (4 cores per cpu, 2 threads per core) family 6 model 158 stepping 9 microcode 0xb4, cmov, cx8, fxsr, mmx, sse, sse2, sse3, ssse3, sse4.1, sse4.2, popcnt, avx, avx2, aes, clmul, erms, 3dnowpref, lzcnt, ht, tsc, tscinvbit, bmi1, bmi2, adx, fma

Memory: 4k page, system-wide physical 16267M (2733M free)
TotalPageFile size 31347M (AvailPageFile size 5M)
current process WorkingSet (physical memory assigned to process): 624M, peak: 630M
current process commit charge ("private bytes"): 664M, peak: 723M

vm_info: OpenJDK 64-Bit Server VM (11.0.10+0-b96-7249189) for windows-amd64 JRE (11.0.10+0-b96-7249189), built on Mar 31 2021 21:44:00 by "builder" with MS VC++ 14.0 (VS2015)

END.
