#
# There is insufficient memory for the Java Runtime Environment to continue.
# Native memory allocation (mmap) failed to map 344981504 bytes for Failed to commit area from 0x0000000099600000 to 0x00000000adf00000 of length 344981504.
# Possible reasons:
#   The system is out of physical RAM or swap space
#   The process is running with CompressedOops enabled, and the Java Heap may be blocking the growth of the native heap
# Possible solutions:
#   Reduce memory load on the system
#   Increase physical memory or swap space
#   Check if swap backing store is full
#   Decrease Java heap size (-Xmx/-Xms)
#   Decrease number of Java threads
#   Decrease Java thread stack sizes (-Xss)
#   Set larger code cache with -XX:ReservedCodeCacheSize=
#   JVM is running with Unscaled Compressed Oops mode in which the Java heap is
#     placed in the first 4GB address space. The Java Heap base address is the
#     maximum limit for the native heap growth. Please use -XX:HeapBaseMinAddress
#     to set the Java Heap base and to place the Java Heap above 4GB virtual address.
# This output file may be truncated or incomplete.
#
#  Out of Memory Error (./src/hotspot/os/windows/os_windows.cpp:3301), pid=27404, tid=15872
#
# JRE version: OpenJDK Runtime Environment (11.0.10) (build 11.0.10+0-b96-7249189)
# Java VM: OpenJDK 64-Bit Server VM (11.0.10+0-b96-7249189, mixed mode, tiered, compressed oops, g1 gc, windows-amd64)
# No core dump will be written. Minidumps are not enabled by default on client versions of Windows
#

---------------  S U M M A R Y ------------

Command Line: --add-opens=java.base/java.util=ALL-UNNAMED --add-opens=java.base/java.lang=ALL-UNNAMED --add-opens=java.base/java.lang.invoke=ALL-UNNAMED --add-opens=java.prefs/java.util.prefs=ALL-UNNAMED -Xmx2048m -Dfile.encoding=UTF-8 -Duser.country=US -Duser.language=en -Duser.variant org.gradle.launcher.daemon.bootstrap.GradleDaemon 6.7.1

Host: Intel(R) Core(TM) i7-7700HQ CPU @ 2.80GHz, 8 cores, 15G,  Windows 10 , 64 bit Build 18362 (10.0.18362.778)
Time: Mon Jan  3 16:50:34 2022 Pakistan Standard Time elapsed time: 21.491338 seconds (0d 0h 0m 21s)

---------------  T H R E A D  ---------------

Current thread (0x000001f42973f800):  VMThread "VM Thread" [stack: 0x000000e6dbb00000,0x000000e6dbc00000] [id=15872]

Stack: [0x000000e6dbb00000,0x000000e6dbc00000]
[error occurred during error reporting (printing stack bounds), id 0xc0000005, EXCEPTION_ACCESS_VIOLATION (0xc0000005) at pc=0x000001f412530f2d]

Native frames: (J=compiled Java code, j=interpreted, Vv=VM code, C=native code)
V  [jvm.dll+0x5ecfaa]
V  [jvm.dll+0x722bd5]
V  [jvm.dll+0x72412d]
V  [jvm.dll+0x724745]
V  [jvm.dll+0x7246fb]
V  [jvm.dll+0x5ec348]
V  [jvm.dll+0x5ecad8]
C  [ntdll.dll+0xa11cf]
C  [ntdll.dll+0x6a209]
C  [ntdll.dll+0x9fe3e]
C  0x000001f412530f2d

VM_Operation (0x000000e6e84fe510): G1CollectForAllocation, mode: safepoint, requested by thread 0x000001f434727800


---------------  P R O C E S S  ---------------

Threads class SMR info:
_java_thread_list=0x000001f437fe3ac0, length=192, elements={
0x000001f40ea5b800, 0x000001f429745800, 0x000001f429747000, 0x000001f429798800,
0x000001f42979c000, 0x000001f42979f000, 0x000001f4297a2800, 0x000001f4297a4000,
0x000001f4297c6800, 0x000001f42993f800, 0x000001f42b5d0800, 0x000001f42d140800,
0x000001f42c548800, 0x000001f42b8aa000, 0x000001f42af3d800, 0x000001f42a919800,
0x000001f42bd2b000, 0x000001f42c218800, 0x000001f42a81c000, 0x000001f42c0fb000,
0x000001f42c101800, 0x000001f42c0fc000, 0x000001f42c100000, 0x000001f42b716800,
0x000001f42b650800, 0x000001f42c0fc800, 0x000001f42c0fd800, 0x000001f42c100800,
0x000001f42c0fe000, 0x000001f42c0ff000, 0x000001f42d536000, 0x000001f42d538800,
0x000001f42d53a000, 0x000001f42d53b000, 0x000001f42d53c800, 0x000001f42d536800,
0x000001f42d53d000, 0x000001f42d537800, 0x000001f42d544000, 0x000001f42d542000,
0x000001f42d53f000, 0x000001f42d53e000, 0x000001f42d544800, 0x000001f42d53f800,
0x000001f42d540800, 0x000001f42d541800, 0x000001f42d543000, 0x000001f42d419800,
0x000001f42d41a000, 0x000001f42d41b000, 0x000001f42d41c000, 0x000001f42d417000,
0x000001f42d417800, 0x000001f42d416000, 0x000001f42d41c800, 0x000001f42d41d800,
0x000001f42d41e800, 0x000001f42d418800, 0x000001f42d424000, 0x000001f42d421800,
0x000001f42d425000, 0x000001f42d420800, 0x000001f42d422800, 0x000001f42d41f000,
0x000001f42d423000, 0x000001f42d420000, 0x000001f42ea75000, 0x000001f42ea72800,
0x000001f42ea76000, 0x000001f42ea71800, 0x000001f42ea78000, 0x000001f42ea79000,
0x000001f42ea76800, 0x000001f42ea73800, 0x000001f42ea7a000, 0x000001f42ea77800,
0x000001f42ea74000, 0x000001f42ea7e800, 0x000001f42ea7f800, 0x000001f42ea7d000,
0x000001f42ea7c800, 0x000001f42ea7a800, 0x000001f42ea7b800, 0x000001f42ea80800,
0x000001f42ea7e000, 0x000001f42d6bc800, 0x000001f42d6bd800, 0x000001f42d6be000,
0x000001f42d6c0800, 0x000001f42d6bf000, 0x000001f42d6c0000, 0x000001f42d6bb000,
0x000001f42d6c1800, 0x000001f42d6bb800, 0x000001f42d6c6800, 0x000001f42d6c4000,
0x000001f42d6c3000, 0x000001f42d6c8000, 0x000001f42d6c7000, 0x000001f42d6c2000,
0x000001f42d6c8800, 0x000001f42d6c9800, 0x000001f42d6c4800, 0x000001f42d6c5800,
0x000001f42d623000, 0x000001f42d620800, 0x000001f42d621800, 0x000001f42d624800,
0x000001f42d626800, 0x000001f42d625800, 0x000001f42d627000, 0x000001f42d624000,
0x000001f42d628000, 0x000001f42d622000, 0x000001f42d62e800, 0x000001f42d62a800,
0x000001f42d629000, 0x000001f42d62f800, 0x000001f42d629800, 0x000001f42d62b000,
0x000001f42d62c000, 0x000001f42d62d000, 0x000001f42d62d800, 0x000001f42c053800,
0x000001f42c056000, 0x000001f42c052000, 0x000001f42c052800, 0x000001f42c054800,
0x000001f42c051000, 0x000001f42c055000, 0x000001f42c050000, 0x000001f42c05b800,
0x000001f42c05b000, 0x000001f42c05c800, 0x000001f42c057000, 0x000001f42c05d800,
0x000001f42c057800, 0x000001f42c05e000, 0x000001f42c059000, 0x000001f42c058800,
0x000001f42c05f000, 0x000001f42c05a000, 0x000001f42d6cd800, 0x000001f42d6ce000,
0x000001f42d6cf000, 0x000001f42d6d0000, 0x000001f42d6cb800, 0x000001f42d6d0800,
0x000001f42d6cb000, 0x000001f42d6d2000, 0x000001f42d6d1800, 0x000001f42d6cc800,
0x000001f42d6d5800, 0x000001f42d6d7000, 0x000001f42d6d8800, 0x000001f42d6d6800,
0x000001f42d6d8000, 0x000001f42d6d3000, 0x000001f42d6d9800, 0x000001f42d6d4800,
0x000001f4324f2000, 0x000001f4324ef800, 0x000001f4324f3000, 0x000001f4324ee000,
0x000001f4324f0800, 0x000001f4324ef000, 0x000001f4324f3800, 0x000001f4324f4800,
0x000001f43471c000, 0x000001f43471a800, 0x000001f43471e800, 0x000001f43471d000,
0x000001f434719000, 0x000001f43471f800, 0x000001f434719800, 0x000001f434720800,
0x000001f434721000, 0x000001f43471b800, 0x000001f434722000, 0x000001f434722800,
0x000001f434723800, 0x000001f434726000, 0x000001f434727000, 0x000001f434724800,
0x000001f434725000, 0x000001f434727800, 0x000001f43449a000, 0x000001f43449e000,
0x000001f43449b800, 0x000001f43449a800, 0x000001f43449c800, 0x000001f43449d000
}

Java Threads: ( => current thread )
  0x000001f40ea5b800 JavaThread "main" [_thread_blocked, id=20652, stack(0x000000e6db500000,0x000000e6db600000)]
  0x000001f429745800 JavaThread "Reference Handler" daemon [_thread_blocked, id=6340, stack(0x000000e6dbc00000,0x000000e6dbd00000)]
  0x000001f429747000 JavaThread "Finalizer" daemon [_thread_blocked, id=12800, stack(0x000000e6dbd00000,0x000000e6dbe00000)]
  0x000001f429798800 JavaThread "Signal Dispatcher" daemon [_thread_blocked, id=14364, stack(0x000000e6dbe00000,0x000000e6dbf00000)]
  0x000001f42979c000 JavaThread "Attach Listener" daemon [_thread_blocked, id=11892, stack(0x000000e6dbf00000,0x000000e6dc000000)]
  0x000001f42979f000 JavaThread "Service Thread" daemon [_thread_blocked, id=23884, stack(0x000000e6dc000000,0x000000e6dc100000)]
  0x000001f4297a2800 JavaThread "C2 CompilerThread0" daemon [_thread_in_native, id=23576, stack(0x000000e6dc100000,0x000000e6dc200000)]
  0x000001f4297a4000 JavaThread "C1 CompilerThread0" daemon [_thread_blocked, id=17564, stack(0x000000e6dc200000,0x000000e6dc300000)]
  0x000001f4297c6800 JavaThread "Sweeper thread" daemon [_thread_blocked, id=26728, stack(0x000000e6dc300000,0x000000e6dc400000)]
  0x000001f42993f800 JavaThread "Common-Cleaner" daemon [_thread_blocked, id=20088, stack(0x000000e6dc400000,0x000000e6dc500000)]
  0x000001f42b5d0800 JavaThread "Daemon health stats" [_thread_blocked, id=11896, stack(0x000000e6dcd00000,0x000000e6dce00000)]
  0x000001f42d140800 JavaThread "Incoming local TCP Connector on port 60890" [_thread_in_native, id=10804, stack(0x000000e6dce00000,0x000000e6dcf00000)]
  0x000001f42c548800 JavaThread "Daemon periodic checks" [_thread_blocked, id=26756, stack(0x000000e6dcf00000,0x000000e6dd000000)]
  0x000001f42b8aa000 JavaThread "Daemon" [_thread_blocked, id=15688, stack(0x000000e6dd000000,0x000000e6dd100000)]
  0x000001f42af3d800 JavaThread "Handler for socket connection from /127.0.0.1:60890 to /127.0.0.1:60891" [_thread_in_native, id=11256, stack(0x000000e6dd100000,0x000000e6dd200000)]
  0x000001f42a919800 JavaThread "Cancel handler" [_thread_blocked, id=100, stack(0x000000e6dd200000,0x000000e6dd300000)]
  0x000001f42bd2b000 JavaThread "Daemon worker" [_thread_blocked, id=22236, stack(0x000000e6dd300000,0x000000e6dd400000)]
  0x000001f42c218800 JavaThread "Asynchronous log dispatcher for DefaultDaemonConnection: socket connection from /127.0.0.1:60890 to /127.0.0.1:60891" [_thread_blocked, id=23420, stack(0x000000e6dd500000,0x000000e6dd600000)]
  0x000001f42a81c000 JavaThread "Stdin handler" [_thread_blocked, id=11320, stack(0x000000e6dd600000,0x000000e6dd700000)]
  0x000001f42c0fb000 JavaThread "Thread-8" [_thread_blocked, id=23276, stack(0x000000e6dd700000,0x000000e6dd800000)]
  0x000001f42c101800 JavaThread "Cache worker for file hash cache (C:\Users\hp\.gradle\caches\6.7.1\fileHashes)" [_thread_blocked, id=10156, stack(0x000000e6dd800000,0x000000e6dd900000)]
  0x000001f42c0fc000 JavaThread "File lock request listener" [_thread_in_native, id=20404, stack(0x000000e6dd900000,0x000000e6dda00000)]
  0x000001f42c100000 JavaThread "Cache worker for journal cache (C:\Users\hp\.gradle\caches\journal-1)" [_thread_blocked, id=19468, stack(0x000000e6ddc00000,0x000000e6ddd00000)]
  0x000001f42b716800 JavaThread "C2 CompilerThread1" daemon [_thread_blocked, id=24740, stack(0x000000e6ddd00000,0x000000e6dde00000)]
  0x000001f42b650800 JavaThread "C2 CompilerThread2" daemon [_thread_blocked, id=24612, stack(0x000000e6dde00000,0x000000e6ddf00000)]
  0x000001f42c0fc800 JavaThread "Cache worker for file hash cache (E:\OfficeGit\Berger_Xpress_Visualizer\Berger_Visualizer\Berger Visualizer\.gradle\6.7.1\fileHashes)" [_thread_blocked, id=22720, stack(0x000000e6ddf00000,0x000000e6de000000)]
  0x000001f42c0fd800 JavaThread "Cache worker for checksums cache (E:\OfficeGit\Berger_Xpress_Visualizer\Berger_Visualizer\Berger Visualizer\.gradle\checksums)" [_thread_blocked, id=18108, stack(0x000000e6de000000,0x000000e6de100000)]
  0x000001f42c100800 JavaThread "Cache worker for cache directory md-supplier (C:\Users\hp\.gradle\caches\6.7.1\md-supplier)" [_thread_blocked, id=15428, stack(0x000000e6de100000,0x000000e6de200000)]
  0x000001f42c0fe000 JavaThread "Cache worker for cache directory md-rule (C:\Users\hp\.gradle\caches\6.7.1\md-rule)" [_thread_blocked, id=19752, stack(0x000000e6de200000,0x000000e6de300000)]
  0x000001f42c0ff000 JavaThread "Cache worker for execution history cache (C:\Users\hp\.gradle\caches\6.7.1\executionHistory)" [_thread_blocked, id=27636, stack(0x000000e6de300000,0x000000e6de400000)]
  0x000001f42d536000 JavaThread "jar transforms" [_thread_blocked, id=18524, stack(0x000000e6de400000,0x000000e6de500000)]
  0x000001f42d538800 JavaThread "Cache worker for file content cache (C:\Users\hp\.gradle\caches\6.7.1\fileContent)" [_thread_blocked, id=23096, stack(0x000000e6de500000,0x000000e6de600000)]
  0x000001f42d53a000 JavaThread "Cache worker for Build Output Cleanup Cache (E:\OfficeGit\Berger_Xpress_Visualizer\Berger_Visualizer\Berger Visualizer\.gradle\buildOutputCleanup)" [_thread_blocked, id=14864, stack(0x000000e6de600000,0x000000e6de700000)]
  0x000001f42d53b000 JavaThread "Build operations" [_thread_blocked, id=12664, stack(0x000000e6de700000,0x000000e6de800000)]
  0x000001f42d53c800 JavaThread "Build operations Thread 2" [_thread_blocked, id=19388, stack(0x000000e6de800000,0x000000e6de900000)]
  0x000001f42d536800 JavaThread "Build operations Thread 3" [_thread_blocked, id=8596, stack(0x000000e6de900000,0x000000e6dea00000)]
  0x000001f42d53d000 JavaThread "Build operations Thread 4" [_thread_blocked, id=14528, stack(0x000000e6dea00000,0x000000e6deb00000)]
  0x000001f42d537800 JavaThread "Build operations Thread 5" [_thread_blocked, id=20588, stack(0x000000e6deb00000,0x000000e6dec00000)]
  0x000001f42d544000 JavaThread "Build operations Thread 6" [_thread_blocked, id=23184, stack(0x000000e6dec00000,0x000000e6ded00000)]
  0x000001f42d542000 JavaThread "Build operations Thread 7" [_thread_blocked, id=25920, stack(0x000000e6ded00000,0x000000e6dee00000)]
  0x000001f42d53f000 JavaThread "Build operations Thread 8" [_thread_blocked, id=7884, stack(0x000000e6dee00000,0x000000e6def00000)]
  0x000001f42d53e000 JavaThread "jar transforms Thread 2" [_thread_blocked, id=27088, stack(0x000000e6def00000,0x000000e6df000000)]
  0x000001f42d544800 JavaThread "jar transforms Thread 3" [_thread_blocked, id=12532, stack(0x000000e6df000000,0x000000e6df100000)]
  0x000001f42d53f800 JavaThread "jar transforms Thread 4" [_thread_blocked, id=11912, stack(0x000000e6df100000,0x000000e6df200000)]
  0x000001f42d540800 JavaThread "jar transforms Thread 5" [_thread_blocked, id=23872, stack(0x000000e6df200000,0x000000e6df300000)]
  0x000001f42d541800 JavaThread "jar transforms Thread 6" [_thread_blocked, id=11240, stack(0x000000e6df300000,0x000000e6df400000)]
  0x000001f42d543000 JavaThread "jar transforms Thread 7" [_thread_blocked, id=25284, stack(0x000000e6df400000,0x000000e6df500000)]
  0x000001f42d419800 JavaThread "jar transforms Thread 8" [_thread_blocked, id=20032, stack(0x000000e6df500000,0x000000e6df600000)]
  0x000001f42d41a000 JavaThread "jar transforms Thread 9" [_thread_blocked, id=15728, stack(0x000000e6df600000,0x000000e6df700000)]
  0x000001f42d41b000 JavaThread "jar transforms Thread 10" [_thread_blocked, id=27164, stack(0x000000e6df700000,0x000000e6df800000)]
  0x000001f42d41c000 JavaThread "jar transforms Thread 11" [_thread_blocked, id=1560, stack(0x000000e6df800000,0x000000e6df900000)]
  0x000001f42d417000 JavaThread "jar transforms Thread 12" [_thread_blocked, id=12816, stack(0x000000e6df900000,0x000000e6dfa00000)]
  0x000001f42d417800 JavaThread "jar transforms Thread 13" [_thread_blocked, id=9672, stack(0x000000e6dfa00000,0x000000e6dfb00000)]
  0x000001f42d416000 JavaThread "jar transforms Thread 14" [_thread_blocked, id=23476, stack(0x000000e6dfb00000,0x000000e6dfc00000)]
  0x000001f42d41c800 JavaThread "jar transforms Thread 15" [_thread_blocked, id=24776, stack(0x000000e6dfc00000,0x000000e6dfd00000)]
  0x000001f42d41d800 JavaThread "jar transforms Thread 16" [_thread_blocked, id=19988, stack(0x000000e6dfd00000,0x000000e6dfe00000)]
  0x000001f42d41e800 JavaThread "jar transforms Thread 17" [_thread_blocked, id=22420, stack(0x000000e6dfe00000,0x000000e6dff00000)]
  0x000001f42d418800 JavaThread "jar transforms Thread 18" [_thread_blocked, id=27476, stack(0x000000e6dff00000,0x000000e6e0000000)]
  0x000001f42d424000 JavaThread "jar transforms Thread 19" [_thread_blocked, id=10184, stack(0x000000e6e0000000,0x000000e6e0100000)]
  0x000001f42d421800 JavaThread "jar transforms Thread 20" [_thread_blocked, id=26060, stack(0x000000e6e0100000,0x000000e6e0200000)]
  0x000001f42d425000 JavaThread "jar transforms Thread 21" [_thread_blocked, id=18952, stack(0x000000e6e0200000,0x000000e6e0300000)]
  0x000001f42d420800 JavaThread "jar transforms Thread 22" [_thread_blocked, id=17496, stack(0x000000e6e0300000,0x000000e6e0400000)]
  0x000001f42d422800 JavaThread "jar transforms Thread 23" [_thread_blocked, id=11788, stack(0x000000e6e0400000,0x000000e6e0500000)]
  0x000001f42d41f000 JavaThread "jar transforms Thread 24" [_thread_blocked, id=25488, stack(0x000000e6e0500000,0x000000e6e0600000)]
  0x000001f42d423000 JavaThread "jar transforms Thread 25" [_thread_blocked, id=11204, stack(0x000000e6e0600000,0x000000e6e0700000)]
  0x000001f42d420000 JavaThread "jar transforms Thread 26" [_thread_blocked, id=15496, stack(0x000000e6e0700000,0x000000e6e0800000)]
  0x000001f42ea75000 JavaThread "jar transforms Thread 27" [_thread_blocked, id=8128, stack(0x000000e6e0800000,0x000000e6e0900000)]
  0x000001f42ea72800 JavaThread "jar transforms Thread 28" [_thread_blocked, id=23412, stack(0x000000e6e0900000,0x000000e6e0a00000)]
  0x000001f42ea76000 JavaThread "jar transforms Thread 29" [_thread_blocked, id=5444, stack(0x000000e6e0a00000,0x000000e6e0b00000)]
  0x000001f42ea71800 JavaThread "jar transforms Thread 30" [_thread_blocked, id=25492, stack(0x000000e6e0b00000,0x000000e6e0c00000)]
  0x000001f42ea78000 JavaThread "jar transforms Thread 31" [_thread_blocked, id=22004, stack(0x000000e6e0c00000,0x000000e6e0d00000)]
  0x000001f42ea79000 JavaThread "jar transforms Thread 32" [_thread_blocked, id=5764, stack(0x000000e6e0d00000,0x000000e6e0e00000)]
  0x000001f42ea76800 JavaThread "jar transforms Thread 33" [_thread_blocked, id=11144, stack(0x000000e6e0e00000,0x000000e6e0f00000)]
  0x000001f42ea73800 JavaThread "jar transforms Thread 34" [_thread_blocked, id=7512, stack(0x000000e6e0f00000,0x000000e6e1000000)]
  0x000001f42ea7a000 JavaThread "jar transforms Thread 35" [_thread_blocked, id=24704, stack(0x000000e6e1000000,0x000000e6e1100000)]
  0x000001f42ea77800 JavaThread "jar transforms Thread 36" [_thread_blocked, id=13396, stack(0x000000e6e1100000,0x000000e6e1200000)]
  0x000001f42ea74000 JavaThread "jar transforms Thread 37" [_thread_blocked, id=27284, stack(0x000000e6e1200000,0x000000e6e1300000)]
  0x000001f42ea7e800 JavaThread "jar transforms Thread 38" [_thread_blocked, id=27512, stack(0x000000e6e1300000,0x000000e6e1400000)]
  0x000001f42ea7f800 JavaThread "jar transforms Thread 39" [_thread_blocked, id=21124, stack(0x000000e6e1400000,0x000000e6e1500000)]
  0x000001f42ea7d000 JavaThread "jar transforms Thread 40" [_thread_blocked, id=22896, stack(0x000000e6e1500000,0x000000e6e1600000)]
  0x000001f42ea7c800 JavaThread "jar transforms Thread 41" [_thread_blocked, id=7544, stack(0x000000e6e1600000,0x000000e6e1700000)]
  0x000001f42ea7a800 JavaThread "jar transforms Thread 42" [_thread_blocked, id=22404, stack(0x000000e6e1700000,0x000000e6e1800000)]
  0x000001f42ea7b800 JavaThread "jar transforms Thread 43" [_thread_blocked, id=22916, stack(0x000000e6e1800000,0x000000e6e1900000)]
  0x000001f42ea80800 JavaThread "jar transforms Thread 44" [_thread_blocked, id=26788, stack(0x000000e6e1900000,0x000000e6e1a00000)]
  0x000001f42ea7e000 JavaThread "jar transforms Thread 45" [_thread_blocked, id=10556, stack(0x000000e6e1a00000,0x000000e6e1b00000)]
  0x000001f42d6bc800 JavaThread "jar transforms Thread 46" [_thread_blocked, id=4200, stack(0x000000e6e1b00000,0x000000e6e1c00000)]
  0x000001f42d6bd800 JavaThread "jar transforms Thread 47" [_thread_blocked, id=26088, stack(0x000000e6e1c00000,0x000000e6e1d00000)]
  0x000001f42d6be000 JavaThread "jar transforms Thread 48" [_thread_blocked, id=1288, stack(0x000000e6e1d00000,0x000000e6e1e00000)]
  0x000001f42d6c0800 JavaThread "jar transforms Thread 49" [_thread_blocked, id=18744, stack(0x000000e6e1e00000,0x000000e6e1f00000)]
  0x000001f42d6bf000 JavaThread "jar transforms Thread 50" [_thread_blocked, id=25132, stack(0x000000e6e1f00000,0x000000e6e2000000)]
  0x000001f42d6c0000 JavaThread "jar transforms Thread 51" [_thread_blocked, id=7940, stack(0x000000e6e2000000,0x000000e6e2100000)]
  0x000001f42d6bb000 JavaThread "jar transforms Thread 52" [_thread_blocked, id=9588, stack(0x000000e6e2100000,0x000000e6e2200000)]
  0x000001f42d6c1800 JavaThread "jar transforms Thread 53" [_thread_blocked, id=17248, stack(0x000000e6e2200000,0x000000e6e2300000)]
  0x000001f42d6bb800 JavaThread "jar transforms Thread 54" [_thread_blocked, id=6480, stack(0x000000e6e2300000,0x000000e6e2400000)]
  0x000001f42d6c6800 JavaThread "jar transforms Thread 55" [_thread_blocked, id=4160, stack(0x000000e6e2400000,0x000000e6e2500000)]
  0x000001f42d6c4000 JavaThread "jar transforms Thread 56" [_thread_blocked, id=26908, stack(0x000000e6e2500000,0x000000e6e2600000)]
  0x000001f42d6c3000 JavaThread "jar transforms Thread 57" [_thread_blocked, id=27348, stack(0x000000e6e2600000,0x000000e6e2700000)]
  0x000001f42d6c8000 JavaThread "jar transforms Thread 58" [_thread_blocked, id=6844, stack(0x000000e6e2700000,0x000000e6e2800000)]
  0x000001f42d6c7000 JavaThread "jar transforms Thread 59" [_thread_blocked, id=25720, stack(0x000000e6e2800000,0x000000e6e2900000)]
  0x000001f42d6c2000 JavaThread "jar transforms Thread 60" [_thread_blocked, id=9400, stack(0x000000e6e2900000,0x000000e6e2a00000)]
  0x000001f42d6c8800 JavaThread "jar transforms Thread 61" [_thread_blocked, id=22264, stack(0x000000e6e2a00000,0x000000e6e2b00000)]
  0x000001f42d6c9800 JavaThread "jar transforms Thread 62" [_thread_blocked, id=17712, stack(0x000000e6e2b00000,0x000000e6e2c00000)]
  0x000001f42d6c4800 JavaThread "jar transforms Thread 63" [_thread_blocked, id=18788, stack(0x000000e6e2c00000,0x000000e6e2d00000)]
  0x000001f42d6c5800 JavaThread "jar transforms Thread 64" [_thread_blocked, id=15636, stack(0x000000e6e2d00000,0x000000e6e2e00000)]
  0x000001f42d623000 JavaThread "jar transforms Thread 65" [_thread_blocked, id=21468, stack(0x000000e6e2e00000,0x000000e6e2f00000)]
  0x000001f42d620800 JavaThread "jar transforms Thread 66" [_thread_blocked, id=11184, stack(0x000000e6e2f00000,0x000000e6e3000000)]
  0x000001f42d621800 JavaThread "jar transforms Thread 67" [_thread_blocked, id=20896, stack(0x000000e6e3000000,0x000000e6e3100000)]
  0x000001f42d624800 JavaThread "jar transforms Thread 68" [_thread_blocked, id=18408, stack(0x000000e6e3100000,0x000000e6e3200000)]
  0x000001f42d626800 JavaThread "jar transforms Thread 69" [_thread_blocked, id=7956, stack(0x000000e6e3200000,0x000000e6e3300000)]
  0x000001f42d625800 JavaThread "jar transforms Thread 70" [_thread_blocked, id=24040, stack(0x000000e6e3300000,0x000000e6e3400000)]
  0x000001f42d627000 JavaThread "jar transforms Thread 71" [_thread_blocked, id=3884, stack(0x000000e6e3400000,0x000000e6e3500000)]
  0x000001f42d624000 JavaThread "jar transforms Thread 72" [_thread_blocked, id=4056, stack(0x000000e6e3500000,0x000000e6e3600000)]
  0x000001f42d628000 JavaThread "jar transforms Thread 73" [_thread_blocked, id=26492, stack(0x000000e6e3600000,0x000000e6e3700000)]
  0x000001f42d622000 JavaThread "jar transforms Thread 74" [_thread_blocked, id=20912, stack(0x000000e6e3700000,0x000000e6e3800000)]
  0x000001f42d62e800 JavaThread "jar transforms Thread 75" [_thread_blocked, id=24160, stack(0x000000e6e3800000,0x000000e6e3900000)]
  0x000001f42d62a800 JavaThread "jar transforms Thread 76" [_thread_blocked, id=25892, stack(0x000000e6e3900000,0x000000e6e3a00000)]
  0x000001f42d629000 JavaThread "jar transforms Thread 77" [_thread_blocked, id=27044, stack(0x000000e6e3a00000,0x000000e6e3b00000)]
  0x000001f42d62f800 JavaThread "jar transforms Thread 78" [_thread_blocked, id=20284, stack(0x000000e6e3b00000,0x000000e6e3c00000)]
  0x000001f42d629800 JavaThread "jar transforms Thread 79" [_thread_blocked, id=17804, stack(0x000000e6e3c00000,0x000000e6e3d00000)]
  0x000001f42d62b000 JavaThread "jar transforms Thread 80" [_thread_blocked, id=19744, stack(0x000000e6e3d00000,0x000000e6e3e00000)]
  0x000001f42d62c000 JavaThread "jar transforms Thread 81" [_thread_blocked, id=9420, stack(0x000000e6e3e00000,0x000000e6e3f00000)]
  0x000001f42d62d000 JavaThread "jar transforms Thread 82" [_thread_blocked, id=26508, stack(0x000000e6e3f00000,0x000000e6e4000000)]
  0x000001f42d62d800 JavaThread "jar transforms Thread 83" [_thread_blocked, id=24796, stack(0x000000e6e4000000,0x000000e6e4100000)]
  0x000001f42c053800 JavaThread "jar transforms Thread 84" [_thread_blocked, id=14836, stack(0x000000e6e4100000,0x000000e6e4200000)]
  0x000001f42c056000 JavaThread "jar transforms Thread 85" [_thread_blocked, id=17200, stack(0x000000e6e4200000,0x000000e6e4300000)]
  0x000001f42c052000 JavaThread "jar transforms Thread 86" [_thread_blocked, id=21996, stack(0x000000e6e4300000,0x000000e6e4400000)]
  0x000001f42c052800 JavaThread "jar transforms Thread 87" [_thread_blocked, id=12648, stack(0x000000e6e4400000,0x000000e6e4500000)]
  0x000001f42c054800 JavaThread "jar transforms Thread 88" [_thread_blocked, id=15472, stack(0x000000e6e4500000,0x000000e6e4600000)]
  0x000001f42c051000 JavaThread "jar transforms Thread 89" [_thread_blocked, id=19292, stack(0x000000e6e4600000,0x000000e6e4700000)]
  0x000001f42c055000 JavaThread "jar transforms Thread 90" [_thread_blocked, id=25000, stack(0x000000e6e4700000,0x000000e6e4800000)]
  0x000001f42c050000 JavaThread "jar transforms Thread 91" [_thread_blocked, id=23836, stack(0x000000e6e4800000,0x000000e6e4900000)]
  0x000001f42c05b800 JavaThread "jar transforms Thread 92" [_thread_blocked, id=10692, stack(0x000000e6e4900000,0x000000e6e4a00000)]
  0x000001f42c05b000 JavaThread "jar transforms Thread 93" [_thread_blocked, id=26276, stack(0x000000e6e4a00000,0x000000e6e4b00000)]
  0x000001f42c05c800 JavaThread "jar transforms Thread 94" [_thread_blocked, id=5740, stack(0x000000e6e4b00000,0x000000e6e4c00000)]
  0x000001f42c057000 JavaThread "jar transforms Thread 95" [_thread_blocked, id=27392, stack(0x000000e6e4c00000,0x000000e6e4d00000)]
  0x000001f42c05d800 JavaThread "jar transforms Thread 96" [_thread_blocked, id=23888, stack(0x000000e6e4d00000,0x000000e6e4e00000)]
  0x000001f42c057800 JavaThread "jar transforms Thread 97" [_thread_blocked, id=26176, stack(0x000000e6e4e00000,0x000000e6e4f00000)]
  0x000001f42c05e000 JavaThread "jar transforms Thread 98" [_thread_blocked, id=22624, stack(0x000000e6e4f00000,0x000000e6e5000000)]
  0x000001f42c059000 JavaThread "jar transforms Thread 99" [_thread_blocked, id=10372, stack(0x000000e6e5000000,0x000000e6e5100000)]
  0x000001f42c058800 JavaThread "jar transforms Thread 100" [_thread_blocked, id=23368, stack(0x000000e6e5100000,0x000000e6e5200000)]
  0x000001f42c05f000 JavaThread "jar transforms Thread 101" [_thread_blocked, id=17440, stack(0x000000e6e5200000,0x000000e6e5300000)]
  0x000001f42c05a000 JavaThread "jar transforms Thread 102" [_thread_blocked, id=24072, stack(0x000000e6e5300000,0x000000e6e5400000)]
  0x000001f42d6cd800 JavaThread "jar transforms Thread 103" [_thread_blocked, id=15724, stack(0x000000e6e5400000,0x000000e6e5500000)]
  0x000001f42d6ce000 JavaThread "jar transforms Thread 104" [_thread_blocked, id=6684, stack(0x000000e6e5500000,0x000000e6e5600000)]
  0x000001f42d6cf000 JavaThread "jar transforms Thread 105" [_thread_blocked, id=13428, stack(0x000000e6e5600000,0x000000e6e5700000)]
  0x000001f42d6d0000 JavaThread "jar transforms Thread 106" [_thread_blocked, id=2344, stack(0x000000e6e5700000,0x000000e6e5800000)]
  0x000001f42d6cb800 JavaThread "jar transforms Thread 107" [_thread_blocked, id=10064, stack(0x000000e6e5800000,0x000000e6e5900000)]
  0x000001f42d6d0800 JavaThread "jar transforms Thread 108" [_thread_blocked, id=26816, stack(0x000000e6e5900000,0x000000e6e5a00000)]
  0x000001f42d6cb000 JavaThread "jar transforms Thread 109" [_thread_blocked, id=18476, stack(0x000000e6e5a00000,0x000000e6e5b00000)]
  0x000001f42d6d2000 JavaThread "jar transforms Thread 110" [_thread_blocked, id=23008, stack(0x000000e6e5b00000,0x000000e6e5c00000)]
  0x000001f42d6d1800 JavaThread "jar transforms Thread 111" [_thread_blocked, id=16184, stack(0x000000e6e5c00000,0x000000e6e5d00000)]
  0x000001f42d6cc800 JavaThread "jar transforms Thread 112" [_thread_blocked, id=15232, stack(0x000000e6e5d00000,0x000000e6e5e00000)]
  0x000001f42d6d5800 JavaThread "jar transforms Thread 113" [_thread_blocked, id=26376, stack(0x000000e6e5e00000,0x000000e6e5f00000)]
  0x000001f42d6d7000 JavaThread "jar transforms Thread 114" [_thread_blocked, id=15396, stack(0x000000e6e5f00000,0x000000e6e6000000)]
  0x000001f42d6d8800 JavaThread "jar transforms Thread 115" [_thread_blocked, id=1480, stack(0x000000e6e6000000,0x000000e6e6100000)]
  0x000001f42d6d6800 JavaThread "jar transforms Thread 116" [_thread_blocked, id=20772, stack(0x000000e6e6100000,0x000000e6e6200000)]
  0x000001f42d6d8000 JavaThread "jar transforms Thread 117" [_thread_blocked, id=20012, stack(0x000000e6e6200000,0x000000e6e6300000)]
  0x000001f42d6d3000 JavaThread "jar transforms Thread 118" [_thread_blocked, id=13040, stack(0x000000e6e6300000,0x000000e6e6400000)]
  0x000001f42d6d9800 JavaThread "jar transforms Thread 119" [_thread_blocked, id=12964, stack(0x000000e6e6400000,0x000000e6e6500000)]
  0x000001f42d6d4800 JavaThread "Memory manager" [_thread_blocked, id=26120, stack(0x000000e6e6900000,0x000000e6e6a00000)]
  0x000001f4324f2000 JavaThread "build event listener" [_thread_blocked, id=21620, stack(0x000000e6e6a00000,0x000000e6e6b00000)]
  0x000001f4324ef800 JavaThread "build event listener" [_thread_blocked, id=968, stack(0x000000e6e6b00000,0x000000e6e6c00000)]
  0x000001f4324f3000 JavaThread "Execution worker for ':'" [_thread_blocked, id=17544, stack(0x000000e6e6c00000,0x000000e6e6d00000)]
  0x000001f4324ee000 JavaThread "Execution worker for ':' Thread 2" [_thread_in_native, id=17932, stack(0x000000e6e6d00000,0x000000e6e6e00000)]
  0x000001f4324f0800 JavaThread "Execution worker for ':' Thread 3" [_thread_blocked, id=1732, stack(0x000000e6e6e00000,0x000000e6e6f00000)]
  0x000001f4324ef000 JavaThread "Execution worker for ':' Thread 4" [_thread_blocked, id=7364, stack(0x000000e6e6f00000,0x000000e6e7000000)]
  0x000001f4324f3800 JavaThread "Execution worker for ':' Thread 5" [_thread_blocked, id=20272, stack(0x000000e6e7000000,0x000000e6e7100000)]
  0x000001f4324f4800 JavaThread "Execution worker for ':' Thread 6" [_thread_blocked, id=25456, stack(0x000000e6e7100000,0x000000e6e7200000)]
  0x000001f43471c000 JavaThread "Execution worker for ':' Thread 7" [_thread_blocked, id=14748, stack(0x000000e6e7200000,0x000000e6e7300000)]
  0x000001f43471a800 JavaThread "Cache worker for execution history cache (E:\OfficeGit\Berger_Xpress_Visualizer\Berger_Visualizer\Berger Visualizer\.gradle\6.7.1\executionHistory)" [_thread_blocked, id=26408, stack(0x000000e6e7300000,0x000000e6e7400000)]
  0x000001f43471e800 JavaThread "Cache worker for Java compile cache (C:\Users\hp\.gradle\caches\6.7.1\javaCompile)" [_thread_blocked, id=6488, stack(0x000000e6e7500000,0x000000e6e7600000)]
  0x000001f43471d000 JavaThread "Cache worker for Java compile cache (E:\OfficeGit\Berger_Xpress_Visualizer\Berger_Visualizer\Berger Visualizer\.gradle\6.7.1\javaCompile)" [_thread_blocked, id=7612, stack(0x000000e6e7600000,0x000000e6e7700000)]
  0x000001f434719000 JavaThread "pool-4-thread-1" [_thread_blocked, id=22480, stack(0x000000e6e7700000,0x000000e6e7800000)]
  0x000001f43471f800 JavaThread "stderr" [_thread_in_native, id=19020, stack(0x000000e6e7800000,0x000000e6e7900000)]
  0x000001f434719800 JavaThread "stdout" [_thread_in_native, id=24404, stack(0x000000e6e7900000,0x000000e6e7a00000)]
  0x000001f434720800 JavaThread "WorkerExecutor Queue Thread 2" [_thread_blocked, id=2040, stack(0x000000e6e7a00000,0x000000e6e7b00000)]
  0x000001f434721000 JavaThread "WorkerExecutor Queue Thread 3" [_thread_blocked, id=5616, stack(0x000000e6e7b00000,0x000000e6e7c00000)]
  0x000001f43471b800 JavaThread "WorkerExecutor Queue Thread 4" [_thread_blocked, id=24832, stack(0x000000e6e7c00000,0x000000e6e7d00000)]
  0x000001f434722000 JavaThread "ForkJoinPool-1-worker-3" daemon [_thread_blocked, id=7936, stack(0x000000e6e7d00000,0x000000e6e7e00000)]
  0x000001f434722800 JavaThread "ForkJoinPool-1-worker-5" daemon [_thread_blocked, id=12660, stack(0x000000e6e7e00000,0x000000e6e7f00000)]
  0x000001f434723800 JavaThread "ForkJoinPool-1-worker-7" daemon [_thread_blocked, id=22804, stack(0x000000e6e7f00000,0x000000e6e8000000)]
  0x000001f434726000 JavaThread "ForkJoinPool-1-worker-9" daemon [_thread_blocked, id=4032, stack(0x000000e6e8000000,0x000000e6e8100000)]
  0x000001f434727000 JavaThread "ForkJoinPool-1-worker-11" daemon [_thread_blocked, id=4536, stack(0x000000e6e8100000,0x000000e6e8200000)]
  0x000001f434724800 JavaThread "ForkJoinPool-1-worker-13" daemon [_thread_blocked, id=13376, stack(0x000000e6e8200000,0x000000e6e8300000)]
  0x000001f434725000 JavaThread "ForkJoinPool-1-worker-15" daemon [_thread_blocked, id=26360, stack(0x000000e6e8300000,0x000000e6e8400000)]
  0x000001f434727800 JavaThread "ForkJoinPool-1-worker-1" daemon [_thread_blocked, id=15700, stack(0x000000e6e8400000,0x000000e6e8500000)]
  0x000001f43449a000 JavaThread "RMI Scheduler(0)" daemon [_thread_blocked, id=16432, stack(0x000000e6e8500000,0x000000e6e8600000)]
  0x000001f43449e000 JavaThread "RMI RenewClean-[127.0.0.1:17511,org.jetbrains.kotlin.daemon.common.LoopbackNetworkInterface$ClientLoopbackSocketFactory@2a6b3e02]" daemon [_thread_blocked, id=24912, stack(0x000000e6e8600000,0x000000e6e8700000)]
  0x000001f43449b800 JavaThread "RMI GC Daemon" daemon [_thread_blocked, id=18604, stack(0x000000e6e8700000,0x000000e6e8800000)]
  0x000001f43449a800 JavaThread "RMI TCP Accept-0" daemon [_thread_in_native, id=22536, stack(0x000000e6e8800000,0x000000e6e8900000)]
  0x000001f43449c800 JavaThread "RMI Reaper" [_thread_blocked, id=25888, stack(0x000000e6e8900000,0x000000e6e8a00000)]
  0x000001f43449d000 JavaThread "RMI TCP Connection(1)-127.0.0.1" daemon [_thread_in_native, id=26208, stack(0x000000e6e8a00000,0x000000e6e8b00000)]

Other Threads:
=>0x000001f42973f800 VMThread "VM Thread" [stack: 0x000000e6dbb00000,0x000000e6dbc00000] [id=15872]
  0x000001f429941000 WatcherThread [stack: 0x000000e6dc500000,0x000000e6dc600000] [id=18904]
  0x000001f40ea75000 GCTaskThread "GC Thread#0" [stack: 0x000000e6db600000,0x000000e6db700000] [id=14712]
  0x000001f42a798800 GCTaskThread "GC Thread#1" [stack: 0x000000e6dc800000,0x000000e6dc900000] [id=20396]
  0x000001f42a870000 GCTaskThread "GC Thread#2" [stack: 0x000000e6dc900000,0x000000e6dca00000] [id=19400]
  0x000001f42a86c000 GCTaskThread "GC Thread#3" [stack: 0x000000e6dca00000,0x000000e6dcb00000] [id=26956]
  0x000001f42a693800 GCTaskThread "GC Thread#4" [stack: 0x000000e6dcb00000,0x000000e6dcc00000] [id=4564]
  0x000001f42a694800 GCTaskThread "GC Thread#5" [stack: 0x000000e6dcc00000,0x000000e6dcd00000] [id=9532]
  0x000001f42c213800 GCTaskThread "GC Thread#6" [stack: 0x000000e6dd400000,0x000000e6dd500000] [id=24168]
  0x000001f42b895000 GCTaskThread "GC Thread#7" [stack: 0x000000e6dda00000,0x000000e6ddb00000] [id=11620]
  0x000001f40eaa7000 ConcurrentGCThread "G1 Main Marker" [stack: 0x000000e6db700000,0x000000e6db800000] [id=24536]
  0x000001f40eaa9000 ConcurrentGCThread "G1 Conc#0" [stack: 0x000000e6db800000,0x000000e6db900000] [id=13552]
  0x000001f42cd8b800 ConcurrentGCThread "G1 Conc#1" [stack: 0x000000e6ddb00000,0x000000e6ddc00000] [id=22600]
  0x000001f428d88800 ConcurrentGCThread "G1 Refine#0" [stack: 0x000000e6db900000,0x000000e6dba00000] [id=22228]
  0x000001f42d6e1000 ConcurrentGCThread "G1 Refine#1" [stack: 0x000000e6e6500000,0x000000e6e6600000] [id=11188]
  0x000001f42bd7b800 ConcurrentGCThread "G1 Refine#2" [stack: 0x000000e6e6600000,0x000000e6e6700000] [id=26576]
  0x000001f42bf6a000 ConcurrentGCThread "G1 Refine#3" [stack: 0x000000e6e6700000,0x000000e6e6800000] [id=22800]
  0x000001f42d3e5800 ConcurrentGCThread "G1 Refine#4" [stack: 0x000000e6e6800000,0x000000e6e6900000] [id=10448]
  0x000001f428d89800 ConcurrentGCThread "G1 Young RemSet Sampling" [stack: 0x000000e6dba00000,0x000000e6dbb00000] [id=20796]

Threads with active compile tasks:
C2 CompilerThread0  21519 16552 %     4       com.android.tools.r8.dex.A::a @ 31 (3938 bytes)
C2 CompilerThread1  21519 16760       4       com.android.tools.r8.graph.C::hashCode (23 bytes)
C2 CompilerThread2  21520 16754       4       com.android.tools.r8.graph.C::equals (57 bytes)

VM state:at safepoint (normal execution)

VM Mutex/Monitor currently owned by a thread:  ([mutex/lock_event])
[0x000001f40ea56820] Threads_lock - owner thread: 0x000001f42973f800
[0x000001f40ea58050] Heap_lock - owner thread: 0x000001f434727800

Heap address: 0x0000000080000000, size: 2048 MB, Compressed Oops mode: 32-bit
Narrow klass base: 0x0000000000000000, Narrow klass shift: 3
Compressed class space size: 1073741824 Address: 0x0000000100000000

Heap:
 garbage-first heap   total 752640K, used 277867K [0x0000000080000000, 0x0000000100000000)
  region size 1024K, 7 young (7168K), 7 survivors (7168K)
 Metaspace       used 110173K, capacity 113000K, committed 113280K, reserved 1146880K
  class space    used 14104K, capacity 15142K, committed 15232K, reserved 1048576K
Heap Regions: E=young(eden), S=young(survivor), O=old, HS=humongous(starts), HC=humongous(continues), CS=collection set, F=free, A=archive, TAMS=top-at-mark-start (previous, next)
|   0|0x0000000080000000, 0x0000000080100000, 0x0000000080100000|100%| O|  |TAMS 0x0000000080100000, 0x0000000080000000| Untracked 
|   1|0x0000000080100000, 0x0000000080200000, 0x0000000080200000|100%| O|  |TAMS 0x0000000080200000, 0x0000000080100000| Untracked 
|   2|0x0000000080200000, 0x0000000080300000, 0x0000000080300000|100%| O|  |TAMS 0x0000000080300000, 0x0000000080200000| Untracked 
|   3|0x0000000080300000, 0x0000000080400000, 0x0000000080400000|100%|HS|  |TAMS 0x0000000080400000, 0x0000000080300000| Complete 
|   4|0x0000000080400000, 0x0000000080500000, 0x0000000080500000|100%|HC|  |TAMS 0x0000000080500000, 0x0000000080400000| Complete 
|   5|0x0000000080500000, 0x0000000080600000, 0x0000000080600000|100%|HC|  |TAMS 0x0000000080600000, 0x0000000080500000| Complete 
|   6|0x0000000080600000, 0x0000000080700000, 0x0000000080700000|100%| O|  |TAMS 0x0000000080700000, 0x0000000080600000| Untracked 
|   7|0x0000000080700000, 0x0000000080800000, 0x0000000080800000|100%| O|  |TAMS 0x0000000080800000, 0x0000000080700000| Untracked 
|   8|0x0000000080800000, 0x0000000080900000, 0x0000000080900000|100%| O|  |TAMS 0x0000000080900000, 0x0000000080800000| Untracked 
|   9|0x0000000080900000, 0x0000000080a00000, 0x0000000080a00000|100%| O|  |TAMS 0x0000000080a00000, 0x0000000080900000| Untracked 
|  10|0x0000000080a00000, 0x0000000080b00000, 0x0000000080b00000|100%| O|  |TAMS 0x0000000080b00000, 0x0000000080a00000| Untracked 
|  11|0x0000000080b00000, 0x0000000080c00000, 0x0000000080c00000|100%| O|  |TAMS 0x0000000080c00000, 0x0000000080b00000| Untracked 
|  12|0x0000000080c00000, 0x0000000080d00000, 0x0000000080d00000|100%| O|  |TAMS 0x0000000080d00000, 0x0000000080c00000| Untracked 
|  13|0x0000000080d00000, 0x0000000080e00000, 0x0000000080e00000|100%| O|  |TAMS 0x0000000080e00000, 0x0000000080d00000| Untracked 
|  14|0x0000000080e00000, 0x0000000080f00000, 0x0000000080f00000|100%| O|  |TAMS 0x0000000080f00000, 0x0000000080e00000| Untracked 
|  15|0x0000000080f00000, 0x0000000081000000, 0x0000000081000000|100%| O|  |TAMS 0x0000000081000000, 0x0000000080f00000| Untracked 
|  16|0x0000000081000000, 0x0000000081100000, 0x0000000081100000|100%|HS|  |TAMS 0x0000000081100000, 0x0000000081000000| Complete 
|  17|0x0000000081100000, 0x0000000081200000, 0x0000000081200000|100%|HS|  |TAMS 0x0000000081200000, 0x0000000081100000| Complete 
|  18|0x0000000081200000, 0x0000000081300000, 0x0000000081300000|100%|HS|  |TAMS 0x0000000081300000, 0x0000000081200000| Complete 
|  19|0x0000000081300000, 0x0000000081400000, 0x0000000081400000|100%|HC|  |TAMS 0x0000000081400000, 0x0000000081300000| Complete 
|  20|0x0000000081400000, 0x0000000081500000, 0x0000000081500000|100%|HC|  |TAMS 0x0000000081500000, 0x0000000081400000| Complete 
|  21|0x0000000081500000, 0x0000000081600000, 0x0000000081600000|100%|HS|  |TAMS 0x0000000081600000, 0x0000000081500000| Complete 
|  22|0x0000000081600000, 0x0000000081700000, 0x0000000081700000|100%|HC|  |TAMS 0x0000000081700000, 0x0000000081600000| Complete 
|  23|0x0000000081700000, 0x0000000081800000, 0x0000000081800000|100%| O|  |TAMS 0x0000000081800000, 0x0000000081700000| Untracked 
|  24|0x0000000081800000, 0x0000000081900000, 0x0000000081900000|100%| O|  |TAMS 0x0000000081900000, 0x0000000081800000| Untracked 
|  25|0x0000000081900000, 0x0000000081a00000, 0x0000000081a00000|100%| O|  |TAMS 0x0000000081a00000, 0x0000000081900000| Untracked 
|  26|0x0000000081a00000, 0x0000000081b00000, 0x0000000081b00000|100%| O|  |TAMS 0x0000000081b00000, 0x0000000081a00000| Untracked 
|  27|0x0000000081b00000, 0x0000000081c00000, 0x0000000081c00000|100%|HS|  |TAMS 0x0000000081c00000, 0x0000000081b00000| Complete 
|  28|0x0000000081c00000, 0x0000000081d00000, 0x0000000081d00000|100%| O|  |TAMS 0x0000000081d00000, 0x0000000081c00000| Untracked 
|  29|0x0000000081d00000, 0x0000000081e00000, 0x0000000081e00000|100%| O|  |TAMS 0x0000000081e00000, 0x0000000081d00000| Untracked 
|  30|0x0000000081e00000, 0x0000000081f00000, 0x0000000081f00000|100%| O|  |TAMS 0x0000000081f00000, 0x0000000081e00000| Untracked 
|  31|0x0000000081f00000, 0x0000000082000000, 0x0000000082000000|100%| O|  |TAMS 0x0000000082000000, 0x0000000081f00000| Untracked 
|  32|0x0000000082000000, 0x0000000082100000, 0x0000000082100000|100%| O|  |TAMS 0x0000000082100000, 0x0000000082000000| Untracked 
|  33|0x0000000082100000, 0x0000000082200000, 0x0000000082200000|100%| O|  |TAMS 0x0000000082200000, 0x0000000082100000| Untracked 
|  34|0x0000000082200000, 0x0000000082300000, 0x0000000082300000|100%| O|  |TAMS 0x0000000082300000, 0x0000000082200000| Untracked 
|  35|0x0000000082300000, 0x0000000082400000, 0x0000000082400000|100%| O|  |TAMS 0x0000000082400000, 0x0000000082300000| Untracked 
|  36|0x0000000082400000, 0x0000000082500000, 0x0000000082500000|100%| O|  |TAMS 0x0000000082500000, 0x0000000082400000| Untracked 
|  37|0x0000000082500000, 0x0000000082600000, 0x0000000082600000|100%| O|  |TAMS 0x0000000082600000, 0x0000000082500000| Untracked 
|  38|0x0000000082600000, 0x0000000082700000, 0x0000000082700000|100%| O|  |TAMS 0x0000000082700000, 0x0000000082600000| Untracked 
|  39|0x0000000082700000, 0x0000000082800000, 0x0000000082800000|100%| O|  |TAMS 0x0000000082800000, 0x0000000082700000| Untracked 
|  40|0x0000000082800000, 0x0000000082900000, 0x0000000082900000|100%| O|  |TAMS 0x0000000082900000, 0x0000000082800000| Untracked 
|  41|0x0000000082900000, 0x0000000082a00000, 0x0000000082a00000|100%| O|  |TAMS 0x0000000082a00000, 0x0000000082900000| Untracked 
|  42|0x0000000082a00000, 0x0000000082b00000, 0x0000000082b00000|100%| O|  |TAMS 0x0000000082b00000, 0x0000000082a00000| Untracked 
|  43|0x0000000082b00000, 0x0000000082c00000, 0x0000000082c00000|100%| O|  |TAMS 0x0000000082c00000, 0x0000000082b00000| Untracked 
|  44|0x0000000082c00000, 0x0000000082d00000, 0x0000000082d00000|100%| O|  |TAMS 0x0000000082d00000, 0x0000000082c00000| Untracked 
|  45|0x0000000082d00000, 0x0000000082e00000, 0x0000000082e00000|100%| O|  |TAMS 0x0000000082e00000, 0x0000000082d00000| Untracked 
|  46|0x0000000082e00000, 0x0000000082f00000, 0x0000000082f00000|100%| O|  |TAMS 0x0000000082f00000, 0x0000000082e00000| Untracked 
|  47|0x0000000082f00000, 0x0000000083000000, 0x0000000083000000|100%| O|  |TAMS 0x0000000083000000, 0x0000000082f00000| Untracked 
|  48|0x0000000083000000, 0x0000000083100000, 0x0000000083100000|100%| O|  |TAMS 0x0000000083100000, 0x0000000083000000| Untracked 
|  49|0x0000000083100000, 0x0000000083200000, 0x0000000083200000|100%| O|  |TAMS 0x0000000083200000, 0x0000000083100000| Untracked 
|  50|0x0000000083200000, 0x0000000083300000, 0x0000000083300000|100%| O|  |TAMS 0x0000000083300000, 0x0000000083200000| Untracked 
|  51|0x0000000083300000, 0x0000000083400000, 0x0000000083400000|100%| O|  |TAMS 0x0000000083400000, 0x0000000083300000| Untracked 
|  52|0x0000000083400000, 0x0000000083500000, 0x0000000083500000|100%| O|  |TAMS 0x0000000083500000, 0x0000000083400000| Untracked 
|  53|0x0000000083500000, 0x0000000083600000, 0x0000000083600000|100%| O|  |TAMS 0x0000000083600000, 0x0000000083500000| Untracked 
|  54|0x0000000083600000, 0x0000000083700000, 0x0000000083700000|100%| O|  |TAMS 0x0000000083700000, 0x0000000083600000| Untracked 
|  55|0x0000000083700000, 0x0000000083800000, 0x0000000083800000|100%| O|  |TAMS 0x0000000083800000, 0x0000000083700000| Untracked 
|  56|0x0000000083800000, 0x0000000083900000, 0x0000000083900000|100%| O|  |TAMS 0x0000000083900000, 0x0000000083800000| Untracked 
|  57|0x0000000083900000, 0x0000000083a00000, 0x0000000083a00000|100%| O|  |TAMS 0x0000000083a00000, 0x0000000083900000| Untracked 
|  58|0x0000000083a00000, 0x0000000083b00000, 0x0000000083b00000|100%|HS|  |TAMS 0x0000000083b00000, 0x0000000083a00000| Complete 
|  59|0x0000000083b00000, 0x0000000083c00000, 0x0000000083c00000|100%| O|  |TAMS 0x0000000083c00000, 0x0000000083b00000| Untracked 
|  60|0x0000000083c00000, 0x0000000083d00000, 0x0000000083d00000|100%| O|  |TAMS 0x0000000083d00000, 0x0000000083c00000| Untracked 
|  61|0x0000000083d00000, 0x0000000083e00000, 0x0000000083e00000|100%| O|  |TAMS 0x0000000083e00000, 0x0000000083d00000| Untracked 
|  62|0x0000000083e00000, 0x0000000083f00000, 0x0000000083f00000|100%| O|  |TAMS 0x0000000083f00000, 0x0000000083e00000| Untracked 
|  63|0x0000000083f00000, 0x0000000084000000, 0x0000000084000000|100%| O|  |TAMS 0x0000000084000000, 0x0000000083f00000| Untracked 
|  64|0x0000000084000000, 0x0000000084100000, 0x0000000084100000|100%| O|  |TAMS 0x0000000084100000, 0x0000000084000000| Untracked 
|  65|0x0000000084100000, 0x0000000084200000, 0x0000000084200000|100%| O|  |TAMS 0x0000000084200000, 0x0000000084100000| Untracked 
|  66|0x0000000084200000, 0x0000000084300000, 0x0000000084300000|100%| O|  |TAMS 0x0000000084300000, 0x0000000084200000| Untracked 
|  67|0x0000000084300000, 0x0000000084400000, 0x0000000084400000|100%| O|  |TAMS 0x0000000084400000, 0x0000000084300000| Untracked 
|  68|0x0000000084400000, 0x0000000084500000, 0x0000000084500000|100%| O|  |TAMS 0x0000000084500000, 0x0000000084400000| Untracked 
|  69|0x0000000084500000, 0x0000000084600000, 0x0000000084600000|100%| O|  |TAMS 0x0000000084600000, 0x0000000084500000| Untracked 
|  70|0x0000000084600000, 0x0000000084700000, 0x0000000084700000|100%| O|  |TAMS 0x0000000084700000, 0x0000000084600000| Untracked 
|  71|0x0000000084700000, 0x0000000084800000, 0x0000000084800000|100%| O|  |TAMS 0x0000000084800000, 0x0000000084700000| Untracked 
|  72|0x0000000084800000, 0x0000000084900000, 0x0000000084900000|100%|HS|  |TAMS 0x0000000084900000, 0x0000000084800000| Complete 
|  73|0x0000000084900000, 0x0000000084a00000, 0x0000000084a00000|100%|HS|  |TAMS 0x0000000084a00000, 0x0000000084900000| Complete 
|  74|0x0000000084a00000, 0x0000000084b00000, 0x0000000084b00000|100%|HC|  |TAMS 0x0000000084b00000, 0x0000000084a00000| Complete 
|  75|0x0000000084b00000, 0x0000000084c00000, 0x0000000084c00000|100%| O|  |TAMS 0x0000000084c00000, 0x0000000084b00000| Untracked 
|  76|0x0000000084c00000, 0x0000000084d00000, 0x0000000084d00000|100%| O|  |TAMS 0x0000000084d00000, 0x0000000084c00000| Untracked 
|  77|0x0000000084d00000, 0x0000000084e00000, 0x0000000084e00000|100%| O|  |TAMS 0x0000000084e00000, 0x0000000084d00000| Untracked 
|  78|0x0000000084e00000, 0x0000000084f00000, 0x0000000084f00000|100%| O|  |TAMS 0x0000000084f00000, 0x0000000084e00000| Untracked 
|  79|0x0000000084f00000, 0x0000000085000000, 0x0000000085000000|100%| O|  |TAMS 0x0000000085000000, 0x0000000084f00000| Untracked 
|  80|0x0000000085000000, 0x0000000085100000, 0x0000000085100000|100%| O|  |TAMS 0x0000000085100000, 0x0000000085000000| Untracked 
|  81|0x0000000085100000, 0x0000000085200000, 0x0000000085200000|100%| O|  |TAMS 0x0000000085200000, 0x0000000085100000| Untracked 
|  82|0x0000000085200000, 0x0000000085300000, 0x0000000085300000|100%| O|  |TAMS 0x0000000085300000, 0x0000000085200000| Untracked 
|  83|0x0000000085300000, 0x0000000085400000, 0x0000000085400000|100%| O|  |TAMS 0x0000000085400000, 0x0000000085300000| Untracked 
|  84|0x0000000085400000, 0x0000000085500000, 0x0000000085500000|100%| O|  |TAMS 0x0000000085500000, 0x0000000085400000| Untracked 
|  85|0x0000000085500000, 0x0000000085600000, 0x0000000085600000|100%| O|  |TAMS 0x0000000085600000, 0x0000000085500000| Untracked 
|  86|0x0000000085600000, 0x0000000085700000, 0x0000000085700000|100%|HS|  |TAMS 0x0000000085700000, 0x0000000085600000| Complete 
|  87|0x0000000085700000, 0x0000000085800000, 0x0000000085800000|100%|HS|  |TAMS 0x0000000085800000, 0x0000000085700000| Complete 
|  88|0x0000000085800000, 0x0000000085900000, 0x0000000085900000|100%|HC|  |TAMS 0x0000000085900000, 0x0000000085800000| Complete 
|  89|0x0000000085900000, 0x0000000085a00000, 0x0000000085a00000|100%| O|  |TAMS 0x0000000085a00000, 0x0000000085900000| Untracked 
|  90|0x0000000085a00000, 0x0000000085b00000, 0x0000000085b00000|100%|HS|  |TAMS 0x0000000085b00000, 0x0000000085a00000| Complete 
|  91|0x0000000085b00000, 0x0000000085c00000, 0x0000000085c00000|100%|HC|  |TAMS 0x0000000085c00000, 0x0000000085b00000| Complete 
|  92|0x0000000085c00000, 0x0000000085d00000, 0x0000000085d00000|100%| O|  |TAMS 0x0000000085d00000, 0x0000000085c00000| Untracked 
|  93|0x0000000085d00000, 0x0000000085e00000, 0x0000000085e00000|100%| O|  |TAMS 0x0000000085e00000, 0x0000000085d00000| Untracked 
|  94|0x0000000085e00000, 0x0000000085f00000, 0x0000000085f00000|100%| O|  |TAMS 0x0000000085f00000, 0x0000000085e00000| Untracked 
|  95|0x0000000085f00000, 0x0000000086000000, 0x0000000086000000|100%| O|  |TAMS 0x0000000086000000, 0x0000000085f00000| Untracked 
|  96|0x0000000086000000, 0x0000000086100000, 0x0000000086100000|100%| O|  |TAMS 0x0000000086100000, 0x0000000086000000| Untracked 
|  97|0x0000000086100000, 0x0000000086200000, 0x0000000086200000|100%| O|  |TAMS 0x0000000086200000, 0x0000000086100000| Untracked 
|  98|0x0000000086200000, 0x0000000086300000, 0x0000000086300000|100%| O|  |TAMS 0x0000000086300000, 0x0000000086200000| Untracked 
|  99|0x0000000086300000, 0x0000000086400000, 0x0000000086400000|100%| O|  |TAMS 0x0000000086400000, 0x0000000086300000| Untracked 
| 100|0x0000000086400000, 0x0000000086500000, 0x0000000086500000|100%| O|  |TAMS 0x0000000086500000, 0x0000000086400000| Untracked 
| 101|0x0000000086500000, 0x0000000086600000, 0x0000000086600000|100%| O|  |TAMS 0x0000000086600000, 0x0000000086500000| Untracked 
| 102|0x0000000086600000, 0x0000000086700000, 0x0000000086700000|100%|HS|  |TAMS 0x0000000086700000, 0x0000000086600000| Complete 
| 103|0x0000000086700000, 0x0000000086800000, 0x0000000086800000|100%|HS|  |TAMS 0x0000000086800000, 0x0000000086700000| Complete 
| 104|0x0000000086800000, 0x0000000086900000, 0x0000000086900000|100%| O|  |TAMS 0x0000000086900000, 0x0000000086800000| Untracked 
| 105|0x0000000086900000, 0x0000000086a00000, 0x0000000086a00000|100%| O|  |TAMS 0x0000000086a00000, 0x0000000086900000| Untracked 
| 106|0x0000000086a00000, 0x0000000086b00000, 0x0000000086b00000|100%| O|  |TAMS 0x0000000086b00000, 0x0000000086a00000| Untracked 
| 107|0x0000000086b00000, 0x0000000086c00000, 0x0000000086c00000|100%| O|  |TAMS 0x0000000086c00000, 0x0000000086b00000| Untracked 
| 108|0x0000000086c00000, 0x0000000086d00000, 0x0000000086d00000|100%| O|  |TAMS 0x0000000086d00000, 0x0000000086c00000| Untracked 
| 109|0x0000000086d00000, 0x0000000086e00000, 0x0000000086e00000|100%| O|  |TAMS 0x0000000086e00000, 0x0000000086d00000| Untracked 
| 110|0x0000000086e00000, 0x0000000086f00000, 0x0000000086f00000|100%| O|  |TAMS 0x0000000086f00000, 0x0000000086e00000| Untracked 
| 111|0x0000000086f00000, 0x0000000087000000, 0x0000000087000000|100%| O|  |TAMS 0x0000000087000000, 0x0000000086f00000| Untracked 
| 112|0x0000000087000000, 0x0000000087100000, 0x0000000087100000|100%| O|  |TAMS 0x0000000087100000, 0x0000000087000000| Untracked 
| 113|0x0000000087100000, 0x0000000087200000, 0x0000000087200000|100%| O|  |TAMS 0x0000000087200000, 0x0000000087100000| Untracked 
| 114|0x0000000087200000, 0x0000000087300000, 0x0000000087300000|100%| O|  |TAMS 0x0000000087300000, 0x0000000087200000| Untracked 
| 115|0x0000000087300000, 0x0000000087400000, 0x0000000087400000|100%| O|  |TAMS 0x0000000087400000, 0x0000000087300000| Untracked 
| 116|0x0000000087400000, 0x0000000087500000, 0x0000000087500000|100%| O|  |TAMS 0x0000000087500000, 0x0000000087400000| Untracked 
| 117|0x0000000087500000, 0x0000000087600000, 0x0000000087600000|100%| O|  |TAMS 0x0000000087600000, 0x0000000087500000| Untracked 
| 118|0x0000000087600000, 0x0000000087700000, 0x0000000087700000|100%| O|  |TAMS 0x0000000087700000, 0x0000000087600000| Untracked 
| 119|0x0000000087700000, 0x0000000087800000, 0x0000000087800000|100%| O|  |TAMS 0x0000000087800000, 0x0000000087700000| Untracked 
| 120|0x0000000087800000, 0x0000000087900000, 0x0000000087900000|100%| O|  |TAMS 0x0000000087900000, 0x0000000087800000| Untracked 
| 121|0x0000000087900000, 0x0000000087a00000, 0x0000000087a00000|100%| O|  |TAMS 0x0000000087a00000, 0x0000000087900000| Untracked 
| 122|0x0000000087a00000, 0x0000000087b00000, 0x0000000087b00000|100%| O|  |TAMS 0x0000000087b00000, 0x0000000087a00000| Untracked 
| 123|0x0000000087b00000, 0x0000000087c00000, 0x0000000087c00000|100%|HS|  |TAMS 0x0000000087c00000, 0x0000000087b00000| Complete 
| 124|0x0000000087c00000, 0x0000000087d00000, 0x0000000087d00000|100%|HC|  |TAMS 0x0000000087d00000, 0x0000000087c00000| Complete 
| 125|0x0000000087d00000, 0x0000000087e00000, 0x0000000087e00000|100%| O|  |TAMS 0x0000000087e00000, 0x0000000087d00000| Untracked 
| 126|0x0000000087e00000, 0x0000000087f00000, 0x0000000087f00000|100%| O|  |TAMS 0x0000000087f00000, 0x0000000087e00000| Untracked 
| 127|0x0000000087f00000, 0x0000000088000000, 0x0000000088000000|100%|HS|  |TAMS 0x0000000088000000, 0x0000000087f00000| Complete 
| 128|0x0000000088000000, 0x0000000088100000, 0x0000000088100000|100%|HC|  |TAMS 0x0000000088100000, 0x0000000088000000| Complete 
| 129|0x0000000088100000, 0x0000000088200000, 0x0000000088200000|100%|HC|  |TAMS 0x0000000088200000, 0x0000000088100000| Complete 
| 130|0x0000000088200000, 0x0000000088300000, 0x0000000088300000|100%| O|  |TAMS 0x0000000088300000, 0x0000000088200000| Untracked 
| 131|0x0000000088300000, 0x0000000088400000, 0x0000000088400000|100%|HS|  |TAMS 0x0000000088400000, 0x0000000088300000| Complete 
| 132|0x0000000088400000, 0x0000000088500000, 0x0000000088500000|100%|HS|  |TAMS 0x0000000088500000, 0x0000000088400000| Complete 
| 133|0x0000000088500000, 0x0000000088600000, 0x0000000088600000|100%|HS|  |TAMS 0x0000000088600000, 0x0000000088500000| Complete 
| 134|0x0000000088600000, 0x0000000088700000, 0x0000000088700000|100%| O|  |TAMS 0x0000000088700000, 0x0000000088600000| Untracked 
| 135|0x0000000088700000, 0x0000000088800000, 0x0000000088800000|100%| O|  |TAMS 0x0000000088800000, 0x0000000088700000| Untracked 
| 136|0x0000000088800000, 0x0000000088900000, 0x0000000088900000|100%| O|  |TAMS 0x0000000088900000, 0x0000000088800000| Untracked 
| 137|0x0000000088900000, 0x0000000088a00000, 0x0000000088a00000|100%| O|  |TAMS 0x0000000088a00000, 0x0000000088900000| Untracked 
| 138|0x0000000088a00000, 0x0000000088b00000, 0x0000000088b00000|100%| O|  |TAMS 0x0000000088b00000, 0x0000000088a00000| Untracked 
| 139|0x0000000088b00000, 0x0000000088c00000, 0x0000000088c00000|100%| O|  |TAMS 0x0000000088c00000, 0x0000000088b00000| Untracked 
| 140|0x0000000088c00000, 0x0000000088d00000, 0x0000000088d00000|100%| O|  |TAMS 0x0000000088d00000, 0x0000000088c00000| Untracked 
| 141|0x0000000088d00000, 0x0000000088e00000, 0x0000000088e00000|100%| O|  |TAMS 0x0000000088e00000, 0x0000000088d00000| Untracked 
| 142|0x0000000088e00000, 0x0000000088f00000, 0x0000000088f00000|100%| O|  |TAMS 0x0000000088f00000, 0x0000000088e00000| Untracked 
| 143|0x0000000088f00000, 0x0000000089000000, 0x0000000089000000|100%| O|  |TAMS 0x0000000089000000, 0x0000000088f00000| Untracked 
| 144|0x0000000089000000, 0x0000000089100000, 0x0000000089100000|100%| O|  |TAMS 0x0000000089100000, 0x0000000089000000| Untracked 
| 145|0x0000000089100000, 0x0000000089200000, 0x0000000089200000|100%|HS|  |TAMS 0x0000000089200000, 0x0000000089100000| Complete 
| 146|0x0000000089200000, 0x0000000089300000, 0x0000000089300000|100%|HC|  |TAMS 0x0000000089300000, 0x0000000089200000| Complete 
| 147|0x0000000089300000, 0x0000000089400000, 0x0000000089400000|100%|HC|  |TAMS 0x0000000089400000, 0x0000000089300000| Complete 
| 148|0x0000000089400000, 0x0000000089500000, 0x0000000089500000|100%|HS|  |TAMS 0x0000000089500000, 0x0000000089400000| Complete 
| 149|0x0000000089500000, 0x0000000089600000, 0x0000000089600000|100%| O|  |TAMS 0x0000000089600000, 0x0000000089500000| Untracked 
| 150|0x0000000089600000, 0x0000000089700000, 0x0000000089700000|100%|HS|  |TAMS 0x0000000089700000, 0x0000000089600000| Complete 
| 151|0x0000000089700000, 0x0000000089800000, 0x0000000089800000|100%| O|  |TAMS 0x0000000089800000, 0x0000000089700000| Untracked 
| 152|0x0000000089800000, 0x0000000089900000, 0x0000000089900000|100%|HS|  |TAMS 0x0000000089900000, 0x0000000089800000| Complete 
| 153|0x0000000089900000, 0x0000000089a00000, 0x0000000089a00000|100%| O|  |TAMS 0x0000000089a00000, 0x0000000089900000| Untracked 
| 154|0x0000000089a00000, 0x0000000089b00000, 0x0000000089b00000|100%| O|  |TAMS 0x0000000089b00000, 0x0000000089a00000| Untracked 
| 155|0x0000000089b00000, 0x0000000089c00000, 0x0000000089c00000|100%| O|  |TAMS 0x0000000089c00000, 0x0000000089b00000| Untracked 
| 156|0x0000000089c00000, 0x0000000089d00000, 0x0000000089d00000|100%| O|  |TAMS 0x0000000089d00000, 0x0000000089c00000| Untracked 
| 157|0x0000000089d00000, 0x0000000089e00000, 0x0000000089e00000|100%| O|  |TAMS 0x0000000089e00000, 0x0000000089d00000| Untracked 
| 158|0x0000000089e00000, 0x0000000089f00000, 0x0000000089f00000|100%| O|  |TAMS 0x0000000089f00000, 0x0000000089e00000| Untracked 
| 159|0x0000000089f00000, 0x000000008a000000, 0x000000008a000000|100%| O|  |TAMS 0x000000008a000000, 0x0000000089f00000| Untracked 
| 160|0x000000008a000000, 0x000000008a100000, 0x000000008a100000|100%| O|  |TAMS 0x000000008a100000, 0x000000008a000000| Untracked 
| 161|0x000000008a100000, 0x000000008a200000, 0x000000008a200000|100%| O|  |TAMS 0x000000008a200000, 0x000000008a100000| Untracked 
| 162|0x000000008a200000, 0x000000008a300000, 0x000000008a300000|100%| O|  |TAMS 0x000000008a300000, 0x000000008a200000| Untracked 
| 163|0x000000008a300000, 0x000000008a400000, 0x000000008a400000|100%| O|  |TAMS 0x000000008a400000, 0x000000008a300000| Untracked 
| 164|0x000000008a400000, 0x000000008a500000, 0x000000008a500000|100%| O|  |TAMS 0x000000008a500000, 0x000000008a400000| Untracked 
| 165|0x000000008a500000, 0x000000008a600000, 0x000000008a600000|100%| O|  |TAMS 0x000000008a600000, 0x000000008a500000| Untracked 
| 166|0x000000008a600000, 0x000000008a700000, 0x000000008a700000|100%| O|  |TAMS 0x000000008a700000, 0x000000008a600000| Untracked 
| 167|0x000000008a700000, 0x000000008a800000, 0x000000008a800000|100%| O|  |TAMS 0x000000008a800000, 0x000000008a700000| Untracked 
| 168|0x000000008a800000, 0x000000008a900000, 0x000000008a900000|100%| O|  |TAMS 0x000000008a900000, 0x000000008a800000| Untracked 
| 169|0x000000008a900000, 0x000000008aa00000, 0x000000008aa00000|100%| O|  |TAMS 0x000000008aa00000, 0x000000008a900000| Untracked 
| 170|0x000000008aa00000, 0x000000008ab00000, 0x000000008ab00000|100%| O|  |TAMS 0x000000008ab00000, 0x000000008aa00000| Untracked 
| 171|0x000000008ab00000, 0x000000008ac00000, 0x000000008ac00000|100%| O|  |TAMS 0x000000008ac00000, 0x000000008ab00000| Untracked 
| 172|0x000000008ac00000, 0x000000008ad00000, 0x000000008ad00000|100%| O|  |TAMS 0x000000008ad00000, 0x000000008ac00000| Untracked 
| 173|0x000000008ad00000, 0x000000008ae00000, 0x000000008ae00000|100%| O|  |TAMS 0x000000008ae00000, 0x000000008ad00000| Untracked 
| 174|0x000000008ae00000, 0x000000008af00000, 0x000000008af00000|100%| O|  |TAMS 0x000000008af00000, 0x000000008ae00000| Untracked 
| 175|0x000000008af00000, 0x000000008b000000, 0x000000008b000000|100%| O|  |TAMS 0x000000008b000000, 0x000000008af00000| Untracked 
| 176|0x000000008b000000, 0x000000008b100000, 0x000000008b100000|100%| O|  |TAMS 0x000000008b100000, 0x000000008b000000| Untracked 
| 177|0x000000008b100000, 0x000000008b200000, 0x000000008b200000|100%| O|  |TAMS 0x000000008b200000, 0x000000008b100000| Untracked 
| 178|0x000000008b200000, 0x000000008b300000, 0x000000008b300000|100%| O|  |TAMS 0x000000008b300000, 0x000000008b200000| Untracked 
| 179|0x000000008b300000, 0x000000008b400000, 0x000000008b400000|100%| O|  |TAMS 0x000000008b400000, 0x000000008b300000| Untracked 
| 180|0x000000008b400000, 0x000000008b500000, 0x000000008b500000|100%| O|  |TAMS 0x000000008b500000, 0x000000008b400000| Untracked 
| 181|0x000000008b500000, 0x000000008b600000, 0x000000008b600000|100%| O|  |TAMS 0x000000008b600000, 0x000000008b500000| Untracked 
| 182|0x000000008b600000, 0x000000008b700000, 0x000000008b700000|100%| O|  |TAMS 0x000000008b700000, 0x000000008b600000| Untracked 
| 183|0x000000008b700000, 0x000000008b800000, 0x000000008b800000|100%| O|  |TAMS 0x000000008b800000, 0x000000008b700000| Untracked 
| 184|0x000000008b800000, 0x000000008b900000, 0x000000008b900000|100%| O|  |TAMS 0x000000008b900000, 0x000000008b800000| Untracked 
| 185|0x000000008b900000, 0x000000008ba00000, 0x000000008ba00000|100%| O|  |TAMS 0x000000008ba00000, 0x000000008b900000| Untracked 
| 186|0x000000008ba00000, 0x000000008bb00000, 0x000000008bb00000|100%| O|  |TAMS 0x000000008bb00000, 0x000000008ba00000| Untracked 
| 187|0x000000008bb00000, 0x000000008bc00000, 0x000000008bc00000|100%| O|  |TAMS 0x000000008bc00000, 0x000000008bb00000| Untracked 
| 188|0x000000008bc00000, 0x000000008bd00000, 0x000000008bd00000|100%| O|  |TAMS 0x000000008bd00000, 0x000000008bc00000| Untracked 
| 189|0x000000008bd00000, 0x000000008be00000, 0x000000008be00000|100%| O|  |TAMS 0x000000008bd39200, 0x000000008bd00000| Untracked 
| 190|0x000000008be00000, 0x000000008bf00000, 0x000000008bf00000|100%| O|  |TAMS 0x000000008be00000, 0x000000008be00000| Untracked 
| 191|0x000000008bf00000, 0x000000008c000000, 0x000000008c000000|100%| O|  |TAMS 0x000000008bf00000, 0x000000008bf00000| Untracked 
| 192|0x000000008c000000, 0x000000008c100000, 0x000000008c100000|100%| O|  |TAMS 0x000000008c000000, 0x000000008c000000| Untracked 
| 193|0x000000008c100000, 0x000000008c200000, 0x000000008c200000|100%| O|  |TAMS 0x000000008c100000, 0x000000008c100000| Untracked 
| 194|0x000000008c200000, 0x000000008c300000, 0x000000008c300000|100%| O|  |TAMS 0x000000008c200000, 0x000000008c200000| Untracked 
| 195|0x000000008c300000, 0x000000008c400000, 0x000000008c400000|100%| O|  |TAMS 0x000000008c300000, 0x000000008c300000| Untracked 
| 196|0x000000008c400000, 0x000000008c500000, 0x000000008c500000|100%| O|  |TAMS 0x000000008c400000, 0x000000008c400000| Untracked 
| 197|0x000000008c500000, 0x000000008c600000, 0x000000008c600000|100%| O|  |TAMS 0x000000008c500000, 0x000000008c500000| Untracked 
| 198|0x000000008c600000, 0x000000008c700000, 0x000000008c700000|100%| O|  |TAMS 0x000000008c600000, 0x000000008c600000| Untracked 
| 199|0x000000008c700000, 0x000000008c800000, 0x000000008c800000|100%| O|  |TAMS 0x000000008c700000, 0x000000008c700000| Untracked 
| 200|0x000000008c800000, 0x000000008c900000, 0x000000008c900000|100%| O|  |TAMS 0x000000008c800000, 0x000000008c800000| Untracked 
| 201|0x000000008c900000, 0x000000008ca00000, 0x000000008ca00000|100%| O|  |TAMS 0x000000008c900000, 0x000000008c900000| Untracked 
| 202|0x000000008ca00000, 0x000000008cb00000, 0x000000008cb00000|100%| O|  |TAMS 0x000000008ca00000, 0x000000008ca00000| Untracked 
| 203|0x000000008cb00000, 0x000000008cc00000, 0x000000008cc00000|100%| O|  |TAMS 0x000000008cb00000, 0x000000008cb00000| Untracked 
| 204|0x000000008cc00000, 0x000000008cd00000, 0x000000008cd00000|100%| O|  |TAMS 0x000000008cc00000, 0x000000008cc00000| Untracked 
| 205|0x000000008cd00000, 0x000000008ce00000, 0x000000008ce00000|100%| O|  |TAMS 0x000000008cd00000, 0x000000008cd00000| Untracked 
| 206|0x000000008ce00000, 0x000000008cf00000, 0x000000008cf00000|100%| O|  |TAMS 0x000000008ce00000, 0x000000008ce00000| Untracked 
| 207|0x000000008cf00000, 0x000000008d000000, 0x000000008d000000|100%| O|  |TAMS 0x000000008cf00000, 0x000000008cf00000| Untracked 
| 208|0x000000008d000000, 0x000000008d100000, 0x000000008d100000|100%| O|  |TAMS 0x000000008d000000, 0x000000008d000000| Untracked 
| 209|0x000000008d100000, 0x000000008d200000, 0x000000008d200000|100%| O|  |TAMS 0x000000008d100000, 0x000000008d100000| Untracked 
| 210|0x000000008d200000, 0x000000008d300000, 0x000000008d300000|100%| O|  |TAMS 0x000000008d200000, 0x000000008d200000| Untracked 
| 211|0x000000008d300000, 0x000000008d400000, 0x000000008d400000|100%| O|  |TAMS 0x000000008d300000, 0x000000008d300000| Untracked 
| 212|0x000000008d400000, 0x000000008d500000, 0x000000008d500000|100%| O|  |TAMS 0x000000008d400000, 0x000000008d400000| Untracked 
| 213|0x000000008d500000, 0x000000008d600000, 0x000000008d600000|100%| O|  |TAMS 0x000000008d500000, 0x000000008d500000| Untracked 
| 214|0x000000008d600000, 0x000000008d700000, 0x000000008d700000|100%| O|  |TAMS 0x000000008d600000, 0x000000008d600000| Untracked 
| 215|0x000000008d700000, 0x000000008d800000, 0x000000008d800000|100%|HS|  |TAMS 0x000000008d700000, 0x000000008d700000| Complete 
| 216|0x000000008d800000, 0x000000008d900000, 0x000000008d900000|100%|HS|  |TAMS 0x000000008d800000, 0x000000008d800000| Complete 
| 217|0x000000008d900000, 0x000000008da00000, 0x000000008da00000|100%|HS|  |TAMS 0x000000008d900000, 0x000000008d900000| Complete 
| 218|0x000000008da00000, 0x000000008db00000, 0x000000008db00000|100%|HC|  |TAMS 0x000000008da00000, 0x000000008da00000| Complete 
| 219|0x000000008db00000, 0x000000008dc00000, 0x000000008dc00000|100%|HS|  |TAMS 0x000000008db00000, 0x000000008db00000| Complete 
| 220|0x000000008dc00000, 0x000000008dd00000, 0x000000008dd00000|100%|HC|  |TAMS 0x000000008dc00000, 0x000000008dc00000| Complete 
| 221|0x000000008dd00000, 0x000000008de00000, 0x000000008de00000|100%| O|  |TAMS 0x000000008dd00000, 0x000000008dd00000| Untracked 
| 222|0x000000008de00000, 0x000000008df00000, 0x000000008df00000|100%| O|  |TAMS 0x000000008de00000, 0x000000008de00000| Untracked 
| 223|0x000000008df00000, 0x000000008e000000, 0x000000008e000000|100%| O|  |TAMS 0x000000008df00000, 0x000000008df00000| Untracked 
| 224|0x000000008e000000, 0x000000008e100000, 0x000000008e100000|100%| O|  |TAMS 0x000000008e000000, 0x000000008e000000| Untracked 
| 225|0x000000008e100000, 0x000000008e200000, 0x000000008e200000|100%| O|  |TAMS 0x000000008e100000, 0x000000008e100000| Untracked 
| 226|0x000000008e200000, 0x000000008e300000, 0x000000008e300000|100%| O|  |TAMS 0x000000008e200000, 0x000000008e200000| Untracked 
| 227|0x000000008e300000, 0x000000008e400000, 0x000000008e400000|100%| O|  |TAMS 0x000000008e300000, 0x000000008e300000| Untracked 
| 228|0x000000008e400000, 0x000000008e500000, 0x000000008e500000|100%| O|  |TAMS 0x000000008e400000, 0x000000008e400000| Untracked 
| 229|0x000000008e500000, 0x000000008e600000, 0x000000008e600000|100%| O|  |TAMS 0x000000008e500000, 0x000000008e500000| Untracked 
| 230|0x000000008e600000, 0x000000008e700000, 0x000000008e700000|100%| O|  |TAMS 0x000000008e600000, 0x000000008e600000| Untracked 
| 231|0x000000008e700000, 0x000000008e800000, 0x000000008e800000|100%|HS|  |TAMS 0x000000008e700000, 0x000000008e700000| Complete 
| 232|0x000000008e800000, 0x000000008e900000, 0x000000008e900000|100%|HS|  |TAMS 0x000000008e800000, 0x000000008e800000| Complete 
| 233|0x000000008e900000, 0x000000008ea00000, 0x000000008ea00000|100%|HS|  |TAMS 0x000000008e900000, 0x000000008e900000| Complete 
| 234|0x000000008ea00000, 0x000000008eb00000, 0x000000008eb00000|100%|HS|  |TAMS 0x000000008ea00000, 0x000000008ea00000| Complete 
| 235|0x000000008eb00000, 0x000000008ec00000, 0x000000008ec00000|100%|HC|  |TAMS 0x000000008eb00000, 0x000000008eb00000| Complete 
| 236|0x000000008ec00000, 0x000000008ed00000, 0x000000008ed00000|100%|HS|  |TAMS 0x000000008ec00000, 0x000000008ec00000| Complete 
| 237|0x000000008ed00000, 0x000000008ed00000, 0x000000008ee00000|  0%| F|  |TAMS 0x000000008ed00000, 0x000000008ed00000| Untracked 
| 238|0x000000008ee00000, 0x000000008ef00000, 0x000000008ef00000|100%|HS|  |TAMS 0x000000008ee00000, 0x000000008ee00000| Complete 
| 239|0x000000008ef00000, 0x000000008f000000, 0x000000008f000000|100%|HS|  |TAMS 0x000000008ef00000, 0x000000008ef00000| Complete 
| 240|0x000000008f000000, 0x000000008f100000, 0x000000008f100000|100%|HS|  |TAMS 0x000000008f000000, 0x000000008f000000| Complete 
| 241|0x000000008f100000, 0x000000008f200000, 0x000000008f200000|100%|HC|  |TAMS 0x000000008f100000, 0x000000008f100000| Complete 
| 242|0x000000008f200000, 0x000000008f300000, 0x000000008f300000|100%|HS|  |TAMS 0x000000008f200000, 0x000000008f200000| Complete 
| 243|0x000000008f300000, 0x000000008f400000, 0x000000008f400000|100%|HS|  |TAMS 0x000000008f300000, 0x000000008f300000| Complete 
| 244|0x000000008f400000, 0x000000008f500000, 0x000000008f500000|100%|HC|  |TAMS 0x000000008f400000, 0x000000008f400000| Complete 
| 245|0x000000008f500000, 0x000000008f600000, 0x000000008f600000|100%| O|  |TAMS 0x000000008f500000, 0x000000008f500000| Untracked 
| 246|0x000000008f600000, 0x000000008f700000, 0x000000008f700000|100%| O|  |TAMS 0x000000008f600000, 0x000000008f600000| Untracked 
| 247|0x000000008f700000, 0x000000008f800000, 0x000000008f800000|100%| O|  |TAMS 0x000000008f700000, 0x000000008f700000| Untracked 
| 248|0x000000008f800000, 0x000000008f900000, 0x000000008f900000|100%| O|  |TAMS 0x000000008f800000, 0x000000008f800000| Untracked 
| 249|0x000000008f900000, 0x000000008fa00000, 0x000000008fa00000|100%| O|  |TAMS 0x000000008f900000, 0x000000008f900000| Untracked 
| 250|0x000000008fa00000, 0x000000008fb00000, 0x000000008fb00000|100%| O|  |TAMS 0x000000008fa00000, 0x000000008fa00000| Untracked 
| 251|0x000000008fb00000, 0x000000008fc00000, 0x000000008fc00000|100%|HS|  |TAMS 0x000000008fb00000, 0x000000008fb00000| Complete 
| 252|0x000000008fc00000, 0x000000008fd00000, 0x000000008fd00000|100%|HS|  |TAMS 0x000000008fc00000, 0x000000008fc00000| Complete 
| 253|0x000000008fd00000, 0x000000008fe00000, 0x000000008fe00000|100%|HS|  |TAMS 0x000000008fd00000, 0x000000008fd00000| Complete 
| 254|0x000000008fe00000, 0x000000008ff00000, 0x000000008ff00000|100%|HS|  |TAMS 0x000000008fe00000, 0x000000008fe00000| Complete 
| 255|0x000000008ff00000, 0x0000000090000000, 0x0000000090000000|100%|HC|  |TAMS 0x000000008ff00000, 0x000000008ff00000| Complete 
| 256|0x0000000090000000, 0x0000000090000000, 0x0000000090100000|  0%| F|  |TAMS 0x0000000090000000, 0x0000000090000000| Untracked 
| 257|0x0000000090100000, 0x0000000090200000, 0x0000000090200000|100%|HS|  |TAMS 0x0000000090100000, 0x0000000090100000| Complete 
| 258|0x0000000090200000, 0x0000000090300000, 0x0000000090300000|100%|HS|  |TAMS 0x0000000090200000, 0x0000000090200000| Complete 
| 259|0x0000000090300000, 0x0000000090400000, 0x0000000090400000|100%|HS|  |TAMS 0x0000000090300000, 0x0000000090300000| Complete 
| 260|0x0000000090400000, 0x0000000090500000, 0x0000000090500000|100%|HC|  |TAMS 0x0000000090400000, 0x0000000090400000| Complete 
| 261|0x0000000090500000, 0x0000000090600000, 0x0000000090600000|100%| O|  |TAMS 0x0000000090500000, 0x0000000090500000| Untracked 
| 262|0x0000000090600000, 0x0000000090700000, 0x0000000090700000|100%| O|  |TAMS 0x0000000090600000, 0x0000000090600000| Untracked 
| 263|0x0000000090700000, 0x0000000090800000, 0x0000000090800000|100%| O|  |TAMS 0x0000000090700000, 0x0000000090700000| Untracked 
| 264|0x0000000090800000, 0x0000000090900000, 0x0000000090900000|100%| O|  |TAMS 0x0000000090800000, 0x0000000090800000| Untracked 
| 265|0x0000000090900000, 0x0000000090a00000, 0x0000000090a00000|100%| O|  |TAMS 0x0000000090900000, 0x0000000090900000| Untracked 
| 266|0x0000000090a00000, 0x0000000090ab0200, 0x0000000090b00000| 68%| O|  |TAMS 0x0000000090a00000, 0x0000000090a00000| Untracked 
| 267|0x0000000090b00000, 0x0000000090b00000, 0x0000000090c00000|  0%| F|  |TAMS 0x0000000090b00000, 0x0000000090b00000| Untracked 
| 268|0x0000000090c00000, 0x0000000090c00000, 0x0000000090d00000|  0%| F|  |TAMS 0x0000000090c00000, 0x0000000090c00000| Untracked 
| 269|0x0000000090d00000, 0x0000000090d00000, 0x0000000090e00000|  0%| F|  |TAMS 0x0000000090d00000, 0x0000000090d00000| Untracked 
| 270|0x0000000090e00000, 0x0000000090e00000, 0x0000000090f00000|  0%| F|  |TAMS 0x0000000090e00000, 0x0000000090e00000| Untracked 
| 271|0x0000000090f00000, 0x0000000090f00000, 0x0000000091000000|  0%| F|  |TAMS 0x0000000090f00000, 0x0000000090f00000| Untracked 
| 272|0x0000000091000000, 0x0000000091000000, 0x0000000091100000|  0%| F|  |TAMS 0x0000000091000000, 0x0000000091000000| Untracked 
| 273|0x0000000091100000, 0x0000000091100000, 0x0000000091200000|  0%| F|  |TAMS 0x0000000091100000, 0x0000000091100000| Untracked 
| 274|0x0000000091200000, 0x0000000091200000, 0x0000000091300000|  0%| F|  |TAMS 0x0000000091200000, 0x0000000091200000| Untracked 
| 275|0x0000000091300000, 0x0000000091300000, 0x0000000091400000|  0%| F|  |TAMS 0x0000000091300000, 0x0000000091300000| Untracked 
| 276|0x0000000091400000, 0x0000000091400000, 0x0000000091500000|  0%| F|  |TAMS 0x0000000091400000, 0x0000000091400000| Untracked 
| 277|0x0000000091500000, 0x0000000091500000, 0x0000000091600000|  0%| F|  |TAMS 0x0000000091500000, 0x0000000091500000| Untracked 
| 278|0x0000000091600000, 0x0000000091600000, 0x0000000091700000|  0%| F|  |TAMS 0x0000000091600000, 0x0000000091600000| Untracked 
| 279|0x0000000091700000, 0x0000000091700000, 0x0000000091800000|  0%| F|  |TAMS 0x0000000091700000, 0x0000000091700000| Untracked 
| 280|0x0000000091800000, 0x0000000091800000, 0x0000000091900000|  0%| F|  |TAMS 0x0000000091800000, 0x0000000091800000| Untracked 
| 281|0x0000000091900000, 0x0000000091900000, 0x0000000091a00000|  0%| F|  |TAMS 0x0000000091900000, 0x0000000091900000| Untracked 
| 282|0x0000000091a00000, 0x0000000091a00000, 0x0000000091b00000|  0%| F|  |TAMS 0x0000000091a00000, 0x0000000091a00000| Untracked 
| 283|0x0000000091b00000, 0x0000000091b00000, 0x0000000091c00000|  0%| F|  |TAMS 0x0000000091b00000, 0x0000000091b00000| Untracked 
| 284|0x0000000091c00000, 0x0000000091c00000, 0x0000000091d00000|  0%| F|  |TAMS 0x0000000091c00000, 0x0000000091c00000| Untracked 
| 285|0x0000000091d00000, 0x0000000091d00000, 0x0000000091e00000|  0%| F|  |TAMS 0x0000000091d00000, 0x0000000091d00000| Untracked 
| 286|0x0000000091e00000, 0x0000000091e00000, 0x0000000091f00000|  0%| F|  |TAMS 0x0000000091e00000, 0x0000000091e00000| Untracked 
| 287|0x0000000091f00000, 0x0000000091f00000, 0x0000000092000000|  0%| F|  |TAMS 0x0000000091f00000, 0x0000000091f00000| Untracked 
| 288|0x0000000092000000, 0x0000000092000000, 0x0000000092100000|  0%| F|  |TAMS 0x0000000092000000, 0x0000000092000000| Untracked 
| 289|0x0000000092100000, 0x0000000092100000, 0x0000000092200000|  0%| F|  |TAMS 0x0000000092100000, 0x0000000092100000| Untracked 
| 290|0x0000000092200000, 0x0000000092200000, 0x0000000092300000|  0%| F|  |TAMS 0x0000000092200000, 0x0000000092200000| Untracked 
| 291|0x0000000092300000, 0x0000000092300000, 0x0000000092400000|  0%| F|  |TAMS 0x0000000092300000, 0x0000000092300000| Untracked 
| 292|0x0000000092400000, 0x0000000092400000, 0x0000000092500000|  0%| F|  |TAMS 0x0000000092400000, 0x0000000092400000| Untracked 
| 293|0x0000000092500000, 0x0000000092500000, 0x0000000092600000|  0%| F|  |TAMS 0x0000000092500000, 0x0000000092500000| Untracked 
| 294|0x0000000092600000, 0x0000000092600000, 0x0000000092700000|  0%| F|  |TAMS 0x0000000092600000, 0x0000000092600000| Untracked 
| 295|0x0000000092700000, 0x0000000092700000, 0x0000000092800000|  0%| F|  |TAMS 0x0000000092700000, 0x0000000092700000| Untracked 
| 296|0x0000000092800000, 0x0000000092800000, 0x0000000092900000|  0%| F|  |TAMS 0x0000000092800000, 0x0000000092800000| Untracked 
| 297|0x0000000092900000, 0x0000000092900000, 0x0000000092a00000|  0%| F|  |TAMS 0x0000000092900000, 0x0000000092900000| Untracked 
| 298|0x0000000092a00000, 0x0000000092a00000, 0x0000000092b00000|  0%| F|  |TAMS 0x0000000092a00000, 0x0000000092a00000| Untracked 
| 299|0x0000000092b00000, 0x0000000092b00000, 0x0000000092c00000|  0%| F|  |TAMS 0x0000000092b00000, 0x0000000092b00000| Untracked 
| 300|0x0000000092c00000, 0x0000000092c00000, 0x0000000092d00000|  0%| F|  |TAMS 0x0000000092c00000, 0x0000000092c00000| Untracked 
| 301|0x0000000092d00000, 0x0000000092d00000, 0x0000000092e00000|  0%| F|  |TAMS 0x0000000092d00000, 0x0000000092d00000| Untracked 
| 302|0x0000000092e00000, 0x0000000092e00000, 0x0000000092f00000|  0%| F|  |TAMS 0x0000000092e00000, 0x0000000092e00000| Untracked 
| 303|0x0000000092f00000, 0x0000000092f00000, 0x0000000093000000|  0%| F|  |TAMS 0x0000000092f00000, 0x0000000092f00000| Untracked 
| 304|0x0000000093000000, 0x0000000093000000, 0x0000000093100000|  0%| F|  |TAMS 0x0000000093000000, 0x0000000093000000| Untracked 
| 305|0x0000000093100000, 0x0000000093100000, 0x0000000093200000|  0%| F|  |TAMS 0x0000000093100000, 0x0000000093100000| Untracked 
| 306|0x0000000093200000, 0x0000000093200000, 0x0000000093300000|  0%| F|  |TAMS 0x0000000093200000, 0x0000000093200000| Untracked 
| 307|0x0000000093300000, 0x0000000093300000, 0x0000000093400000|  0%| F|  |TAMS 0x0000000093300000, 0x0000000093300000| Untracked 
| 308|0x0000000093400000, 0x0000000093400000, 0x0000000093500000|  0%| F|  |TAMS 0x0000000093400000, 0x0000000093400000| Untracked 
| 309|0x0000000093500000, 0x0000000093500000, 0x0000000093600000|  0%| F|  |TAMS 0x0000000093500000, 0x0000000093500000| Untracked 
| 310|0x0000000093600000, 0x0000000093600000, 0x0000000093700000|  0%| F|  |TAMS 0x0000000093600000, 0x0000000093600000| Untracked 
| 311|0x0000000093700000, 0x0000000093700000, 0x0000000093800000|  0%| F|  |TAMS 0x0000000093700000, 0x0000000093700000| Untracked 
| 312|0x0000000093800000, 0x0000000093800000, 0x0000000093900000|  0%| F|  |TAMS 0x0000000093800000, 0x0000000093800000| Untracked 
| 313|0x0000000093900000, 0x0000000093900000, 0x0000000093a00000|  0%| F|  |TAMS 0x0000000093900000, 0x0000000093900000| Untracked 
| 314|0x0000000093a00000, 0x0000000093a00000, 0x0000000093b00000|  0%| F|  |TAMS 0x0000000093a00000, 0x0000000093a00000| Untracked 
| 315|0x0000000093b00000, 0x0000000093b00000, 0x0000000093c00000|  0%| F|  |TAMS 0x0000000093b00000, 0x0000000093b00000| Untracked 
| 316|0x0000000093c00000, 0x0000000093c00000, 0x0000000093d00000|  0%| F|  |TAMS 0x0000000093c00000, 0x0000000093c00000| Untracked 
| 317|0x0000000093d00000, 0x0000000093d00000, 0x0000000093e00000|  0%| F|  |TAMS 0x0000000093d00000, 0x0000000093d00000| Untracked 
| 318|0x0000000093e00000, 0x0000000093e00000, 0x0000000093f00000|  0%| F|  |TAMS 0x0000000093e00000, 0x0000000093e00000| Untracked 
| 319|0x0000000093f00000, 0x0000000093f00000, 0x0000000094000000|  0%| F|  |TAMS 0x0000000093f00000, 0x0000000093f00000| Untracked 
| 320|0x0000000094000000, 0x0000000094000000, 0x0000000094100000|  0%| F|  |TAMS 0x0000000094000000, 0x0000000094000000| Untracked 
| 321|0x0000000094100000, 0x0000000094100000, 0x0000000094200000|  0%| F|  |TAMS 0x0000000094100000, 0x0000000094100000| Untracked 
| 322|0x0000000094200000, 0x0000000094200000, 0x0000000094300000|  0%| F|  |TAMS 0x0000000094200000, 0x0000000094200000| Untracked 
| 323|0x0000000094300000, 0x0000000094300000, 0x0000000094400000|  0%| F|  |TAMS 0x0000000094300000, 0x0000000094300000| Untracked 
| 324|0x0000000094400000, 0x0000000094400000, 0x0000000094500000|  0%| F|  |TAMS 0x0000000094400000, 0x0000000094400000| Untracked 
| 325|0x0000000094500000, 0x0000000094500000, 0x0000000094600000|  0%| F|  |TAMS 0x0000000094500000, 0x0000000094500000| Untracked 
| 326|0x0000000094600000, 0x0000000094600000, 0x0000000094700000|  0%| F|  |TAMS 0x0000000094600000, 0x0000000094600000| Untracked 
| 327|0x0000000094700000, 0x0000000094700000, 0x0000000094800000|  0%| F|  |TAMS 0x0000000094700000, 0x0000000094700000| Untracked 
| 328|0x0000000094800000, 0x0000000094800000, 0x0000000094900000|  0%| F|  |TAMS 0x0000000094800000, 0x0000000094800000| Untracked 
| 329|0x0000000094900000, 0x0000000094900000, 0x0000000094a00000|  0%| F|  |TAMS 0x0000000094900000, 0x0000000094900000| Untracked 
| 330|0x0000000094a00000, 0x0000000094a00000, 0x0000000094b00000|  0%| F|  |TAMS 0x0000000094a00000, 0x0000000094a00000| Untracked 
| 331|0x0000000094b00000, 0x0000000094b00000, 0x0000000094c00000|  0%| F|  |TAMS 0x0000000094b00000, 0x0000000094b00000| Untracked 
| 332|0x0000000094c00000, 0x0000000094c00000, 0x0000000094d00000|  0%| F|  |TAMS 0x0000000094c00000, 0x0000000094c00000| Untracked 
| 333|0x0000000094d00000, 0x0000000094d00000, 0x0000000094e00000|  0%| F|  |TAMS 0x0000000094d00000, 0x0000000094d00000| Untracked 
| 334|0x0000000094e00000, 0x0000000094e00000, 0x0000000094f00000|  0%| F|  |TAMS 0x0000000094e00000, 0x0000000094e00000| Untracked 
| 335|0x0000000094f00000, 0x0000000094f00000, 0x0000000095000000|  0%| F|  |TAMS 0x0000000094f00000, 0x0000000094f00000| Untracked 
| 336|0x0000000095000000, 0x0000000095000000, 0x0000000095100000|  0%| F|  |TAMS 0x0000000095000000, 0x0000000095000000| Untracked 
| 337|0x0000000095100000, 0x0000000095100000, 0x0000000095200000|  0%| F|  |TAMS 0x0000000095100000, 0x0000000095100000| Untracked 
| 338|0x0000000095200000, 0x0000000095200000, 0x0000000095300000|  0%| F|  |TAMS 0x0000000095200000, 0x0000000095200000| Untracked 
| 339|0x0000000095300000, 0x0000000095300000, 0x0000000095400000|  0%| F|  |TAMS 0x0000000095300000, 0x0000000095300000| Untracked 
| 340|0x0000000095400000, 0x0000000095400000, 0x0000000095500000|  0%| F|  |TAMS 0x0000000095400000, 0x0000000095400000| Untracked 
| 341|0x0000000095500000, 0x0000000095500000, 0x0000000095600000|  0%| F|  |TAMS 0x0000000095500000, 0x0000000095500000| Untracked 
| 342|0x0000000095600000, 0x0000000095600000, 0x0000000095700000|  0%| F|  |TAMS 0x0000000095600000, 0x0000000095600000| Untracked 
| 343|0x0000000095700000, 0x00000000957aaa70, 0x0000000095800000| 66%| S|CS|TAMS 0x0000000095700000, 0x0000000095700000| Complete 
| 344|0x0000000095800000, 0x0000000095900000, 0x0000000095900000|100%| S|CS|TAMS 0x0000000095800000, 0x0000000095800000| Complete 
| 345|0x0000000095900000, 0x0000000095a00000, 0x0000000095a00000|100%| S|CS|TAMS 0x0000000095900000, 0x0000000095900000| Complete 
| 346|0x0000000095a00000, 0x0000000095b00000, 0x0000000095b00000|100%| S|CS|TAMS 0x0000000095a00000, 0x0000000095a00000| Complete 
| 347|0x0000000095b00000, 0x0000000095c00000, 0x0000000095c00000|100%| S|CS|TAMS 0x0000000095b00000, 0x0000000095b00000| Complete 
| 348|0x0000000095c00000, 0x0000000095d00000, 0x0000000095d00000|100%| S|CS|TAMS 0x0000000095c00000, 0x0000000095c00000| Complete 
| 349|0x0000000095d00000, 0x0000000095e00000, 0x0000000095e00000|100%| S|CS|TAMS 0x0000000095d00000, 0x0000000095d00000| Complete 
| 350|0x0000000095e00000, 0x0000000095e00000, 0x0000000095f00000|  0%| F|  |TAMS 0x0000000095e00000, 0x0000000095e00000| Untracked 
| 351|0x0000000095f00000, 0x0000000095f00000, 0x0000000096000000|  0%| F|  |TAMS 0x0000000095f00000, 0x0000000095f00000| Untracked 
| 352|0x0000000096000000, 0x0000000096000000, 0x0000000096100000|  0%| F|  |TAMS 0x0000000096000000, 0x0000000096000000| Untracked 
| 353|0x0000000096100000, 0x0000000096100000, 0x0000000096200000|  0%| F|  |TAMS 0x0000000096100000, 0x0000000096100000| Untracked 
| 354|0x0000000096200000, 0x0000000096200000, 0x0000000096300000|  0%| F|  |TAMS 0x0000000096200000, 0x0000000096200000| Untracked 
| 355|0x0000000096300000, 0x0000000096300000, 0x0000000096400000|  0%| F|  |TAMS 0x0000000096300000, 0x0000000096300000| Untracked 
| 356|0x0000000096400000, 0x0000000096400000, 0x0000000096500000|  0%| F|  |TAMS 0x0000000096400000, 0x0000000096400000| Untracked 
| 357|0x0000000096500000, 0x0000000096500000, 0x0000000096600000|  0%| F|  |TAMS 0x0000000096500000, 0x0000000096500000| Untracked 
| 358|0x0000000096600000, 0x0000000096600000, 0x0000000096700000|  0%| F|  |TAMS 0x0000000096600000, 0x0000000096600000| Untracked 
| 359|0x0000000096700000, 0x0000000096700000, 0x0000000096800000|  0%| F|  |TAMS 0x0000000096700000, 0x0000000096700000| Untracked 
| 360|0x0000000096800000, 0x0000000096800000, 0x0000000096900000|  0%| F|  |TAMS 0x0000000096800000, 0x0000000096800000| Untracked 
| 361|0x0000000096900000, 0x0000000096900000, 0x0000000096a00000|  0%| F|  |TAMS 0x0000000096900000, 0x0000000096900000| Untracked 
| 362|0x0000000096a00000, 0x0000000096a00000, 0x0000000096b00000|  0%| F|  |TAMS 0x0000000096a00000, 0x0000000096a00000| Untracked 
| 363|0x0000000096b00000, 0x0000000096b00000, 0x0000000096c00000|  0%| F|  |TAMS 0x0000000096b00000, 0x0000000096b00000| Untracked 
| 364|0x0000000096c00000, 0x0000000096c00000, 0x0000000096d00000|  0%| F|  |TAMS 0x0000000096c00000, 0x0000000096c00000| Untracked 
| 365|0x0000000096d00000, 0x0000000096d00000, 0x0000000096e00000|  0%| F|  |TAMS 0x0000000096d00000, 0x0000000096d00000| Untracked 
| 366|0x0000000096e00000, 0x0000000096e00000, 0x0000000096f00000|  0%| F|  |TAMS 0x0000000096e00000, 0x0000000096e00000| Untracked 
| 367|0x0000000096f00000, 0x0000000096f00000, 0x0000000097000000|  0%| F|  |TAMS 0x0000000096f00000, 0x0000000096f00000| Untracked 
| 368|0x0000000097000000, 0x0000000097000000, 0x0000000097100000|  0%| F|  |TAMS 0x0000000097000000, 0x0000000097000000| Untracked 
| 369|0x0000000097100000, 0x0000000097100000, 0x0000000097200000|  0%| F|  |TAMS 0x0000000097100000, 0x0000000097100000| Untracked 
| 370|0x0000000097200000, 0x0000000097200000, 0x0000000097300000|  0%| F|  |TAMS 0x0000000097200000, 0x0000000097200000| Untracked 
| 371|0x0000000097300000, 0x0000000097300000, 0x0000000097400000|  0%| F|  |TAMS 0x0000000097300000, 0x0000000097300000| Untracked 
| 372|0x0000000097400000, 0x0000000097400000, 0x0000000097500000|  0%| F|  |TAMS 0x0000000097400000, 0x0000000097400000| Untracked 
| 373|0x0000000097500000, 0x0000000097500000, 0x0000000097600000|  0%| F|  |TAMS 0x0000000097500000, 0x0000000097500000| Untracked 
| 374|0x0000000097600000, 0x0000000097600000, 0x0000000097700000|  0%| F|  |TAMS 0x0000000097600000, 0x0000000097600000| Untracked 
| 375|0x0000000097700000, 0x0000000097700000, 0x0000000097800000|  0%| F|  |TAMS 0x0000000097700000, 0x0000000097700000| Untracked 
| 376|0x0000000097800000, 0x0000000097800000, 0x0000000097900000|  0%| F|  |TAMS 0x0000000097800000, 0x0000000097800000| Untracked 
| 377|0x0000000097900000, 0x0000000097900000, 0x0000000097a00000|  0%| F|  |TAMS 0x0000000097900000, 0x0000000097900000| Untracked 
| 378|0x0000000097a00000, 0x0000000097a00000, 0x0000000097b00000|  0%| F|  |TAMS 0x0000000097a00000, 0x0000000097a00000| Untracked 
| 379|0x0000000097b00000, 0x0000000097b00000, 0x0000000097c00000|  0%| F|  |TAMS 0x0000000097b00000, 0x0000000097b00000| Untracked 
| 380|0x0000000097c00000, 0x0000000097c00000, 0x0000000097d00000|  0%| F|  |TAMS 0x0000000097c00000, 0x0000000097c00000| Untracked 
| 381|0x0000000097d00000, 0x0000000097d00000, 0x0000000097e00000|  0%| F|  |TAMS 0x0000000097d00000, 0x0000000097d00000| Untracked 
| 382|0x0000000097e00000, 0x0000000097e00000, 0x0000000097f00000|  0%| F|  |TAMS 0x0000000097e00000, 0x0000000097e00000| Untracked 
| 383|0x0000000097f00000, 0x0000000097f00000, 0x0000000098000000|  0%| F|  |TAMS 0x0000000097f00000, 0x0000000097f00000| Untracked 
| 384|0x0000000098000000, 0x0000000098000000, 0x0000000098100000|  0%| F|  |TAMS 0x0000000098000000, 0x0000000098000000| Untracked 
| 385|0x0000000098100000, 0x0000000098100000, 0x0000000098200000|  0%| F|  |TAMS 0x0000000098100000, 0x0000000098100000| Untracked 
| 386|0x0000000098200000, 0x0000000098200000, 0x0000000098300000|  0%| F|  |TAMS 0x0000000098200000, 0x0000000098200000| Untracked 
| 387|0x0000000098300000, 0x0000000098300000, 0x0000000098400000|  0%| F|  |TAMS 0x0000000098300000, 0x0000000098300000| Untracked 
| 388|0x0000000098400000, 0x0000000098400000, 0x0000000098500000|  0%| F|  |TAMS 0x0000000098400000, 0x0000000098400000| Untracked 
| 389|0x0000000098500000, 0x0000000098500000, 0x0000000098600000|  0%| F|  |TAMS 0x0000000098500000, 0x0000000098500000| Untracked 
| 390|0x0000000098600000, 0x0000000098600000, 0x0000000098700000|  0%| F|  |TAMS 0x0000000098600000, 0x0000000098600000| Untracked 
| 391|0x0000000098700000, 0x0000000098700000, 0x0000000098800000|  0%| F|  |TAMS 0x0000000098700000, 0x0000000098700000| Untracked 
| 392|0x0000000098800000, 0x0000000098800000, 0x0000000098900000|  0%| F|  |TAMS 0x0000000098800000, 0x0000000098800000| Untracked 
| 393|0x0000000098900000, 0x0000000098900000, 0x0000000098a00000|  0%| F|  |TAMS 0x0000000098900000, 0x0000000098900000| Untracked 
| 394|0x0000000098a00000, 0x0000000098a00000, 0x0000000098b00000|  0%| F|  |TAMS 0x0000000098a00000, 0x0000000098a00000| Untracked 
| 395|0x0000000098b00000, 0x0000000098b00000, 0x0000000098c00000|  0%| F|  |TAMS 0x0000000098b00000, 0x0000000098b00000| Untracked 
| 396|0x0000000098c00000, 0x0000000098c00000, 0x0000000098d00000|  0%| F|  |TAMS 0x0000000098c00000, 0x0000000098c00000| Untracked 
| 397|0x0000000098d00000, 0x0000000098d00000, 0x0000000098e00000|  0%| F|  |TAMS 0x0000000098d00000, 0x0000000098d00000| Untracked 
| 398|0x0000000098e00000, 0x0000000098e00000, 0x0000000098f00000|  0%| F|  |TAMS 0x0000000098e00000, 0x0000000098e00000| Untracked 
| 399|0x0000000098f00000, 0x0000000098f00000, 0x0000000099000000|  0%| F|  |TAMS 0x0000000098f00000, 0x0000000098f00000| Untracked 
| 400|0x0000000099000000, 0x0000000099000000, 0x0000000099100000|  0%| F|  |TAMS 0x0000000099000000, 0x0000000099000000| Untracked 
| 401|0x0000000099100000, 0x0000000099100000, 0x0000000099200000|  0%| F|  |TAMS 0x0000000099100000, 0x0000000099100000| Untracked 
| 402|0x0000000099200000, 0x0000000099200000, 0x0000000099300000|  0%| F|  |TAMS 0x0000000099200000, 0x0000000099200000| Untracked 
| 403|0x0000000099300000, 0x0000000099300000, 0x0000000099400000|  0%| F|  |TAMS 0x0000000099300000, 0x0000000099300000| Untracked 
| 404|0x0000000099400000, 0x0000000099400000, 0x0000000099500000|  0%| F|  |TAMS 0x0000000099400000, 0x0000000099400000| Untracked 
| 405|0x0000000099500000, 0x0000000099500000, 0x0000000099600000|  0%| F|  |TAMS 0x0000000099500000, 0x0000000099500000| Untracked 

Card table byte_map: [0x000001f421c60000,0x000001f422060000] _byte_map_base: 0x000001f421860000

Marking Bits (Prev, Next): (CMBitMap*) 0x000001f40ea9df68, (CMBitMap*) 0x000001f40ea9dfa0
 Prev Bits: [0x000001f422460000, 0x000001f424460000)
 Next Bits: [0x000001f424460000, 0x000001f426460000)

Polling page: 0x000001f40c910000

Metaspace:

Usage:
  Non-class:     95.56 MB capacity,    93.82 MB ( 98%) used,     1.43 MB (  1%) free+waste,   325.38 KB ( <1%) overhead. 
      Class:     14.79 MB capacity,    13.77 MB ( 93%) used,   891.41 KB (  6%) free+waste,   146.13 KB ( <1%) overhead. 
       Both:    110.35 MB capacity,   107.59 MB ( 97%) used,     2.30 MB (  2%) free+waste,   471.50 KB ( <1%) overhead. 

Virtual space:
  Non-class space:       96.00 MB reserved,      95.75 MB (>99%) committed 
      Class space:        1.00 GB reserved,      14.88 MB (  1%) committed 
             Both:        1.09 GB reserved,     110.63 MB ( 10%) committed 

Chunk freelists:
   Non-Class:  0 bytes
       Class:  0 bytes
        Both:  0 bytes

MaxMetaspaceSize: 17179869184.00 GB
CompressedClassSpaceSize: 1.00 GB

CodeHeap 'non-profiled nmethods': size=120000Kb used=10035Kb max_used=10035Kb free=109964Kb
 bounds [0x000001f41a000000, 0x000001f41a9d0000, 0x000001f421530000]
CodeHeap 'profiled nmethods': size=120000Kb used=35151Kb max_used=35151Kb free=84848Kb
 bounds [0x000001f412ad0000, 0x000001f414d30000, 0x000001f41a000000]
CodeHeap 'non-nmethods': size=5760Kb used=2317Kb max_used=2375Kb free=3442Kb
 bounds [0x000001f412530000, 0x000001f4127a0000, 0x000001f412ad0000]
 total_blobs=17382 nmethods=16449 adapters=844
 compilation: enabled
              stopped_count=0, restarted_count=0
 full_count=0

Compilation events (20 events):
Event: 21.449 Thread 0x000001f42b650800 nmethod 16759 0x000001f41a9cad90 code [0x000001f41a9caf80, 0x000001f41a9cb698]
Event: 21.450 Thread 0x000001f42b650800 16754       4       com.android.tools.r8.graph.C::equals (57 bytes)
Event: 21.451 Thread 0x000001f4297a4000 16769       3       com.android.tools.r8.graph.J::d0 (8 bytes)
Event: 21.451 Thread 0x000001f4297a4000 nmethod 16769 0x000001f414d1d110 code [0x000001f414d1d2e0, 0x000001f414d1d518]
Event: 21.451 Thread 0x000001f4297a4000 16770       3       com.android.tools.r8.graph.o1::H (13 bytes)
Event: 21.451 Thread 0x000001f4297a4000 nmethod 16770 0x000001f414d1d610 code [0x000001f414d1d7c0, 0x000001f414d1d978]
Event: 21.451 Thread 0x000001f4297a4000 16772       3       com.android.tools.r8.dex.r::a (292 bytes)
Event: 21.455 Thread 0x000001f4297a4000 nmethod 16772 0x000001f414d1da10 code [0x000001f414d1dfe0, 0x000001f414d21328]
Event: 21.455 Thread 0x000001f4297a4000 16771       3       com.android.tools.r8.graph.f::k (11 bytes)
Event: 21.455 Thread 0x000001f4297a4000 nmethod 16771 0x000001f414d22310 code [0x000001f414d224c0, 0x000001f414d22678]
Event: 21.455 Thread 0x000001f4297a4000 16773       3       com.android.tools.r8.graph.h0::a (17 bytes)
Event: 21.455 Thread 0x000001f4297a4000 nmethod 16773 0x000001f414d22710 code [0x000001f414d228c0, 0x000001f414d22a38]
Event: 21.455 Thread 0x000001f4297a4000 16774       3       com.android.tools.r8.graph.e0::c0 (30 bytes)
Event: 21.456 Thread 0x000001f4297a4000 nmethod 16774 0x000001f414d22b10 code [0x000001f414d22d00, 0x000001f414d231b8]
Event: 21.456 Thread 0x000001f4297a4000 16775       3       com.android.tools.r8.dex.r$$Lambda$1408/0x0000000100ebd440::get$Lambda (11 bytes)
Event: 21.456 Thread 0x000001f4297a4000 nmethod 16775 0x000001f414d23310 code [0x000001f414d234e0, 0x000001f414d237f8]
Event: 21.456 Thread 0x000001f4297a4000 16776       3       com.android.tools.r8.dex.r$$Lambda$1408/0x0000000100ebd440::<init> (20 bytes)
Event: 21.456 Thread 0x000001f4297a4000 nmethod 16776 0x000001f414d23910 code [0x000001f414d23ac0, 0x000001f414d23d38]
Event: 21.456 Thread 0x000001f42b716800 nmethod 16761% 0x000001f41a9cba90 code [0x000001f41a9cbca0, 0x000001f41a9cc698]
Event: 21.456 Thread 0x000001f42b716800 16760       4       com.android.tools.r8.graph.C::hashCode (23 bytes)

GC Heap History (20 events):
Event: 16.495 GC heap after
{Heap after GC invocations=27 (full 0):
 garbage-first heap   total 262144K, used 159782K [0x0000000080000000, 0x0000000100000000)
  region size 1024K, 7 young (7168K), 7 survivors (7168K)
 Metaspace       used 102282K, capacity 104716K, committed 105088K, reserved 1140736K
  class space    used 12946K, capacity 13786K, committed 13952K, reserved 1048576K
}
Event: 16.517 GC heap before
{Heap before GC invocations=27 (full 0):
 garbage-first heap   total 262144K, used 164902K [0x0000000080000000, 0x0000000100000000)
  region size 1024K, 12 young (12288K), 7 survivors (7168K)
 Metaspace       used 102383K, capacity 104780K, committed 105088K, reserved 1140736K
  class space    used 12957K, capacity 13786K, committed 13952K, reserved 1048576K
}
Event: 16.524 GC heap after
{Heap after GC invocations=28 (full 0):
 garbage-first heap   total 262144K, used 146859K [0x0000000080000000, 0x0000000100000000)
  region size 1024K, 2 young (2048K), 2 survivors (2048K)
 Metaspace       used 102383K, capacity 104780K, committed 105088K, reserved 1140736K
  class space    used 12957K, capacity 13786K, committed 13952K, reserved 1048576K
}
Event: 16.612 GC heap before
{Heap before GC invocations=28 (full 0):
 garbage-first heap   total 262144K, used 169387K [0x0000000080000000, 0x0000000100000000)
  region size 1024K, 25 young (25600K), 2 survivors (2048K)
 Metaspace       used 102718K, capacity 105040K, committed 105344K, reserved 1140736K
  class space    used 13008K, capacity 13828K, committed 13952K, reserved 1048576K
}
Event: 16.624 GC heap after
{Heap after GC invocations=29 (full 0):
 garbage-first heap   total 262144K, used 155115K [0x0000000080000000, 0x0000000100000000)
  region size 1024K, 7 young (7168K), 7 survivors (7168K)
 Metaspace       used 102718K, capacity 105040K, committed 105344K, reserved 1140736K
  class space    used 13008K, capacity 13828K, committed 13952K, reserved 1048576K
}
Event: 16.852 GC heap before
{Heap before GC invocations=29 (full 0):
 garbage-first heap   total 262144K, used 196075K [0x0000000080000000, 0x0000000100000000)
  region size 1024K, 47 young (48128K), 7 survivors (7168K)
 Metaspace       used 103879K, capacity 106278K, committed 106624K, reserved 1142784K
  class space    used 13207K, capacity 14095K, committed 14208K, reserved 1048576K
}
Event: 16.872 GC heap after
{Heap after GC invocations=30 (full 0):
 garbage-first heap   total 262144K, used 164293K [0x0000000080000000, 0x0000000100000000)
  region size 1024K, 6 young (6144K), 6 survivors (6144K)
 Metaspace       used 103879K, capacity 106278K, committed 106624K, reserved 1142784K
  class space    used 13207K, capacity 14095K, committed 14208K, reserved 1048576K
}
Event: 17.085 GC heap before
{Heap before GC invocations=31 (full 0):
 garbage-first heap   total 262144K, used 201157K [0x0000000080000000, 0x0000000100000000)
  region size 1024K, 43 young (44032K), 6 survivors (6144K)
 Metaspace       used 105869K, capacity 108344K, committed 108416K, reserved 1142784K
  class space    used 13519K, capacity 14414K, committed 14464K, reserved 1048576K
}
Event: 17.110 GC heap after
{Heap after GC invocations=32 (full 0):
 garbage-first heap   total 262144K, used 182207K [0x0000000080000000, 0x0000000100000000)
  region size 1024K, 6 young (6144K), 6 survivors (6144K)
 Metaspace       used 105869K, capacity 108344K, committed 108416K, reserved 1142784K
  class space    used 13519K, capacity 14414K, committed 14464K, reserved 1048576K
}
Event: 17.133 GC heap before
{Heap before GC invocations=32 (full 0):
 garbage-first heap   total 262144K, used 188351K [0x0000000080000000, 0x0000000100000000)
  region size 1024K, 12 young (12288K), 6 survivors (6144K)
 Metaspace       used 105992K, capacity 108417K, committed 108672K, reserved 1142784K
  class space    used 13537K, capacity 14417K, committed 14464K, reserved 1048576K
}
Event: 17.144 GC heap after
{Heap after GC invocations=33 (full 0):
 garbage-first heap   total 262144K, used 184720K [0x0000000080000000, 0x0000000100000000)
  region size 1024K, 2 young (2048K), 2 survivors (2048K)
 Metaspace       used 105992K, capacity 108417K, committed 108672K, reserved 1142784K
  class space    used 13537K, capacity 14417K, committed 14464K, reserved 1048576K
}
Event: 17.209 GC heap before
{Heap before GC invocations=33 (full 0):
 garbage-first heap   total 262144K, used 208272K [0x0000000080000000, 0x0000000100000000)
  region size 1024K, 26 young (26624K), 2 survivors (2048K)
 Metaspace       used 106290K, capacity 108825K, committed 109056K, reserved 1144832K
  class space    used 13591K, capacity 14507K, committed 14592K, reserved 1048576K
}
Event: 17.231 GC heap after
{Heap after GC invocations=34 (full 0):
 garbage-first heap   total 415744K, used 197860K [0x0000000080000000, 0x0000000100000000)
  region size 1024K, 4 young (4096K), 4 survivors (4096K)
 Metaspace       used 106290K, capacity 108825K, committed 109056K, reserved 1144832K
  class space    used 13591K, capacity 14507K, committed 14592K, reserved 1048576K
}
Event: 17.829 GC heap before
{Heap before GC invocations=35 (full 0):
 garbage-first heap   total 415744K, used 266468K [0x0000000080000000, 0x0000000100000000)
  region size 1024K, 72 young (73728K), 4 survivors (4096K)
 Metaspace       used 108565K, capacity 111261K, committed 111488K, reserved 1146880K
  class space    used 13931K, capacity 14946K, committed 14976K, reserved 1048576K
}
Event: 17.856 GC heap after
{Heap after GC invocations=36 (full 0):
 garbage-first heap   total 415744K, used 228881K [0x0000000080000000, 0x0000000100000000)
  region size 1024K, 9 young (9216K), 9 survivors (9216K)
 Metaspace       used 108565K, capacity 111261K, committed 111488K, reserved 1146880K
  class space    used 13931K, capacity 14946K, committed 14976K, reserved 1048576K
}
Event: 18.921 GC heap before
{Heap before GC invocations=36 (full 0):
 garbage-first heap   total 415744K, used 295441K [0x0000000080000000, 0x0000000100000000)
  region size 1024K, 68 young (69632K), 9 survivors (9216K)
 Metaspace       used 109226K, capacity 111980K, committed 112128K, reserved 1146880K
  class space    used 14011K, capacity 15031K, committed 15104K, reserved 1048576K
}
Event: 18.947 GC heap after
{Heap after GC invocations=37 (full 0):
 garbage-first heap   total 415744K, used 243967K [0x0000000080000000, 0x0000000100000000)
  region size 1024K, 8 young (8192K), 8 survivors (8192K)
 Metaspace       used 109226K, capacity 111980K, committed 112128K, reserved 1146880K
  class space    used 14011K, capacity 15031K, committed 15104K, reserved 1048576K
}
Event: 20.586 GC heap before
{Heap before GC invocations=37 (full 0):
 garbage-first heap   total 415744K, used 317695K [0x0000000080000000, 0x0000000100000000)
  region size 1024K, 67 young (68608K), 8 survivors (8192K)
 Metaspace       used 110136K, capacity 112929K, committed 113024K, reserved 1146880K
  class space    used 14104K, capacity 15142K, committed 15232K, reserved 1048576K
}
Event: 20.610 GC heap after
{Heap after GC invocations=38 (full 0):
 garbage-first heap   total 415744K, used 262233K [0x0000000080000000, 0x0000000100000000)
  region size 1024K, 7 young (7168K), 7 survivors (7168K)
 Metaspace       used 110136K, capacity 112929K, committed 113024K, reserved 1146880K
  class space    used 14104K, capacity 15142K, committed 15232K, reserved 1048576K
}
Event: 21.476 GC heap before
{Heap before GC invocations=38 (full 0):
 garbage-first heap   total 415744K, used 329817K [0x0000000080000000, 0x0000000100000000)
  region size 1024K, 63 young (64512K), 7 survivors (7168K)
 Metaspace       used 110173K, capacity 113000K, committed 113280K, reserved 1146880K
  class space    used 14104K, capacity 15142K, committed 15232K, reserved 1048576K
}

Deoptimization events (20 events):
Event: 20.567 Thread 0x000001f434727800 DEOPT PACKING pc=0x000001f414c1b9e3 sp=0x000000e6e84fe980
Event: 20.567 Thread 0x000001f434727800 DEOPT UNPACKING pc=0x000001f4125576ce sp=0x000000e6e84fde20 mode 0
Event: 21.000 Thread 0x000001f434727800 DEOPT PACKING pc=0x000001f414ce8a14 sp=0x000000e6e84fe790
Event: 21.000 Thread 0x000001f434727800 DEOPT UNPACKING pc=0x000001f4125576ce sp=0x000000e6e84fdcf8 mode 0
Event: 21.002 Thread 0x000001f434727800 Uncommon trap: trap_request=0xffffff4d fr.pc=0x000001f41a9b2fcc relative=0x000000000000042c
Event: 21.002 Thread 0x000001f434727800 Uncommon trap: reason=unstable_if action=reinterpret pc=0x000001f41a9b2fcc method=com.android.tools.r8.w.a.a.a.h.N.a(Ljava/lang/Object;I)I @ 132 c2
Event: 21.002 Thread 0x000001f434727800 DEOPT PACKING pc=0x000001f41a9b2fcc sp=0x000000e6e84feb70
Event: 21.002 Thread 0x000001f434727800 DEOPT UNPACKING pc=0x000001f4125578af sp=0x000000e6e84feb30 mode 2
Event: 21.018 Thread 0x000001f434727800 DEOPT PACKING pc=0x000001f414ced8db sp=0x000000e6e84febd0
Event: 21.018 Thread 0x000001f434727800 DEOPT UNPACKING pc=0x000001f4125576ce sp=0x000000e6e84fe138 mode 0
Event: 21.021 Thread 0x000001f434727800 DEOPT PACKING pc=0x000001f414ced8db sp=0x000000e6e84febd0
Event: 21.021 Thread 0x000001f434727800 DEOPT UNPACKING pc=0x000001f4125576ce sp=0x000000e6e84fe138 mode 0
Event: 21.027 Thread 0x000001f434727800 DEOPT PACKING pc=0x000001f414ced8db sp=0x000000e6e84febd0
Event: 21.027 Thread 0x000001f434727800 DEOPT UNPACKING pc=0x000001f4125576ce sp=0x000000e6e84fe138 mode 0
Event: 21.038 Thread 0x000001f434727800 DEOPT PACKING pc=0x000001f414ced8db sp=0x000000e6e84febd0
Event: 21.038 Thread 0x000001f434727800 DEOPT UNPACKING pc=0x000001f4125576ce sp=0x000000e6e84fe138 mode 0
Event: 21.062 Thread 0x000001f434727800 DEOPT PACKING pc=0x000001f414ced8db sp=0x000000e6e84febd0
Event: 21.062 Thread 0x000001f434727800 DEOPT UNPACKING pc=0x000001f4125576ce sp=0x000000e6e84fe138 mode 0
Event: 21.283 Thread 0x000001f434727800 DEOPT PACKING pc=0x000001f414ce8a14 sp=0x000000e6e84feab0
Event: 21.283 Thread 0x000001f434727800 DEOPT UNPACKING pc=0x000001f4125576ce sp=0x000000e6e84fe018 mode 0

Classes redefined (0 events):
No events

Internal exceptions (20 events):
Event: 17.474 Thread 0x000001f43449d000 Exception <a 'java/lang/NoSuchMethodError'{0x0000000096ce3560}: 'java.lang.Object java.lang.invoke.DirectMethodHandle$Holder.invokeStatic(java.lang.Object, java.lang.Object, java.lang.Object, java.lang.Object, java.lang.Object, java.lang.Object, java.lang.Object, java.lang.Object, java.lang.Object, java.lang.Object, java.lang.Object, java.lang.Object, java.lang.Object, int)'> (0x0000000096ce3560) thrown at [./src/hotspot/share/interpreter/linkResolver.cpp, line 773]
Event: 17.476 Thread 0x000001f43449d000 Exception <a 'java/lang/NoSuchMethodError'{0x0000000096cefd88}: 'java.lang.Object java.lang.invoke.DirectMethodHandle$Holder.invokeStatic(java.lang.Object, java.lang.Object, java.lang.Object, java.lang.Object, java.lang.Object, java.lang.Object, java.lang.Object, java.lang.Object, java.lang.Object, java.lang.Object, java.lang.Object, java.lang.Object, java.lang.Object, int, int)'> (0x0000000096cefd88) thrown at [./src/hotspot/share/interpreter/linkResolver.cpp, line 773]
Event: 17.592 Thread 0x000001f434721000 Exception <a 'java/lang/NoSuchMethodError'{0x00000000963f4c78}: 'void java.lang.invoke.DirectMethodHandle$Holder.invokeStatic(java.lang.Object, java.lang.Object, java.lang.Object, int)'> (0x00000000963f4c78) thrown at [./src/hotspot/share/interpreter/linkResolver.cpp, line 773]
Event: 17.592 Thread 0x000001f434721000 Exception <a 'java/lang/IncompatibleClassChangeError'{0x00000000963fcbd8}: Found class java.lang.Object, but interface was expected> (0x00000000963fcbd8) thrown at [./src/hotspot/share/interpreter/linkResolver.cpp, line 839]
Event: 17.699 Thread 0x000001f434721000 Exception <a 'java/lang/NoSuchMethodError'{0x0000000095f74930}: 'void java.lang.invoke.DirectMethodHandle$Holder.invokeStaticInit(java.lang.Object, java.lang.Object, java.lang.Object, java.lang.Object, java.lang.Object)'> (0x0000000095f74930) thrown at [./src/hotspot/share/interpreter/linkResolver.cpp, line 773]
Event: 17.742 Thread 0x000001f434721000 Exception <a 'java/lang/NoSuchMethodError'{0x0000000095ec18f0}: 'java.lang.Object java.lang.invoke.DirectMethodHandle$Holder.invokeStatic(java.lang.Object, int, java.lang.Object, java.lang.Object)'> (0x0000000095ec18f0) thrown at [./src/hotspot/share/interpreter/linkResolver.cpp, line 773]
Event: 17.751 Thread 0x000001f434721000 Exception <a 'java/lang/NoSuchMethodError'{0x0000000095d261a8}: 'long java.lang.invoke.DirectMethodHandle$Holder.invokeStatic(java.lang.Object, java.lang.Object)'> (0x0000000095d261a8) thrown at [./src/hotspot/share/interpreter/linkResolver.cpp, line 773]
Event: 17.762 Thread 0x000001f434723800 Exception <a 'java/lang/NoSuchMethodError'{0x0000000096288530}: 'void java.lang.invoke.DirectMethodHandle$Holder.invokeSpecial(java.lang.Object, java.lang.Object, int, java.lang.Object)'> (0x0000000096288530) thrown at [./src/hotspot/share/interpreter/linkResolver.cpp, line 773]
Event: 17.762 Thread 0x000001f434727000 Exception <a 'java/lang/NoSuchMethodError'{0x0000000096625da0}: 'void java.lang.invoke.DirectMethodHandle$Holder.invokeSpecial(java.lang.Object, java.lang.Object, int, java.lang.Object)'> (0x0000000096625da0) thrown at [./src/hotspot/share/interpreter/linkResolver.cpp, line 773]
Event: 17.762 Thread 0x000001f434727800 Exception <a 'java/lang/NoSuchMethodError'{0x0000000098624638}: 'void java.lang.invoke.DirectMethodHandle$Holder.invokeSpecial(java.lang.Object, java.lang.Object, int, java.lang.Object)'> (0x0000000098624638) thrown at [./src/hotspot/share/interpreter/linkResolver.cpp, line 773]
Event: 17.968 Thread 0x000001f434721000 Exception <a 'java/lang/NoSuchMethodError'{0x00000000990bef20}: 'java.lang.Object java.lang.invoke.DirectMethodHandle$Holder.invokeSpecial(java.lang.Object, java.lang.Object, java.lang.Object, java.lang.Object, java.lang.Object, java.lang.Object, java.lang.Object, java.lang.Object, java.lang.Object, java.lang.Object)'> (0x00000000990bef20) thrown at [./src/hotspot/share/interpreter/linkResolver.cpp, line 773]
Event: 17.968 Thread 0x000001f434721000 Exception <a 'java/lang/NoSuchMethodError'{0x00000000990c3010}: 'java.lang.Object java.lang.invoke.Invokers$Holder.linkToTargetMethod(java.lang.Object, java.lang.Object, java.lang.Object, java.lang.Object, java.lang.Object, java.lang.Object, java.lang.Object, java.lang.Object, java.lang.Object)'> (0x00000000990c3010) thrown at [./src/hotspot/share/interpreter/linkResolver.cpp, line 773]
Event: 18.076 Thread 0x000001f434726000 Implicit null exception at 0x000001f41a89eaf7 to 0x000001f41a89ff00
Event: 18.076 Thread 0x000001f434727000 Implicit null exception at 0x000001f41a89eaf7 to 0x000001f41a89ff00
Event: 18.076 Thread 0x000001f434724800 Implicit null exception at 0x000001f41a89eaf7 to 0x000001f41a89ff00
Event: 20.175 Thread 0x000001f434727000 Exception <a 'java/lang/NoSuchMethodError'{0x000000009712d7c8}: 'void java.lang.invoke.DirectMethodHandle$Holder.invokeVirtual(java.lang.Object, java.lang.Object, int)'> (0x000000009712d7c8) thrown at [./src/hotspot/share/interpreter/linkResolver.cpp, line 773]
Event: 20.270 Thread 0x000001f434727800 Exception <a 'java/lang/NoSuchMethodError'{0x0000000097894a48}: 'void java.lang.invoke.DirectMethodHandle$Holder.invokeSpecial(java.lang.Object, java.lang.Object, java.lang.Object, java.lang.Object, java.lang.Object, int, java.lang.Object)'> (0x0000000097894a48) thrown at [./src/hotspot/share/interpreter/linkResolver.cpp, line 773]
Event: 20.271 Thread 0x000001f434727800 Exception <a 'java/lang/NoSuchMethodError'{0x0000000097049998}: 'java.lang.Object java.lang.invoke.DirectMethodHandle$Holder.invokeStatic(java.lang.Object, java.lang.Object, java.lang.Object, java.lang.Object, java.lang.Object, int)'> (0x0000000097049998) thrown at [./src/hotspot/share/interpreter/linkResolver.cpp, line 773]
Event: 20.271 Thread 0x000001f434727800 Exception <a 'java/lang/NoSuchMethodError'{0x000000009704d2c8}: 'java.lang.Object java.lang.invoke.DirectMethodHandle$Holder.invokeSpecial(java.lang.Object, java.lang.Object, java.lang.Object, java.lang.Object, java.lang.Object, java.lang.Object, int)'> (0x000000009704d2c8) thrown at [./src/hotspot/share/interpreter/linkResolver.cpp, line 773]
Event: 20.483 Thread 0x000001f434727000 Exception <a 'sun/nio/fs/WindowsException'{0x0000000096437590}> (0x0000000096437590) thrown at [./src/hotspot/share/prims/jni.cpp, line 615]

Events (20 events):
Event: 20.473 loading class com/android/tools/r8/graph/m0 done
Event: 20.473 loading class com/android/tools/r8/dex/r
Event: 20.473 loading class com/android/tools/r8/dex/r done
Event: 20.479 loading class java/util/zip/Adler32
Event: 20.479 loading class java/util/zip/Adler32 done
Event: 20.481 loading class com/android/tools/r8/dex/r$a
Event: 20.481 loading class com/android/tools/r8/dex/r$a done
Event: 20.482 loading class com/android/tools/r8/ByteDataView
Event: 20.482 loading class com/android/tools/r8/ByteDataView done
Event: 20.483 loading class java/nio/file/Files$2
Event: 20.483 loading class java/nio/file/Files$2 done
Event: 20.483 loading class com/android/tools/r8/s/a/a/d/p
Event: 20.483 loading class com/android/tools/r8/s/a/a/d/p done
Event: 20.484 loading class com/android/tools/r8/s/a/a/d/o
Event: 20.484 loading class com/android/tools/r8/s/a/a/d/o done
Event: 20.484 loading class com/android/tools/r8/s/a/a/d/n
Event: 20.484 loading class com/android/tools/r8/s/a/a/d/n done
Event: 20.579 Executing VM operation: G1CollectForAllocation
Event: 20.610 Executing VM operation: G1CollectForAllocation done
Event: 21.476 Executing VM operation: G1CollectForAllocation


Dynamic libraries:
0x00007ff689df0000 - 0x00007ff689dfa000 	C:\Program Files\Android\Android Studio\jre\bin\java.exe
0x00007ff9bf340000 - 0x00007ff9bf530000 	C:\WINDOWS\SYSTEM32\ntdll.dll
0x00007ff9bed80000 - 0x00007ff9bee32000 	C:\WINDOWS\System32\KERNEL32.DLL
0x00007ff9bcb50000 - 0x00007ff9bcdf4000 	C:\WINDOWS\System32\KERNELBASE.dll
0x00007ff9b9f90000 - 0x00007ff9ba01f000 	C:\WINDOWS\SYSTEM32\apphelp.dll
0x00007ff9bc2d0000 - 0x00007ff9bc3ca000 	C:\WINDOWS\System32\ucrtbase.dll
0x00007ff9b34f0000 - 0x00007ff9b3507000 	C:\Program Files\Android\Android Studio\jre\bin\VCRUNTIME140.dll
0x00007ff9a73b0000 - 0x00007ff9a73c9000 	C:\Program Files\Android\Android Studio\jre\bin\jli.dll
0x00007ff9bddc0000 - 0x00007ff9bdf54000 	C:\WINDOWS\System32\USER32.dll
0x00007ff9bcf50000 - 0x00007ff9bcf71000 	C:\WINDOWS\System32\win32u.dll
0x00007ff9a9820000 - 0x00007ff9a9aa4000 	C:\WINDOWS\WinSxS\amd64_microsoft.windows.common-controls_6595b64144ccf1df_6.0.18362.836_none_e6c4b943130f18ed\COMCTL32.dll
0x00007ff9bdd90000 - 0x00007ff9bddb6000 	C:\WINDOWS\System32\GDI32.dll
0x00007ff9be650000 - 0x00007ff9be6ee000 	C:\WINDOWS\System32\msvcrt.dll
0x00007ff9bcfb0000 - 0x00007ff9bd144000 	C:\WINDOWS\System32\gdi32full.dll
0x00007ff9bd2f0000 - 0x00007ff9bd38e000 	C:\WINDOWS\System32\msvcp_win.dll
0x00007ff9bef10000 - 0x00007ff9bf246000 	C:\WINDOWS\System32\combase.dll
0x00007ff9bec60000 - 0x00007ff9bed80000 	C:\WINDOWS\System32\RPCRT4.dll
0x00007ff9bced0000 - 0x00007ff9bcf50000 	C:\WINDOWS\System32\bcryptPrimitives.dll
0x00007ff9bdd60000 - 0x00007ff9bdd8e000 	C:\WINDOWS\System32\IMM32.DLL
0x00007ff9610d0000 - 0x00007ff96116d000 	C:\Program Files\Android\Android Studio\jre\bin\msvcp140.dll
0x00007ff95e140000 - 0x00007ff95ec0f000 	C:\Program Files\Android\Android Studio\jre\bin\server\jvm.dll
0x00007ff9be5a0000 - 0x00007ff9be643000 	C:\WINDOWS\System32\ADVAPI32.dll
0x00007ff9bdfc0000 - 0x00007ff9be057000 	C:\WINDOWS\System32\sechost.dll
0x00007ff9bebe0000 - 0x00007ff9bebe8000 	C:\WINDOWS\System32\PSAPI.DLL
0x00007ff9b9d30000 - 0x00007ff9b9d54000 	C:\WINDOWS\SYSTEM32\WINMM.dll
0x00007ff9a7e90000 - 0x00007ff9a7e99000 	C:\WINDOWS\SYSTEM32\WSOCK32.dll
0x00007ff9b5310000 - 0x00007ff9b531a000 	C:\WINDOWS\SYSTEM32\VERSION.dll
0x00007ff9be4d0000 - 0x00007ff9be53f000 	C:\WINDOWS\System32\WS2_32.dll
0x00007ff9b9d00000 - 0x00007ff9b9d2d000 	C:\WINDOWS\SYSTEM32\winmmbase.dll
0x00007ff9bd2a0000 - 0x00007ff9bd2ea000 	C:\WINDOWS\System32\cfgmgr32.dll
0x00007ff9bc2b0000 - 0x00007ff9bc2c1000 	C:\WINDOWS\System32\kernel.appcore.dll
0x00007ff9b73d0000 - 0x00007ff9b73e1000 	C:\Program Files\Android\Android Studio\jre\bin\verify.dll
0x00007ff9bab40000 - 0x00007ff9bad34000 	C:\WINDOWS\SYSTEM32\DBGHELP.DLL
0x00007ff9a7960000 - 0x00007ff9a798a000 	C:\WINDOWS\SYSTEM32\dbgcore.DLL
0x00007ff9b33b0000 - 0x00007ff9b33d9000 	C:\Program Files\Android\Android Studio\jre\bin\java.dll
0x00007ff9b8550000 - 0x00007ff9b855b000 	C:\Program Files\Android\Android Studio\jre\bin\jimage.dll
0x00007ff9a41f0000 - 0x00007ff9a4208000 	C:\Program Files\Android\Android Studio\jre\bin\zip.dll
0x00007ff9bd4a0000 - 0x00007ff9bdb84000 	C:\WINDOWS\System32\SHELL32.dll
0x00007ff9bf250000 - 0x00007ff9bf2f9000 	C:\WINDOWS\System32\shcore.dll
0x00007ff9bc3d0000 - 0x00007ff9bcb4e000 	C:\WINDOWS\System32\windows.storage.dll
0x00007ff9bc210000 - 0x00007ff9bc233000 	C:\WINDOWS\System32\profapi.dll
0x00007ff9bc240000 - 0x00007ff9bc28a000 	C:\WINDOWS\System32\powrprof.dll
0x00007ff9bc200000 - 0x00007ff9bc210000 	C:\WINDOWS\System32\UMPDC.dll
0x00007ff9be540000 - 0x00007ff9be592000 	C:\WINDOWS\System32\shlwapi.dll
0x00007ff9bceb0000 - 0x00007ff9bcec7000 	C:\WINDOWS\System32\cryptsp.dll
0x00007ff999670000 - 0x00007ff99968a000 	C:\Program Files\Android\Android Studio\jre\bin\net.dll
0x00007ff9ace20000 - 0x00007ff9acf10000 	C:\WINDOWS\SYSTEM32\WINHTTP.dll
0x00007ff9bba70000 - 0x00007ff9bbad7000 	C:\WINDOWS\system32\mswsock.dll
0x00007ff999650000 - 0x00007ff999664000 	C:\Program Files\Android\Android Studio\jre\bin\nio.dll
0x00007ff999740000 - 0x00007ff999767000 	C:\Users\hp\.gradle\native\fdc75f09e3144964f2cf3f50f0aa648679c211496f362492102eb8c894070792\windows-amd64\native-platform.dll
0x00007ff961d40000 - 0x00007ff961ed6000 	C:\Users\hp\.gradle\native\12488b8bf47d2d4c9fbf2f6322a914ad602e24e48041cd04a747c6da556b65c4\windows-amd64\native-platform-file-events.dll
0x00007ff9b33a0000 - 0x00007ff9b33aa000 	C:\Program Files\Android\Android Studio\jre\bin\management.dll
0x00007ff9a8d80000 - 0x00007ff9a8d8c000 	C:\Program Files\Android\Android Studio\jre\bin\management_ext.dll
0x00007ff9bb580000 - 0x00007ff9bb5b3000 	C:\WINDOWS\system32\rsaenh.dll
0x00007ff9bcf80000 - 0x00007ff9bcfa6000 	C:\WINDOWS\System32\bcrypt.dll
0x00007ff9bc0f0000 - 0x00007ff9bc115000 	C:\WINDOWS\SYSTEM32\USERENV.dll
0x00007ff9bbc40000 - 0x00007ff9bbc4c000 	C:\WINDOWS\SYSTEM32\CRYPTBASE.dll
0x00007ff9bb720000 - 0x00007ff9bb75a000 	C:\WINDOWS\SYSTEM32\IPHLPAPI.DLL
0x00007ff9bea20000 - 0x00007ff9bea28000 	C:\WINDOWS\System32\NSI.dll
0x00007ff9b35a0000 - 0x00007ff9b35b6000 	C:\WINDOWS\SYSTEM32\dhcpcsvc6.DLL
0x00007ff9b3d80000 - 0x00007ff9b3d9c000 	C:\WINDOWS\SYSTEM32\dhcpcsvc.DLL
0x00007ff9bb760000 - 0x00007ff9bb82b000 	C:\WINDOWS\SYSTEM32\DNSAPI.dll
0x00007ff9b5300000 - 0x00007ff9b530b000 	C:\WINDOWS\SYSTEM32\WINNSI.DLL
0x00007ff9b34d0000 - 0x00007ff9b34d8000 	C:\Program Files\Android\Android Studio\jre\bin\rmi.dll

dbghelp: loaded successfully - version: 4.0.5 - missing functions: none
symbol engine: initialized successfully - sym options: 0x614 - pdb path: .;C:\Program Files\Android\Android Studio\jre\bin;C:\WINDOWS\SYSTEM32;C:\WINDOWS\WinSxS\amd64_microsoft.windows.common-controls_6595b64144ccf1df_6.0.18362.836_none_e6c4b943130f18ed;C:\Program Files\Android\Android Studio\jre\bin\server;C:\Users\hp\.gradle\native\fdc75f09e3144964f2cf3f50f0aa648679c211496f362492102eb8c894070792\windows-amd64;C:\Users\hp\.gradle\native\12488b8bf47d2d4c9fbf2f6322a914ad602e24e48041cd04a747c6da556b65c4\windows-amd64

VM Arguments:
jvm_args: --add-opens=java.base/java.util=ALL-UNNAMED --add-opens=java.base/java.lang=ALL-UNNAMED --add-opens=java.base/java.lang.invoke=ALL-UNNAMED --add-opens=java.prefs/java.util.prefs=ALL-UNNAMED -Xmx2048m -Dfile.encoding=UTF-8 -Duser.country=US -Duser.language=en -Duser.variant 
java_command: org.gradle.launcher.daemon.bootstrap.GradleDaemon 6.7.1
java_class_path (initial): C:\Users\hp\.gradle\wrapper\dists\gradle-6.7.1-bin\bwlcbys1h7rz3272sye1xwiv6\gradle-6.7.1\lib\gradle-launcher-6.7.1.jar
Launcher Type: SUN_STANDARD

[Global flags]
     intx CICompilerCount                          = 4                                         {product} {ergonomic}
     uint ConcGCThreads                            = 2                                         {product} {ergonomic}
     uint G1ConcRefinementThreads                  = 8                                         {product} {ergonomic}
   size_t G1HeapRegionSize                         = 1048576                                   {product} {ergonomic}
    uintx GCDrainStackTargetSize                   = 64                                        {product} {ergonomic}
   size_t InitialHeapSize                          = 268435456                                 {product} {ergonomic}
   size_t MarkStackSize                            = 4194304                                   {product} {ergonomic}
   size_t MaxHeapSize                              = 2147483648                                {product} {command line}
   size_t MaxNewSize                               = 1287651328                                {product} {ergonomic}
   size_t MinHeapDeltaBytes                        = 1048576                                   {product} {ergonomic}
    uintx NonNMethodCodeHeapSize                   = 5836300                                {pd product} {ergonomic}
    uintx NonProfiledCodeHeapSize                  = 122910970                              {pd product} {ergonomic}
    uintx ProfiledCodeHeapSize                     = 122910970                              {pd product} {ergonomic}
    uintx ReservedCodeCacheSize                    = 251658240                              {pd product} {ergonomic}
     bool SegmentedCodeCache                       = true                                      {product} {ergonomic}
     bool UseCompressedClassPointers               = true                                 {lp64_product} {ergonomic}
     bool UseCompressedOops                        = true                                 {lp64_product} {ergonomic}
     bool UseG1GC                                  = true                                      {product} {ergonomic}
     bool UseLargePagesIndividualAllocation        = false                                  {pd product} {ergonomic}

Logging:
Log output configuration:
 #0: stdout all=warning uptime,level,tags
 #1: stderr all=off uptime,level,tags

Environment Variables:
JAVA_HOME=C:\Program Files\Java\jre1.8.0_212
PATH=C:\Program Files (x86)\Common Files\Oracle\Java\javapath;C:\WINDOWS\system32;C:\WINDOWS;C:\WINDOWS\System32\Wbem;C:\WINDOWS\System32\WindowsPowerShell\v1.0\;C:\WINDOWS\System32\OpenSSH\;C:\Program Files\Git\cmd;C:\Program Files\NVIDIA Corporation\NVIDIA NvDLISR;C:\Users\hp\AppData\Local\Microsoft\WindowsApps;D:\Program Files\Microsoft VS Code\bin;D:\Program Files\JetBrains\PyCharm 2019.1.3\bin;C:\adb;C:\WINDOWS\system32;C:\WINDOWS;C:\WINDOWS\System32\Wbem;C:\WINDOWS\System32\WindowsPowerShell\v1.0\;C:\WINDOWS\System32\OpenSSH\;C:\Program Files (x86)\NVIDIA Corporation\PhysX\Common;C:\Users\hp\AppData\Local\Microsoft\WindowsApps;;D:\Program Files\Microsoft VS Code\bin;D:\Program Files\JetBrains\PyCharm 2019.1.3\bin;
USERNAME=hp
OS=Windows_NT
PROCESSOR_IDENTIFIER=Intel64 Family 6 Model 158 Stepping 9, GenuineIntel



---------------  S Y S T E M  ---------------

OS: Windows 10 , 64 bit Build 18362 (10.0.18362.778)
OS uptime: 9 days 19:51 hours

CPU:total 8 (initial active 8) (4 cores per cpu, 2 threads per core) family 6 model 158 stepping 9 microcode 0xb4, cmov, cx8, fxsr, mmx, sse, sse2, sse3, ssse3, sse4.1, sse4.2, popcnt, avx, avx2, aes, clmul, erms, 3dnowpref, lzcnt, ht, tsc, tscinvbit, bmi1, bmi2, adx, fma

Memory: 4k page, system-wide physical 16267M (2766M free)
TotalPageFile size 31347M (AvailPageFile size 275M)
current process WorkingSet (physical memory assigned to process): 665M, peak: 689M
current process commit charge ("private bytes"): 773M, peak: 1102M

vm_info: OpenJDK 64-Bit Server VM (11.0.10+0-b96-7249189) for windows-amd64 JRE (11.0.10+0-b96-7249189), built on Mar 31 2021 21:44:00 by "builder" with MS VC++ 14.0 (VS2015)

END.
