#
# There is insufficient memory for the Java Runtime Environment to continue.
# Native memory allocation (mmap) failed to map 159383552 bytes for Failed to commit area from 0x00000000a1900000 to 0x00000000ab100000 of length 159383552.
# Possible reasons:
#   The system is out of physical RAM or swap space
#   The process is running with CompressedOops enabled, and the Java Heap may be blocking the growth of the native heap
# Possible solutions:
#   Reduce memory load on the system
#   Increase physical memory or swap space
#   Check if swap backing store is full
#   Decrease Java heap size (-Xmx/-Xms)
#   Decrease number of Java threads
#   Decrease Java thread stack sizes (-Xss)
#   Set larger code cache with -XX:ReservedCodeCacheSize=
#   JVM is running with Unscaled Compressed Oops mode in which the Java heap is
#     placed in the first 4GB address space. The Java Heap base address is the
#     maximum limit for the native heap growth. Please use -XX:HeapBaseMinAddress
#     to set the Java Heap base and to place the Java Heap above 4GB virtual address.
# This output file may be truncated or incomplete.
#
#  Out of Memory Error (./src/hotspot/os/windows/os_windows.cpp:3301), pid=20720, tid=8548
#
# JRE version: OpenJDK Runtime Environment (11.0.10) (build 11.0.10+0-b96-7249189)
# Java VM: OpenJDK 64-Bit Server VM (11.0.10+0-b96-7249189, mixed mode, tiered, compressed oops, g1 gc, windows-amd64)
# No core dump will be written. Minidumps are not enabled by default on client versions of Windows
#

---------------  S U M M A R Y ------------

Command Line: --add-opens=java.base/java.util=ALL-UNNAMED --add-opens=java.base/java.lang=ALL-UNNAMED --add-opens=java.base/java.lang.invoke=ALL-UNNAMED --add-opens=java.prefs/java.util.prefs=ALL-UNNAMED -Xmx2048m -Dfile.encoding=UTF-8 -Duser.country=US -Duser.language=en -Duser.variant org.gradle.launcher.daemon.bootstrap.GradleDaemon 6.7.1

Host: Intel(R) Core(TM) i7-7700HQ CPU @ 2.80GHz, 8 cores, 15G,  Windows 10 , 64 bit Build 18362 (10.0.18362.778)
Time: Tue Jan  4 20:24:31 2022 Pakistan Standard Time elapsed time: 19.391339 seconds (0d 0h 0m 19s)

---------------  T H R E A D  ---------------

Current thread (0x000001e49b40f000):  VMThread "VM Thread" [stack: 0x0000009607900000,0x0000009607a00000] [id=8548]

Stack: [0x0000009607900000,0x0000009607a00000]
[error occurred during error reporting (printing stack bounds), id 0xc0000005, EXCEPTION_ACCESS_VIOLATION (0xc0000005) at pc=0x000001e483a30f2d]

Native frames: (J=compiled Java code, j=interpreted, Vv=VM code, C=native code)
V  [jvm.dll+0x5ecfaa]
V  [jvm.dll+0x722bd5]
V  [jvm.dll+0x72412d]
V  [jvm.dll+0x724745]
V  [jvm.dll+0x7246fb]
V  [jvm.dll+0x5ec348]
V  [jvm.dll+0x5ecad8]
C  [ntdll.dll+0xa11cf]
C  [ntdll.dll+0x6a209]
C  [ntdll.dll+0x9fe3e]
C  0x000001e483a30f2d

VM_Operation (0x000000960acf95a0): G1CollectForAllocation, mode: safepoint, requested by thread 0x000001e4a0ca4800


---------------  P R O C E S S  ---------------

Threads class SMR info:
_java_thread_list=0x000001e49f12e9b0, length=175, elements={
0x000001e4fdf4b000, 0x000001e49b411000, 0x000001e49b41a800, 0x000001e49b46f800,
0x000001e49b471000, 0x000001e49b475000, 0x000001e49b483800, 0x000001e49b48f000,
0x000001e49b4a8000, 0x000001e49b606000, 0x000001e49eec9000, 0x000001e49dc0b800,
0x000001e49c7d9000, 0x000001e49dd83800, 0x000001e49d052000, 0x000001e49d956000,
0x000001e49db87000, 0x000001e49e0d3000, 0x000001e49cdf1800, 0x000001e49b48f800,
0x000001e49b493000, 0x000001e49b493800, 0x000001e49b492000, 0x000001e49b494800,
0x000001e49b495800, 0x000001e49b490800, 0x000001e4a0ca0800, 0x000001e4a0c9c800,
0x000001e4a0c9f800, 0x000001e4a0c9d000, 0x000001e4a0ca3000, 0x000001e4a0ca6000,
0x000001e4a0ca3800, 0x000001e4a0ca7000, 0x000001e4a0ca1000, 0x000001e4a0ca7800,
0x000001e4a0ca9800, 0x000001e4a0ca8800, 0x000001e4a0caa000, 0x000001e4a0ca4800,
0x000001e4a0cab000, 0x000001e49c1b0000, 0x000001e49c1ad800, 0x000001e49c1b0800,
0x000001e49c1ac800, 0x000001e49c1ab000, 0x000001e49c1ae800, 0x000001e49c1af000,
0x000001e49c1ac000, 0x000001e49c1b1800, 0x000001e4a09e6800, 0x000001e4a09e6000,
0x000001e4a09e1000, 0x000001e4a09e5000, 0x000001e4a09e2800, 0x000001e4a09e3800,
0x000001e4a09e7800, 0x000001e4a09e4000, 0x000001e4a09e2000, 0x000001e4a0dd0000,
0x000001e4a0dce800, 0x000001e4a0dcc800, 0x000001e4a0dcd800, 0x000001e4a0dd0800,
0x000001e4a0dcf000, 0x000001e4a0dcc000, 0x000001e4a0dd1800, 0x000001e4a0dd2800,
0x000001e4a0de1800, 0x000001e4a0de0000, 0x000001e4a0ddf000, 0x000001e4a0dde000,
0x000001e4a0ddd800, 0x000001e4a0de2000, 0x000001e4a0ddc800, 0x000001e4a0de3000,
0x000001e4a0de4800, 0x000001e4a0de5800, 0x000001e4a0de4000, 0x000001e4a0de6800,
0x000001e4a0de0800, 0x000001e4a0de7000, 0x000001e4a0de8000, 0x000001e4a0de8800,
0x000001e4a0de9800, 0x000001e4a0dea800, 0x000001e4a0deb000, 0x000001e49b9c4000,
0x000001e49b9c4800, 0x000001e49b9c2800, 0x000001e49b9c5800, 0x000001e49b9c3000,
0x000001e49b9c0000, 0x000001e49b9c6800, 0x000001e49b9c0800, 0x000001e49b9c7000,
0x000001e49b9c1800, 0x000001e49b9cb000, 0x000001e49b9c9800, 0x000001e49b9cd000,
0x000001e49b9c8000, 0x000001e49b9c9000, 0x000001e49b9cc000, 0x000001e49b9ca800,
0x000001e49b9cd800, 0x000001e49b9ce800, 0x000001e4a0ce5000, 0x000001e4a0ce6800,
0x000001e4a0ce8800, 0x000001e4a0ce7800, 0x000001e4a0ce9000, 0x000001e4a0ce4800,
0x000001e4a0cea000, 0x000001e4a0ceb000, 0x000001e4a0ceb800, 0x000001e4a0ce6000,
0x000001e4a0cf1800, 0x000001e4a0cec800, 0x000001e4a0cee000, 0x000001e4a0cef000,
0x000001e4a0cef800, 0x000001e4a0ced000, 0x000001e4a0cf0800, 0x000001e4a0cf2000,
0x000001e4a0cf3000, 0x000001e4a09c5000, 0x000001e4a09c1800, 0x000001e4a09c2800,
0x000001e4a09c4000, 0x000001e4a09c6000, 0x000001e4a09c6800, 0x000001e4a09c3800,
0x000001e4a09c1000, 0x000001e4a09c7800, 0x000001e4a09ce000, 0x000001e4a09c9000,
0x000001e4a09ca800, 0x000001e4a09c8000, 0x000001e4a09cd000, 0x000001e4a09cb800,
0x000001e4a09cf000, 0x000001e4a09cf800, 0x000001e4a09ca000, 0x000001e4a09cc800,
0x000001e49ef9c800, 0x000001e49efa0800, 0x000001e49ef9d000, 0x000001e49ef9b000,
0x000001e49ef9e000, 0x000001e49ef9f000, 0x000001e49ef9b800, 0x000001e49efa4800,
0x000001e49ef9f800, 0x000001e49efa5800, 0x000001e49efa6000, 0x000001e49efa2000,
0x000001e49efa1800, 0x000001e49efa7000, 0x000001e49efa8000, 0x000001e49efa3000,
0x000001e49efa9800, 0x000001e49b491000, 0x000001e4a3002800, 0x000001e4a3004000,
0x000001e4a3004800, 0x000001e4a3005800, 0x000001e4a3009000, 0x000001e4a3006800,
0x000001e4a3008000, 0x000001e4a3007000, 0x000001e4a3003000, 0x000001e4a300d000,
0x000001e4a300b800, 0x000001e4a300e800, 0x000001e4a300c000
}

Java Threads: ( => current thread )
  0x000001e4fdf4b000 JavaThread "main" [_thread_blocked, id=14684, stack(0x0000009607300000,0x0000009607400000)]
  0x000001e49b411000 JavaThread "Reference Handler" daemon [_thread_blocked, id=10456, stack(0x0000009607a00000,0x0000009607b00000)]
  0x000001e49b41a800 JavaThread "Finalizer" daemon [_thread_blocked, id=4672, stack(0x0000009607b00000,0x0000009607c00000)]
  0x000001e49b46f800 JavaThread "Signal Dispatcher" daemon [_thread_blocked, id=16544, stack(0x0000009607c00000,0x0000009607d00000)]
  0x000001e49b471000 JavaThread "Attach Listener" daemon [_thread_blocked, id=17852, stack(0x0000009607d00000,0x0000009607e00000)]
  0x000001e49b475000 JavaThread "Service Thread" daemon [_thread_blocked, id=24508, stack(0x0000009607e00000,0x0000009607f00000)]
  0x000001e49b483800 JavaThread "C2 CompilerThread0" daemon [_thread_blocked, id=11380, stack(0x0000009607f00000,0x0000009608000000)]
  0x000001e49b48f000 JavaThread "C1 CompilerThread0" daemon [_thread_blocked, id=26032, stack(0x0000009608000000,0x0000009608100000)]
  0x000001e49b4a8000 JavaThread "Sweeper thread" daemon [_thread_blocked, id=26984, stack(0x0000009608100000,0x0000009608200000)]
  0x000001e49b606000 JavaThread "Common-Cleaner" daemon [_thread_blocked, id=25420, stack(0x0000009608200000,0x0000009608300000)]
  0x000001e49eec9000 JavaThread "Daemon health stats" [_thread_blocked, id=12064, stack(0x0000009608b00000,0x0000009608c00000)]
  0x000001e49dc0b800 JavaThread "Incoming local TCP Connector on port 58742" [_thread_in_native, id=14840, stack(0x0000009608c00000,0x0000009608d00000)]
  0x000001e49c7d9000 JavaThread "Daemon periodic checks" [_thread_blocked, id=11540, stack(0x0000009608d00000,0x0000009608e00000)]
  0x000001e49dd83800 JavaThread "Daemon" [_thread_blocked, id=15444, stack(0x0000009608e00000,0x0000009608f00000)]
  0x000001e49d052000 JavaThread "Handler for socket connection from /127.0.0.1:58742 to /127.0.0.1:58743" [_thread_in_native, id=10180, stack(0x0000009608f00000,0x0000009609000000)]
  0x000001e49d956000 JavaThread "Cancel handler" [_thread_blocked, id=24256, stack(0x0000009609000000,0x0000009609100000)]
  0x000001e49db87000 JavaThread "Daemon worker" [_thread_blocked, id=23816, stack(0x0000009609100000,0x0000009609200000)]
  0x000001e49e0d3000 JavaThread "Asynchronous log dispatcher for DefaultDaemonConnection: socket connection from /127.0.0.1:58742 to /127.0.0.1:58743" [_thread_blocked, id=16908, stack(0x0000009609200000,0x0000009609300000)]
  0x000001e49cdf1800 JavaThread "Stdin handler" [_thread_blocked, id=20708, stack(0x0000009609300000,0x0000009609400000)]
  0x000001e49b48f800 JavaThread "Thread-8" [_thread_blocked, id=26232, stack(0x0000009609400000,0x0000009609500000)]
  0x000001e49b493000 JavaThread "Cache worker for file hash cache (C:\Users\hp\.gradle\caches\6.7.1\fileHashes)" [_thread_blocked, id=7384, stack(0x0000009609500000,0x0000009609600000)]
  0x000001e49b493800 JavaThread "File lock request listener" [_thread_in_native, id=15284, stack(0x0000009609600000,0x0000009609700000)]
  0x000001e49b492000 JavaThread "Cache worker for journal cache (C:\Users\hp\.gradle\caches\journal-1)" [_thread_blocked, id=23624, stack(0x0000009609a00000,0x0000009609b00000)]
  0x000001e49b494800 JavaThread "C2 CompilerThread1" daemon [_thread_in_native, id=14168, stack(0x0000009609b00000,0x0000009609c00000)]
  0x000001e49b495800 JavaThread "Cache worker for file hash cache (E:\OfficeGit\Berger_Xpress_Visualizer\Berger_Visualizer\Berger Visualizer\.gradle\6.7.1\fileHashes)" [_thread_blocked, id=17488, stack(0x0000009609d00000,0x0000009609e00000)]
  0x000001e49b490800 JavaThread "Cache worker for checksums cache (E:\OfficeGit\Berger_Xpress_Visualizer\Berger_Visualizer\Berger Visualizer\.gradle\checksums)" [_thread_blocked, id=16964, stack(0x0000009609e00000,0x0000009609f00000)]
  0x000001e4a0ca0800 JavaThread "Cache worker for cache directory md-supplier (C:\Users\hp\.gradle\caches\6.7.1\md-supplier)" [_thread_blocked, id=24212, stack(0x0000009609f00000,0x000000960a000000)]
  0x000001e4a0c9c800 JavaThread "Cache worker for cache directory md-rule (C:\Users\hp\.gradle\caches\6.7.1\md-rule)" [_thread_blocked, id=24328, stack(0x000000960a000000,0x000000960a100000)]
  0x000001e4a0c9f800 JavaThread "Cache worker for execution history cache (C:\Users\hp\.gradle\caches\6.7.1\executionHistory)" [_thread_blocked, id=27168, stack(0x000000960a100000,0x000000960a200000)]
  0x000001e4a0c9d000 JavaThread "jar transforms" [_thread_blocked, id=7996, stack(0x000000960a200000,0x000000960a300000)]
  0x000001e4a0ca3000 JavaThread "Cache worker for file content cache (C:\Users\hp\.gradle\caches\6.7.1\fileContent)" [_thread_blocked, id=10796, stack(0x000000960a300000,0x000000960a400000)]
  0x000001e4a0ca6000 JavaThread "Cache worker for Build Output Cleanup Cache (E:\OfficeGit\Berger_Xpress_Visualizer\Berger_Visualizer\Berger Visualizer\.gradle\buildOutputCleanup)" [_thread_blocked, id=10888, stack(0x000000960a400000,0x000000960a500000)]
  0x000001e4a0ca3800 JavaThread "Build operations" [_thread_blocked, id=24948, stack(0x000000960a500000,0x000000960a600000)]
  0x000001e4a0ca7000 JavaThread "Build operations Thread 2" [_thread_blocked, id=25168, stack(0x000000960a600000,0x000000960a700000)]
  0x000001e4a0ca1000 JavaThread "Build operations Thread 3" [_thread_blocked, id=8328, stack(0x000000960a700000,0x000000960a800000)]
  0x000001e4a0ca7800 JavaThread "Build operations Thread 4" [_thread_blocked, id=15492, stack(0x000000960a800000,0x000000960a900000)]
  0x000001e4a0ca9800 JavaThread "Build operations Thread 5" [_thread_blocked, id=19396, stack(0x000000960a900000,0x000000960aa00000)]
  0x000001e4a0ca8800 JavaThread "Build operations Thread 6" [_thread_blocked, id=24756, stack(0x000000960aa00000,0x000000960ab00000)]
  0x000001e4a0caa000 JavaThread "Build operations Thread 7" [_thread_blocked, id=23856, stack(0x000000960ab00000,0x000000960ac00000)]
  0x000001e4a0ca4800 JavaThread "Build operations Thread 8" [_thread_blocked, id=26788, stack(0x000000960ac00000,0x000000960ad00000)]
  0x000001e4a0cab000 JavaThread "jar transforms Thread 2" [_thread_blocked, id=10568, stack(0x000000960ad00000,0x000000960ae00000)]
  0x000001e49c1b0000 JavaThread "jar transforms Thread 3" [_thread_blocked, id=6404, stack(0x000000960ae00000,0x000000960af00000)]
  0x000001e49c1ad800 JavaThread "jar transforms Thread 4" [_thread_blocked, id=22184, stack(0x000000960af00000,0x000000960b000000)]
  0x000001e49c1b0800 JavaThread "jar transforms Thread 5" [_thread_blocked, id=12412, stack(0x000000960b000000,0x000000960b100000)]
  0x000001e49c1ac800 JavaThread "jar transforms Thread 6" [_thread_blocked, id=8880, stack(0x000000960b100000,0x000000960b200000)]
  0x000001e49c1ab000 JavaThread "jar transforms Thread 7" [_thread_blocked, id=20552, stack(0x000000960b200000,0x000000960b300000)]
  0x000001e49c1ae800 JavaThread "jar transforms Thread 8" [_thread_blocked, id=3760, stack(0x000000960b300000,0x000000960b400000)]
  0x000001e49c1af000 JavaThread "jar transforms Thread 9" [_thread_blocked, id=24232, stack(0x000000960b400000,0x000000960b500000)]
  0x000001e49c1ac000 JavaThread "jar transforms Thread 10" [_thread_blocked, id=24144, stack(0x000000960b500000,0x000000960b600000)]
  0x000001e49c1b1800 JavaThread "jar transforms Thread 11" [_thread_blocked, id=4264, stack(0x000000960b600000,0x000000960b700000)]
  0x000001e4a09e6800 JavaThread "jar transforms Thread 12" [_thread_blocked, id=24360, stack(0x000000960b700000,0x000000960b800000)]
  0x000001e4a09e6000 JavaThread "jar transforms Thread 13" [_thread_blocked, id=23724, stack(0x000000960b800000,0x000000960b900000)]
  0x000001e4a09e1000 JavaThread "jar transforms Thread 14" [_thread_blocked, id=23572, stack(0x000000960b900000,0x000000960ba00000)]
  0x000001e4a09e5000 JavaThread "jar transforms Thread 15" [_thread_blocked, id=21948, stack(0x000000960ba00000,0x000000960bb00000)]
  0x000001e4a09e2800 JavaThread "jar transforms Thread 16" [_thread_blocked, id=20356, stack(0x000000960bb00000,0x000000960bc00000)]
  0x000001e4a09e3800 JavaThread "jar transforms Thread 17" [_thread_blocked, id=22816, stack(0x000000960bc00000,0x000000960bd00000)]
  0x000001e4a09e7800 JavaThread "jar transforms Thread 18" [_thread_blocked, id=8408, stack(0x000000960bd00000,0x000000960be00000)]
  0x000001e4a09e4000 JavaThread "jar transforms Thread 19" [_thread_blocked, id=14088, stack(0x000000960be00000,0x000000960bf00000)]
  0x000001e4a09e2000 JavaThread "jar transforms Thread 20" [_thread_blocked, id=11120, stack(0x000000960bf00000,0x000000960c000000)]
  0x000001e4a0dd0000 JavaThread "jar transforms Thread 21" [_thread_blocked, id=19980, stack(0x000000960c000000,0x000000960c100000)]
  0x000001e4a0dce800 JavaThread "jar transforms Thread 22" [_thread_blocked, id=22952, stack(0x000000960c100000,0x000000960c200000)]
  0x000001e4a0dcc800 JavaThread "jar transforms Thread 23" [_thread_blocked, id=8860, stack(0x000000960c200000,0x000000960c300000)]
  0x000001e4a0dcd800 JavaThread "jar transforms Thread 24" [_thread_blocked, id=11592, stack(0x000000960c300000,0x000000960c400000)]
  0x000001e4a0dd0800 JavaThread "jar transforms Thread 25" [_thread_blocked, id=24516, stack(0x000000960c400000,0x000000960c500000)]
  0x000001e4a0dcf000 JavaThread "jar transforms Thread 26" [_thread_blocked, id=13480, stack(0x000000960c500000,0x000000960c600000)]
  0x000001e4a0dcc000 JavaThread "jar transforms Thread 27" [_thread_blocked, id=20172, stack(0x000000960c600000,0x000000960c700000)]
  0x000001e4a0dd1800 JavaThread "jar transforms Thread 28" [_thread_blocked, id=8976, stack(0x000000960c700000,0x000000960c800000)]
  0x000001e4a0dd2800 JavaThread "jar transforms Thread 29" [_thread_blocked, id=7648, stack(0x000000960c800000,0x000000960c900000)]
  0x000001e4a0de1800 JavaThread "jar transforms Thread 30" [_thread_blocked, id=17608, stack(0x000000960c900000,0x000000960ca00000)]
  0x000001e4a0de0000 JavaThread "jar transforms Thread 31" [_thread_blocked, id=9172, stack(0x000000960ca00000,0x000000960cb00000)]
  0x000001e4a0ddf000 JavaThread "jar transforms Thread 32" [_thread_blocked, id=13328, stack(0x000000960cb00000,0x000000960cc00000)]
  0x000001e4a0dde000 JavaThread "jar transforms Thread 33" [_thread_blocked, id=22780, stack(0x000000960cc00000,0x000000960cd00000)]
  0x000001e4a0ddd800 JavaThread "jar transforms Thread 34" [_thread_blocked, id=24472, stack(0x000000960cd00000,0x000000960ce00000)]
  0x000001e4a0de2000 JavaThread "jar transforms Thread 35" [_thread_blocked, id=10088, stack(0x000000960ce00000,0x000000960cf00000)]
  0x000001e4a0ddc800 JavaThread "jar transforms Thread 36" [_thread_blocked, id=24496, stack(0x000000960cf00000,0x000000960d000000)]
  0x000001e4a0de3000 JavaThread "jar transforms Thread 37" [_thread_blocked, id=16048, stack(0x000000960d000000,0x000000960d100000)]
  0x000001e4a0de4800 JavaThread "jar transforms Thread 38" [_thread_blocked, id=21348, stack(0x000000960d100000,0x000000960d200000)]
  0x000001e4a0de5800 JavaThread "jar transforms Thread 39" [_thread_blocked, id=9712, stack(0x000000960d200000,0x000000960d300000)]
  0x000001e4a0de4000 JavaThread "jar transforms Thread 40" [_thread_blocked, id=11200, stack(0x000000960d300000,0x000000960d400000)]
  0x000001e4a0de6800 JavaThread "jar transforms Thread 41" [_thread_blocked, id=16364, stack(0x000000960d400000,0x000000960d500000)]
  0x000001e4a0de0800 JavaThread "jar transforms Thread 42" [_thread_blocked, id=17392, stack(0x000000960d500000,0x000000960d600000)]
  0x000001e4a0de7000 JavaThread "jar transforms Thread 43" [_thread_blocked, id=25068, stack(0x000000960d600000,0x000000960d700000)]
  0x000001e4a0de8000 JavaThread "jar transforms Thread 44" [_thread_blocked, id=5420, stack(0x000000960d700000,0x000000960d800000)]
  0x000001e4a0de8800 JavaThread "jar transforms Thread 45" [_thread_blocked, id=1396, stack(0x000000960d800000,0x000000960d900000)]
  0x000001e4a0de9800 JavaThread "jar transforms Thread 46" [_thread_blocked, id=26132, stack(0x000000960d900000,0x000000960da00000)]
  0x000001e4a0dea800 JavaThread "jar transforms Thread 47" [_thread_blocked, id=7220, stack(0x000000960da00000,0x000000960db00000)]
  0x000001e4a0deb000 JavaThread "jar transforms Thread 48" [_thread_blocked, id=18680, stack(0x000000960db00000,0x000000960dc00000)]
  0x000001e49b9c4000 JavaThread "jar transforms Thread 49" [_thread_blocked, id=17288, stack(0x000000960dc00000,0x000000960dd00000)]
  0x000001e49b9c4800 JavaThread "jar transforms Thread 50" [_thread_blocked, id=14188, stack(0x000000960dd00000,0x000000960de00000)]
  0x000001e49b9c2800 JavaThread "jar transforms Thread 51" [_thread_blocked, id=18128, stack(0x000000960de00000,0x000000960df00000)]
  0x000001e49b9c5800 JavaThread "jar transforms Thread 52" [_thread_blocked, id=11352, stack(0x000000960df00000,0x000000960e000000)]
  0x000001e49b9c3000 JavaThread "jar transforms Thread 53" [_thread_blocked, id=17056, stack(0x000000960e000000,0x000000960e100000)]
  0x000001e49b9c0000 JavaThread "jar transforms Thread 54" [_thread_blocked, id=1832, stack(0x000000960e100000,0x000000960e200000)]
  0x000001e49b9c6800 JavaThread "jar transforms Thread 55" [_thread_blocked, id=17020, stack(0x000000960e200000,0x000000960e300000)]
  0x000001e49b9c0800 JavaThread "jar transforms Thread 56" [_thread_blocked, id=19316, stack(0x000000960e300000,0x000000960e400000)]
  0x000001e49b9c7000 JavaThread "jar transforms Thread 57" [_thread_blocked, id=25088, stack(0x000000960e400000,0x000000960e500000)]
  0x000001e49b9c1800 JavaThread "jar transforms Thread 58" [_thread_blocked, id=20924, stack(0x000000960e500000,0x000000960e600000)]
  0x000001e49b9cb000 JavaThread "jar transforms Thread 59" [_thread_blocked, id=21892, stack(0x000000960e600000,0x000000960e700000)]
  0x000001e49b9c9800 JavaThread "jar transforms Thread 60" [_thread_blocked, id=20312, stack(0x000000960e700000,0x000000960e800000)]
  0x000001e49b9cd000 JavaThread "jar transforms Thread 61" [_thread_blocked, id=22084, stack(0x000000960e800000,0x000000960e900000)]
  0x000001e49b9c8000 JavaThread "jar transforms Thread 62" [_thread_blocked, id=22704, stack(0x000000960e900000,0x000000960ea00000)]
  0x000001e49b9c9000 JavaThread "jar transforms Thread 63" [_thread_blocked, id=664, stack(0x000000960ea00000,0x000000960eb00000)]
  0x000001e49b9cc000 JavaThread "jar transforms Thread 64" [_thread_blocked, id=18004, stack(0x000000960eb00000,0x000000960ec00000)]
  0x000001e49b9ca800 JavaThread "jar transforms Thread 65" [_thread_blocked, id=20212, stack(0x000000960ec00000,0x000000960ed00000)]
  0x000001e49b9cd800 JavaThread "jar transforms Thread 66" [_thread_blocked, id=10300, stack(0x000000960ed00000,0x000000960ee00000)]
  0x000001e49b9ce800 JavaThread "jar transforms Thread 67" [_thread_blocked, id=21816, stack(0x000000960ee00000,0x000000960ef00000)]
  0x000001e4a0ce5000 JavaThread "jar transforms Thread 68" [_thread_blocked, id=9316, stack(0x000000960ef00000,0x000000960f000000)]
  0x000001e4a0ce6800 JavaThread "jar transforms Thread 69" [_thread_blocked, id=10436, stack(0x000000960f000000,0x000000960f100000)]
  0x000001e4a0ce8800 JavaThread "jar transforms Thread 70" [_thread_blocked, id=18556, stack(0x000000960f100000,0x000000960f200000)]
  0x000001e4a0ce7800 JavaThread "jar transforms Thread 71" [_thread_blocked, id=4380, stack(0x000000960f200000,0x000000960f300000)]
  0x000001e4a0ce9000 JavaThread "jar transforms Thread 72" [_thread_blocked, id=25352, stack(0x000000960f300000,0x000000960f400000)]
  0x000001e4a0ce4800 JavaThread "jar transforms Thread 73" [_thread_blocked, id=18192, stack(0x000000960f400000,0x000000960f500000)]
  0x000001e4a0cea000 JavaThread "jar transforms Thread 74" [_thread_blocked, id=10156, stack(0x000000960f500000,0x000000960f600000)]
  0x000001e4a0ceb000 JavaThread "jar transforms Thread 75" [_thread_blocked, id=7920, stack(0x000000960f600000,0x000000960f700000)]
  0x000001e4a0ceb800 JavaThread "jar transforms Thread 76" [_thread_blocked, id=2640, stack(0x000000960f700000,0x000000960f800000)]
  0x000001e4a0ce6000 JavaThread "jar transforms Thread 77" [_thread_blocked, id=8852, stack(0x000000960f800000,0x000000960f900000)]
  0x000001e4a0cf1800 JavaThread "jar transforms Thread 78" [_thread_blocked, id=11672, stack(0x000000960f900000,0x000000960fa00000)]
  0x000001e4a0cec800 JavaThread "jar transforms Thread 79" [_thread_blocked, id=12244, stack(0x000000960fa00000,0x000000960fb00000)]
  0x000001e4a0cee000 JavaThread "jar transforms Thread 80" [_thread_blocked, id=6108, stack(0x000000960fb00000,0x000000960fc00000)]
  0x000001e4a0cef000 JavaThread "jar transforms Thread 81" [_thread_blocked, id=8512, stack(0x000000960fc00000,0x000000960fd00000)]
  0x000001e4a0cef800 JavaThread "jar transforms Thread 82" [_thread_blocked, id=15420, stack(0x000000960fd00000,0x000000960fe00000)]
  0x000001e4a0ced000 JavaThread "jar transforms Thread 83" [_thread_blocked, id=23540, stack(0x000000960fe00000,0x000000960ff00000)]
  0x000001e4a0cf0800 JavaThread "jar transforms Thread 84" [_thread_blocked, id=7132, stack(0x000000960ff00000,0x0000009610000000)]
  0x000001e4a0cf2000 JavaThread "jar transforms Thread 85" [_thread_blocked, id=27032, stack(0x0000009610000000,0x0000009610100000)]
  0x000001e4a0cf3000 JavaThread "jar transforms Thread 86" [_thread_blocked, id=8180, stack(0x0000009610100000,0x0000009610200000)]
  0x000001e4a09c5000 JavaThread "jar transforms Thread 87" [_thread_blocked, id=26920, stack(0x0000009610200000,0x0000009610300000)]
  0x000001e4a09c1800 JavaThread "jar transforms Thread 88" [_thread_blocked, id=24608, stack(0x0000009610300000,0x0000009610400000)]
  0x000001e4a09c2800 JavaThread "jar transforms Thread 89" [_thread_blocked, id=8208, stack(0x0000009610400000,0x0000009610500000)]
  0x000001e4a09c4000 JavaThread "jar transforms Thread 90" [_thread_blocked, id=14820, stack(0x0000009610500000,0x0000009610600000)]
  0x000001e4a09c6000 JavaThread "jar transforms Thread 91" [_thread_blocked, id=21368, stack(0x0000009610600000,0x0000009610700000)]
  0x000001e4a09c6800 JavaThread "jar transforms Thread 92" [_thread_blocked, id=11188, stack(0x0000009610700000,0x0000009610800000)]
  0x000001e4a09c3800 JavaThread "jar transforms Thread 93" [_thread_blocked, id=23868, stack(0x0000009610800000,0x0000009610900000)]
  0x000001e4a09c1000 JavaThread "jar transforms Thread 94" [_thread_blocked, id=16204, stack(0x0000009610900000,0x0000009610a00000)]
  0x000001e4a09c7800 JavaThread "jar transforms Thread 95" [_thread_blocked, id=23704, stack(0x0000009610a00000,0x0000009610b00000)]
  0x000001e4a09ce000 JavaThread "jar transforms Thread 96" [_thread_blocked, id=15188, stack(0x0000009610b00000,0x0000009610c00000)]
  0x000001e4a09c9000 JavaThread "jar transforms Thread 97" [_thread_blocked, id=17908, stack(0x0000009610c00000,0x0000009610d00000)]
  0x000001e4a09ca800 JavaThread "jar transforms Thread 98" [_thread_blocked, id=11964, stack(0x0000009610d00000,0x0000009610e00000)]
  0x000001e4a09c8000 JavaThread "jar transforms Thread 99" [_thread_blocked, id=11600, stack(0x0000009610e00000,0x0000009610f00000)]
  0x000001e4a09cd000 JavaThread "jar transforms Thread 100" [_thread_blocked, id=7272, stack(0x0000009610f00000,0x0000009611000000)]
  0x000001e4a09cb800 JavaThread "jar transforms Thread 101" [_thread_blocked, id=412, stack(0x0000009611000000,0x0000009611100000)]
  0x000001e4a09cf000 JavaThread "jar transforms Thread 102" [_thread_blocked, id=19692, stack(0x0000009611100000,0x0000009611200000)]
  0x000001e4a09cf800 JavaThread "jar transforms Thread 103" [_thread_blocked, id=4200, stack(0x0000009611200000,0x0000009611300000)]
  0x000001e4a09ca000 JavaThread "jar transforms Thread 104" [_thread_blocked, id=27568, stack(0x0000009611300000,0x0000009611400000)]
  0x000001e4a09cc800 JavaThread "jar transforms Thread 105" [_thread_blocked, id=23668, stack(0x0000009611400000,0x0000009611500000)]
  0x000001e49ef9c800 JavaThread "jar transforms Thread 106" [_thread_blocked, id=19104, stack(0x0000009611500000,0x0000009611600000)]
  0x000001e49efa0800 JavaThread "jar transforms Thread 107" [_thread_blocked, id=10228, stack(0x0000009611600000,0x0000009611700000)]
  0x000001e49ef9d000 JavaThread "jar transforms Thread 108" [_thread_blocked, id=15372, stack(0x0000009611700000,0x0000009611800000)]
  0x000001e49ef9b000 JavaThread "jar transforms Thread 109" [_thread_blocked, id=9136, stack(0x0000009611800000,0x0000009611900000)]
  0x000001e49ef9e000 JavaThread "jar transforms Thread 110" [_thread_blocked, id=18780, stack(0x0000009611900000,0x0000009611a00000)]
  0x000001e49ef9f000 JavaThread "jar transforms Thread 111" [_thread_blocked, id=27308, stack(0x0000009611a00000,0x0000009611b00000)]
  0x000001e49ef9b800 JavaThread "jar transforms Thread 112" [_thread_blocked, id=25448, stack(0x0000009611b00000,0x0000009611c00000)]
  0x000001e49efa4800 JavaThread "jar transforms Thread 113" [_thread_blocked, id=26520, stack(0x0000009611c00000,0x0000009611d00000)]
  0x000001e49ef9f800 JavaThread "jar transforms Thread 114" [_thread_blocked, id=15084, stack(0x0000009611d00000,0x0000009611e00000)]
  0x000001e49efa5800 JavaThread "jar transforms Thread 115" [_thread_blocked, id=26988, stack(0x0000009611e00000,0x0000009611f00000)]
  0x000001e49efa6000 JavaThread "jar transforms Thread 116" [_thread_blocked, id=27336, stack(0x0000009611f00000,0x0000009612000000)]
  0x000001e49efa2000 JavaThread "jar transforms Thread 117" [_thread_blocked, id=5752, stack(0x0000009612000000,0x0000009612100000)]
  0x000001e49efa1800 JavaThread "jar transforms Thread 118" [_thread_blocked, id=9844, stack(0x0000009612100000,0x0000009612200000)]
  0x000001e49efa7000 JavaThread "jar transforms Thread 119" [_thread_blocked, id=16508, stack(0x0000009612200000,0x0000009612300000)]
  0x000001e49efa8000 JavaThread "Memory manager" [_thread_blocked, id=14428, stack(0x0000009612300000,0x0000009612400000)]
  0x000001e49efa3000 JavaThread "build event listener" [_thread_blocked, id=20736, stack(0x0000009612700000,0x0000009612800000)]
  0x000001e49efa9800 JavaThread "build event listener" [_thread_blocked, id=13960, stack(0x0000009612800000,0x0000009612900000)]
  0x000001e49b491000 JavaThread "Execution worker for ':'" [_thread_blocked, id=20668, stack(0x0000009612900000,0x0000009612a00000)]
  0x000001e4a3002800 JavaThread "Execution worker for ':' Thread 2" [_thread_blocked, id=17232, stack(0x0000009612a00000,0x0000009612b00000)]
  0x000001e4a3004000 JavaThread "Execution worker for ':' Thread 3" [_thread_blocked, id=15884, stack(0x0000009612b00000,0x0000009612c00000)]
  0x000001e4a3004800 JavaThread "Execution worker for ':' Thread 4" [_thread_blocked, id=27356, stack(0x0000009612c00000,0x0000009612d00000)]
  0x000001e4a3005800 JavaThread "Execution worker for ':' Thread 5" [_thread_blocked, id=20584, stack(0x0000009612d00000,0x0000009612e00000)]
  0x000001e4a3009000 JavaThread "Execution worker for ':' Thread 6" [_thread_blocked, id=12664, stack(0x0000009612e00000,0x0000009612f00000)]
  0x000001e4a3006800 JavaThread "Execution worker for ':' Thread 7" [_thread_blocked, id=7096, stack(0x0000009612f00000,0x0000009613000000)]
  0x000001e4a3008000 JavaThread "Cache worker for execution history cache (E:\OfficeGit\Berger_Xpress_Visualizer\Berger_Visualizer\Berger Visualizer\.gradle\6.7.1\executionHistory)" [_thread_blocked, id=1908, stack(0x0000009613000000,0x0000009613100000)]
  0x000001e4a3007000 JavaThread "C2 CompilerThread2" daemon [_thread_in_native, id=25172, stack(0x0000009609c00000,0x0000009609d00000)]
  0x000001e4a3003000 JavaThread "WorkerExecutor Queue" [_thread_blocked, id=23852, stack(0x0000009613100000,0x0000009613200000)]
  0x000001e4a300d000 JavaThread "pool-4-thread-1" [_thread_blocked, id=1328, stack(0x0000009613200000,0x0000009613300000)]
  0x000001e4a300b800 JavaThread "stderr" [_thread_in_native, id=17728, stack(0x0000009613300000,0x0000009613400000)]
  0x000001e4a300e800 JavaThread "stdout" [_thread_in_native, id=14132, stack(0x0000009613400000,0x0000009613500000)]
  0x000001e4a300c000 JavaThread "WorkerExecutor Queue Thread 2" [_thread_blocked, id=25036, stack(0x0000009613500000,0x0000009613600000)]

Other Threads:
=>0x000001e49b40f000 VMThread "VM Thread" [stack: 0x0000009607900000,0x0000009607a00000] [id=8548]
  0x000001e49b636800 WatcherThread [stack: 0x0000009608300000,0x0000009608400000] [id=23968]
  0x000001e4fdf64800 GCTaskThread "GC Thread#0" [stack: 0x0000009607400000,0x0000009607500000] [id=15888]
  0x000001e49c31f800 GCTaskThread "GC Thread#1" [stack: 0x0000009608600000,0x0000009608700000] [id=10080]
  0x000001e49c0dc800 GCTaskThread "GC Thread#2" [stack: 0x0000009608700000,0x0000009608800000] [id=11812]
  0x000001e49c232000 GCTaskThread "GC Thread#3" [stack: 0x0000009608800000,0x0000009608900000] [id=14592]
  0x000001e49c161000 GCTaskThread "GC Thread#4" [stack: 0x0000009608900000,0x0000009608a00000] [id=14260]
  0x000001e49c161800 GCTaskThread "GC Thread#5" [stack: 0x0000009608a00000,0x0000009608b00000] [id=26100]
  0x000001e49d684000 GCTaskThread "GC Thread#6" [stack: 0x0000009609700000,0x0000009609800000] [id=19864]
  0x000001e49d864800 GCTaskThread "GC Thread#7" [stack: 0x0000009609800000,0x0000009609900000] [id=12468]
  0x000001e4fdf95800 ConcurrentGCThread "G1 Main Marker" [stack: 0x0000009607500000,0x0000009607600000] [id=16796]
  0x000001e4fdf98800 ConcurrentGCThread "G1 Conc#0" [stack: 0x0000009607600000,0x0000009607700000] [id=8372]
  0x000001e49e0cf000 ConcurrentGCThread "G1 Conc#1" [stack: 0x0000009609900000,0x0000009609a00000] [id=24412]
  0x000001e49aa60800 ConcurrentGCThread "G1 Refine#0" [stack: 0x0000009607700000,0x0000009607800000] [id=16644]
  0x000001e49ba4d800 ConcurrentGCThread "G1 Refine#1" [stack: 0x0000009612400000,0x0000009612500000] [id=24660]
  0x000001e4a1095800 ConcurrentGCThread "G1 Refine#2" [stack: 0x0000009612500000,0x0000009612600000] [id=16040]
  0x000001e4a0923800 ConcurrentGCThread "G1 Refine#3" [stack: 0x0000009612600000,0x0000009612700000] [id=16728]
  0x000001e49aa61800 ConcurrentGCThread "G1 Young RemSet Sampling" [stack: 0x0000009607800000,0x0000009607900000] [id=2536]

Threads with active compile tasks:
C2 CompilerThread0  19414 15210 %     4       com.android.tools.r8.ir.regalloc.a::a @ 16 (1824 bytes)
C2 CompilerThread1  19414 14956       4       com.android.tools.r8.C.a.a.f::a (6058 bytes)
C2 CompilerThread2  19414 15209 %     4       com.android.tools.r8.ir.regalloc.a::a @ 2162 (4001 bytes)

VM state:at safepoint (normal execution)

VM Mutex/Monitor currently owned by a thread:  ([mutex/lock_event])
[0x000001e4fdf46db0] Threads_lock - owner thread: 0x000001e49b40f000
[0x000001e4fdf47f20] Heap_lock - owner thread: 0x000001e4a0ca4800

Heap address: 0x0000000080000000, size: 2048 MB, Compressed Oops mode: 32-bit
Narrow klass base: 0x0000000000000000, Narrow klass shift: 3
Compressed class space size: 1073741824 Address: 0x0000000100000000

Heap:
 garbage-first heap   total 705536K, used 246230K [0x0000000080000000, 0x0000000100000000)
  region size 1024K, 13 young (13312K), 13 survivors (13312K)
 Metaspace       used 98932K, capacity 101504K, committed 102692K, reserved 1138688K
  class space    used 12709K, capacity 13681K, committed 14156K, reserved 1048576K
Heap Regions: E=young(eden), S=young(survivor), O=old, HS=humongous(starts), HC=humongous(continues), CS=collection set, F=free, A=archive, TAMS=top-at-mark-start (previous, next)
|   0|0x0000000080000000, 0x0000000080100000, 0x0000000080100000|100%| O|  |TAMS 0x0000000080100000, 0x0000000080000000| Untracked 
|   1|0x0000000080100000, 0x0000000080200000, 0x0000000080200000|100%| O|  |TAMS 0x0000000080200000, 0x0000000080100000| Untracked 
|   2|0x0000000080200000, 0x0000000080300000, 0x0000000080300000|100%| O|  |TAMS 0x0000000080300000, 0x0000000080200000| Untracked 
|   3|0x0000000080300000, 0x0000000080400000, 0x0000000080400000|100%|HS|  |TAMS 0x0000000080400000, 0x0000000080300000| Complete 
|   4|0x0000000080400000, 0x0000000080500000, 0x0000000080500000|100%|HC|  |TAMS 0x0000000080500000, 0x0000000080400000| Complete 
|   5|0x0000000080500000, 0x0000000080600000, 0x0000000080600000|100%|HC|  |TAMS 0x0000000080600000, 0x0000000080500000| Complete 
|   6|0x0000000080600000, 0x0000000080700000, 0x0000000080700000|100%| O|  |TAMS 0x0000000080700000, 0x0000000080600000| Untracked 
|   7|0x0000000080700000, 0x0000000080800000, 0x0000000080800000|100%| O|  |TAMS 0x0000000080800000, 0x0000000080700000| Untracked 
|   8|0x0000000080800000, 0x0000000080900000, 0x0000000080900000|100%| O|  |TAMS 0x0000000080900000, 0x0000000080800000| Untracked 
|   9|0x0000000080900000, 0x0000000080a00000, 0x0000000080a00000|100%| O|  |TAMS 0x0000000080a00000, 0x0000000080900000| Untracked 
|  10|0x0000000080a00000, 0x0000000080b00000, 0x0000000080b00000|100%| O|  |TAMS 0x0000000080b00000, 0x0000000080a00000| Untracked 
|  11|0x0000000080b00000, 0x0000000080c00000, 0x0000000080c00000|100%| O|  |TAMS 0x0000000080c00000, 0x0000000080b00000| Untracked 
|  12|0x0000000080c00000, 0x0000000080d00000, 0x0000000080d00000|100%| O|  |TAMS 0x0000000080d00000, 0x0000000080c00000| Untracked 
|  13|0x0000000080d00000, 0x0000000080e00000, 0x0000000080e00000|100%| O|  |TAMS 0x0000000080e00000, 0x0000000080d00000| Untracked 
|  14|0x0000000080e00000, 0x0000000080f00000, 0x0000000080f00000|100%| O|  |TAMS 0x0000000080f00000, 0x0000000080e00000| Untracked 
|  15|0x0000000080f00000, 0x0000000081000000, 0x0000000081000000|100%| O|  |TAMS 0x0000000081000000, 0x0000000080f00000| Untracked 
|  16|0x0000000081000000, 0x0000000081100000, 0x0000000081100000|100%|HS|  |TAMS 0x0000000081100000, 0x0000000081000000| Complete 
|  17|0x0000000081100000, 0x0000000081200000, 0x0000000081200000|100%|HS|  |TAMS 0x0000000081200000, 0x0000000081100000| Complete 
|  18|0x0000000081200000, 0x0000000081300000, 0x0000000081300000|100%|HS|  |TAMS 0x0000000081300000, 0x0000000081200000| Complete 
|  19|0x0000000081300000, 0x0000000081400000, 0x0000000081400000|100%|HC|  |TAMS 0x0000000081400000, 0x0000000081300000| Complete 
|  20|0x0000000081400000, 0x0000000081500000, 0x0000000081500000|100%|HC|  |TAMS 0x0000000081500000, 0x0000000081400000| Complete 
|  21|0x0000000081500000, 0x0000000081600000, 0x0000000081600000|100%|HS|  |TAMS 0x0000000081600000, 0x0000000081500000| Complete 
|  22|0x0000000081600000, 0x0000000081700000, 0x0000000081700000|100%|HC|  |TAMS 0x0000000081700000, 0x0000000081600000| Complete 
|  23|0x0000000081700000, 0x0000000081800000, 0x0000000081800000|100%| O|  |TAMS 0x0000000081800000, 0x0000000081700000| Untracked 
|  24|0x0000000081800000, 0x0000000081900000, 0x0000000081900000|100%| O|  |TAMS 0x0000000081900000, 0x0000000081800000| Untracked 
|  25|0x0000000081900000, 0x0000000081a00000, 0x0000000081a00000|100%| O|  |TAMS 0x0000000081a00000, 0x0000000081900000| Untracked 
|  26|0x0000000081a00000, 0x0000000081b00000, 0x0000000081b00000|100%| O|  |TAMS 0x0000000081b00000, 0x0000000081a00000| Untracked 
|  27|0x0000000081b00000, 0x0000000081c00000, 0x0000000081c00000|100%| O|  |TAMS 0x0000000081c00000, 0x0000000081b00000| Untracked 
|  28|0x0000000081c00000, 0x0000000081d00000, 0x0000000081d00000|100%| O|  |TAMS 0x0000000081d00000, 0x0000000081c00000| Untracked 
|  29|0x0000000081d00000, 0x0000000081e00000, 0x0000000081e00000|100%| O|  |TAMS 0x0000000081e00000, 0x0000000081d00000| Untracked 
|  30|0x0000000081e00000, 0x0000000081f00000, 0x0000000081f00000|100%| O|  |TAMS 0x0000000081f00000, 0x0000000081e00000| Untracked 
|  31|0x0000000081f00000, 0x0000000082000000, 0x0000000082000000|100%| O|  |TAMS 0x0000000082000000, 0x0000000081f00000| Untracked 
|  32|0x0000000082000000, 0x0000000082100000, 0x0000000082100000|100%| O|  |TAMS 0x0000000082100000, 0x0000000082000000| Untracked 
|  33|0x0000000082100000, 0x0000000082200000, 0x0000000082200000|100%| O|  |TAMS 0x0000000082200000, 0x0000000082100000| Untracked 
|  34|0x0000000082200000, 0x0000000082300000, 0x0000000082300000|100%| O|  |TAMS 0x0000000082300000, 0x0000000082200000| Untracked 
|  35|0x0000000082300000, 0x0000000082400000, 0x0000000082400000|100%| O|  |TAMS 0x0000000082400000, 0x0000000082300000| Untracked 
|  36|0x0000000082400000, 0x0000000082500000, 0x0000000082500000|100%| O|  |TAMS 0x0000000082500000, 0x0000000082400000| Untracked 
|  37|0x0000000082500000, 0x0000000082600000, 0x0000000082600000|100%| O|  |TAMS 0x0000000082600000, 0x0000000082500000| Untracked 
|  38|0x0000000082600000, 0x0000000082700000, 0x0000000082700000|100%| O|  |TAMS 0x0000000082700000, 0x0000000082600000| Untracked 
|  39|0x0000000082700000, 0x0000000082800000, 0x0000000082800000|100%| O|  |TAMS 0x0000000082800000, 0x0000000082700000| Untracked 
|  40|0x0000000082800000, 0x0000000082900000, 0x0000000082900000|100%| O|  |TAMS 0x0000000082900000, 0x0000000082800000| Untracked 
|  41|0x0000000082900000, 0x0000000082a00000, 0x0000000082a00000|100%| O|  |TAMS 0x0000000082a00000, 0x0000000082900000| Untracked 
|  42|0x0000000082a00000, 0x0000000082b00000, 0x0000000082b00000|100%| O|  |TAMS 0x0000000082b00000, 0x0000000082a00000| Untracked 
|  43|0x0000000082b00000, 0x0000000082c00000, 0x0000000082c00000|100%| O|  |TAMS 0x0000000082c00000, 0x0000000082b00000| Untracked 
|  44|0x0000000082c00000, 0x0000000082d00000, 0x0000000082d00000|100%| O|  |TAMS 0x0000000082d00000, 0x0000000082c00000| Untracked 
|  45|0x0000000082d00000, 0x0000000082e00000, 0x0000000082e00000|100%| O|  |TAMS 0x0000000082e00000, 0x0000000082d00000| Untracked 
|  46|0x0000000082e00000, 0x0000000082f00000, 0x0000000082f00000|100%| O|  |TAMS 0x0000000082f00000, 0x0000000082e00000| Untracked 
|  47|0x0000000082f00000, 0x0000000083000000, 0x0000000083000000|100%| O|  |TAMS 0x0000000083000000, 0x0000000082f00000| Untracked 
|  48|0x0000000083000000, 0x0000000083100000, 0x0000000083100000|100%| O|  |TAMS 0x0000000083100000, 0x0000000083000000| Untracked 
|  49|0x0000000083100000, 0x0000000083200000, 0x0000000083200000|100%| O|  |TAMS 0x0000000083200000, 0x0000000083100000| Untracked 
|  50|0x0000000083200000, 0x0000000083300000, 0x0000000083300000|100%| O|  |TAMS 0x0000000083300000, 0x0000000083200000| Untracked 
|  51|0x0000000083300000, 0x0000000083400000, 0x0000000083400000|100%| O|  |TAMS 0x0000000083400000, 0x0000000083300000| Untracked 
|  52|0x0000000083400000, 0x0000000083500000, 0x0000000083500000|100%| O|  |TAMS 0x0000000083500000, 0x0000000083400000| Untracked 
|  53|0x0000000083500000, 0x0000000083600000, 0x0000000083600000|100%| O|  |TAMS 0x0000000083600000, 0x0000000083500000| Untracked 
|  54|0x0000000083600000, 0x0000000083700000, 0x0000000083700000|100%| O|  |TAMS 0x0000000083700000, 0x0000000083600000| Untracked 
|  55|0x0000000083700000, 0x0000000083800000, 0x0000000083800000|100%| O|  |TAMS 0x0000000083800000, 0x0000000083700000| Untracked 
|  56|0x0000000083800000, 0x0000000083900000, 0x0000000083900000|100%| O|  |TAMS 0x0000000083900000, 0x0000000083800000| Untracked 
|  57|0x0000000083900000, 0x0000000083a00000, 0x0000000083a00000|100%| O|  |TAMS 0x0000000083a00000, 0x0000000083900000| Untracked 
|  58|0x0000000083a00000, 0x0000000083b00000, 0x0000000083b00000|100%| O|  |TAMS 0x0000000083b00000, 0x0000000083a00000| Untracked 
|  59|0x0000000083b00000, 0x0000000083c00000, 0x0000000083c00000|100%| O|  |TAMS 0x0000000083c00000, 0x0000000083b00000| Untracked 
|  60|0x0000000083c00000, 0x0000000083d00000, 0x0000000083d00000|100%| O|  |TAMS 0x0000000083d00000, 0x0000000083c00000| Untracked 
|  61|0x0000000083d00000, 0x0000000083e00000, 0x0000000083e00000|100%| O|  |TAMS 0x0000000083e00000, 0x0000000083d00000| Untracked 
|  62|0x0000000083e00000, 0x0000000083f00000, 0x0000000083f00000|100%| O|  |TAMS 0x0000000083f00000, 0x0000000083e00000| Untracked 
|  63|0x0000000083f00000, 0x0000000084000000, 0x0000000084000000|100%| O|  |TAMS 0x0000000084000000, 0x0000000083f00000| Untracked 
|  64|0x0000000084000000, 0x0000000084100000, 0x0000000084100000|100%| O|  |TAMS 0x0000000084100000, 0x0000000084000000| Untracked 
|  65|0x0000000084100000, 0x0000000084200000, 0x0000000084200000|100%| O|  |TAMS 0x0000000084200000, 0x0000000084100000| Untracked 
|  66|0x0000000084200000, 0x0000000084300000, 0x0000000084300000|100%| O|  |TAMS 0x0000000084300000, 0x0000000084200000| Untracked 
|  67|0x0000000084300000, 0x0000000084400000, 0x0000000084400000|100%| O|  |TAMS 0x0000000084400000, 0x0000000084300000| Untracked 
|  68|0x0000000084400000, 0x0000000084500000, 0x0000000084500000|100%| O|  |TAMS 0x0000000084500000, 0x0000000084400000| Untracked 
|  69|0x0000000084500000, 0x0000000084600000, 0x0000000084600000|100%| O|  |TAMS 0x0000000084600000, 0x0000000084500000| Untracked 
|  70|0x0000000084600000, 0x0000000084700000, 0x0000000084700000|100%| O|  |TAMS 0x0000000084700000, 0x0000000084600000| Untracked 
|  71|0x0000000084700000, 0x0000000084800000, 0x0000000084800000|100%| O|  |TAMS 0x0000000084800000, 0x0000000084700000| Untracked 
|  72|0x0000000084800000, 0x0000000084900000, 0x0000000084900000|100%| O|  |TAMS 0x0000000084900000, 0x0000000084800000| Untracked 
|  73|0x0000000084900000, 0x0000000084a00000, 0x0000000084a00000|100%| O|  |TAMS 0x0000000084a00000, 0x0000000084900000| Untracked 
|  74|0x0000000084a00000, 0x0000000084b00000, 0x0000000084b00000|100%| O|  |TAMS 0x0000000084b00000, 0x0000000084a00000| Untracked 
|  75|0x0000000084b00000, 0x0000000084c00000, 0x0000000084c00000|100%| O|  |TAMS 0x0000000084c00000, 0x0000000084b00000| Untracked 
|  76|0x0000000084c00000, 0x0000000084d00000, 0x0000000084d00000|100%| O|  |TAMS 0x0000000084d00000, 0x0000000084c00000| Untracked 
|  77|0x0000000084d00000, 0x0000000084e00000, 0x0000000084e00000|100%| O|  |TAMS 0x0000000084e00000, 0x0000000084d00000| Untracked 
|  78|0x0000000084e00000, 0x0000000084f00000, 0x0000000084f00000|100%|HS|  |TAMS 0x0000000084f00000, 0x0000000084e00000| Complete 
|  79|0x0000000084f00000, 0x0000000085000000, 0x0000000085000000|100%|HC|  |TAMS 0x0000000085000000, 0x0000000084f00000| Complete 
|  80|0x0000000085000000, 0x0000000085100000, 0x0000000085100000|100%| O|  |TAMS 0x0000000085100000, 0x0000000085000000| Untracked 
|  81|0x0000000085100000, 0x0000000085200000, 0x0000000085200000|100%| O|  |TAMS 0x0000000085200000, 0x0000000085100000| Untracked 
|  82|0x0000000085200000, 0x0000000085300000, 0x0000000085300000|100%| O|  |TAMS 0x0000000085300000, 0x0000000085200000| Untracked 
|  83|0x0000000085300000, 0x0000000085400000, 0x0000000085400000|100%| O|  |TAMS 0x0000000085400000, 0x0000000085300000| Untracked 
|  84|0x0000000085400000, 0x0000000085500000, 0x0000000085500000|100%| O|  |TAMS 0x0000000085500000, 0x0000000085400000| Untracked 
|  85|0x0000000085500000, 0x0000000085600000, 0x0000000085600000|100%| O|  |TAMS 0x0000000085600000, 0x0000000085500000| Untracked 
|  86|0x0000000085600000, 0x0000000085700000, 0x0000000085700000|100%| O|  |TAMS 0x0000000085700000, 0x0000000085600000| Untracked 
|  87|0x0000000085700000, 0x0000000085800000, 0x0000000085800000|100%| O|  |TAMS 0x0000000085800000, 0x0000000085700000| Untracked 
|  88|0x0000000085800000, 0x0000000085900000, 0x0000000085900000|100%| O|  |TAMS 0x0000000085900000, 0x0000000085800000| Untracked 
|  89|0x0000000085900000, 0x0000000085a00000, 0x0000000085a00000|100%| O|  |TAMS 0x0000000085a00000, 0x0000000085900000| Untracked 
|  90|0x0000000085a00000, 0x0000000085b00000, 0x0000000085b00000|100%| O|  |TAMS 0x0000000085b00000, 0x0000000085a00000| Untracked 
|  91|0x0000000085b00000, 0x0000000085c00000, 0x0000000085c00000|100%| O|  |TAMS 0x0000000085c00000, 0x0000000085b00000| Untracked 
|  92|0x0000000085c00000, 0x0000000085d00000, 0x0000000085d00000|100%| O|  |TAMS 0x0000000085d00000, 0x0000000085c00000| Untracked 
|  93|0x0000000085d00000, 0x0000000085e00000, 0x0000000085e00000|100%| O|  |TAMS 0x0000000085e00000, 0x0000000085d00000| Untracked 
|  94|0x0000000085e00000, 0x0000000085f00000, 0x0000000085f00000|100%| O|  |TAMS 0x0000000085f00000, 0x0000000085e00000| Untracked 
|  95|0x0000000085f00000, 0x0000000086000000, 0x0000000086000000|100%| O|  |TAMS 0x0000000086000000, 0x0000000085f00000| Untracked 
|  96|0x0000000086000000, 0x0000000086100000, 0x0000000086100000|100%| O|  |TAMS 0x0000000086100000, 0x0000000086000000| Untracked 
|  97|0x0000000086100000, 0x0000000086200000, 0x0000000086200000|100%| O|  |TAMS 0x0000000086200000, 0x0000000086100000| Untracked 
|  98|0x0000000086200000, 0x0000000086300000, 0x0000000086300000|100%| O|  |TAMS 0x0000000086300000, 0x0000000086200000| Untracked 
|  99|0x0000000086300000, 0x0000000086400000, 0x0000000086400000|100%| O|  |TAMS 0x0000000086400000, 0x0000000086300000| Untracked 
| 100|0x0000000086400000, 0x0000000086500000, 0x0000000086500000|100%| O|  |TAMS 0x0000000086500000, 0x0000000086400000| Untracked 
| 101|0x0000000086500000, 0x0000000086600000, 0x0000000086600000|100%| O|  |TAMS 0x0000000086600000, 0x0000000086500000| Untracked 
| 102|0x0000000086600000, 0x0000000086700000, 0x0000000086700000|100%| O|  |TAMS 0x0000000086700000, 0x0000000086600000| Untracked 
| 103|0x0000000086700000, 0x0000000086800000, 0x0000000086800000|100%| O|  |TAMS 0x0000000086800000, 0x0000000086700000| Untracked 
| 104|0x0000000086800000, 0x0000000086900000, 0x0000000086900000|100%| O|  |TAMS 0x0000000086900000, 0x0000000086800000| Untracked 
| 105|0x0000000086900000, 0x0000000086a00000, 0x0000000086a00000|100%| O|  |TAMS 0x00000000869dac00, 0x0000000086900000| Untracked 
| 106|0x0000000086a00000, 0x0000000086b00000, 0x0000000086b00000|100%| O|  |TAMS 0x0000000086a00000, 0x0000000086a00000| Untracked 
| 107|0x0000000086b00000, 0x0000000086c00000, 0x0000000086c00000|100%| O|  |TAMS 0x0000000086c00000, 0x0000000086b00000| Untracked 
| 108|0x0000000086c00000, 0x0000000086d00000, 0x0000000086d00000|100%| O|  |TAMS 0x0000000086d00000, 0x0000000086c00000| Untracked 
| 109|0x0000000086d00000, 0x0000000086e00000, 0x0000000086e00000|100%| O|  |TAMS 0x0000000086e00000, 0x0000000086d00000| Untracked 
| 110|0x0000000086e00000, 0x0000000086f00000, 0x0000000086f00000|100%| O|  |TAMS 0x0000000086f00000, 0x0000000086e00000| Untracked 
| 111|0x0000000086f00000, 0x0000000087000000, 0x0000000087000000|100%| O|  |TAMS 0x0000000086f00000, 0x0000000086f00000| Untracked 
| 112|0x0000000087000000, 0x0000000087100000, 0x0000000087100000|100%| O|  |TAMS 0x0000000087000000, 0x0000000087000000| Untracked 
| 113|0x0000000087100000, 0x0000000087200000, 0x0000000087200000|100%| O|  |TAMS 0x0000000087100000, 0x0000000087100000| Untracked 
| 114|0x0000000087200000, 0x0000000087300000, 0x0000000087300000|100%| O|  |TAMS 0x0000000087200000, 0x0000000087200000| Untracked 
| 115|0x0000000087300000, 0x0000000087400000, 0x0000000087400000|100%| O|  |TAMS 0x0000000087300000, 0x0000000087300000| Untracked 
| 116|0x0000000087400000, 0x0000000087500000, 0x0000000087500000|100%| O|  |TAMS 0x0000000087400000, 0x0000000087400000| Untracked 
| 117|0x0000000087500000, 0x0000000087600000, 0x0000000087600000|100%| O|  |TAMS 0x0000000087500000, 0x0000000087500000| Untracked 
| 118|0x0000000087600000, 0x0000000087700000, 0x0000000087700000|100%| O|  |TAMS 0x0000000087700000, 0x0000000087600000| Untracked 
| 119|0x0000000087700000, 0x0000000087800000, 0x0000000087800000|100%| O|  |TAMS 0x0000000087800000, 0x0000000087700000| Untracked 
| 120|0x0000000087800000, 0x0000000087900000, 0x0000000087900000|100%| O|  |TAMS 0x0000000087900000, 0x0000000087800000| Untracked 
| 121|0x0000000087900000, 0x0000000087a00000, 0x0000000087a00000|100%| O|  |TAMS 0x0000000087a00000, 0x0000000087900000| Untracked 
| 122|0x0000000087a00000, 0x0000000087b00000, 0x0000000087b00000|100%| O|  |TAMS 0x0000000087b00000, 0x0000000087a00000| Untracked 
| 123|0x0000000087b00000, 0x0000000087c00000, 0x0000000087c00000|100%| O|  |TAMS 0x0000000087c00000, 0x0000000087b00000| Untracked 
| 124|0x0000000087c00000, 0x0000000087d00000, 0x0000000087d00000|100%| O|  |TAMS 0x0000000087c00000, 0x0000000087c00000| Untracked 
| 125|0x0000000087d00000, 0x0000000087e00000, 0x0000000087e00000|100%|HS|  |TAMS 0x0000000087d00000, 0x0000000087d00000| Complete 
| 126|0x0000000087e00000, 0x0000000087f00000, 0x0000000087f00000|100%| O|  |TAMS 0x0000000087e00000, 0x0000000087e00000| Untracked 
| 127|0x0000000087f00000, 0x0000000088000000, 0x0000000088000000|100%| O|  |TAMS 0x0000000088000000, 0x0000000087f00000| Untracked 
| 128|0x0000000088000000, 0x0000000088100000, 0x0000000088100000|100%| O|  |TAMS 0x0000000088100000, 0x0000000088000000| Untracked 
| 129|0x0000000088100000, 0x0000000088200000, 0x0000000088200000|100%| O|  |TAMS 0x0000000088200000, 0x0000000088100000| Untracked 
| 130|0x0000000088200000, 0x0000000088300000, 0x0000000088300000|100%| O|  |TAMS 0x0000000088300000, 0x0000000088200000| Untracked 
| 131|0x0000000088300000, 0x0000000088400000, 0x0000000088400000|100%| O|  |TAMS 0x0000000088400000, 0x0000000088300000| Untracked 
| 132|0x0000000088400000, 0x0000000088500000, 0x0000000088500000|100%| O|  |TAMS 0x0000000088500000, 0x0000000088400000| Untracked 
| 133|0x0000000088500000, 0x0000000088600000, 0x0000000088600000|100%| O|  |TAMS 0x0000000088500000, 0x0000000088500000| Untracked 
| 134|0x0000000088600000, 0x0000000088700000, 0x0000000088700000|100%| O|  |TAMS 0x0000000088700000, 0x0000000088600000| Untracked 
| 135|0x0000000088700000, 0x0000000088800000, 0x0000000088800000|100%| O|  |TAMS 0x0000000088800000, 0x0000000088700000| Untracked 
| 136|0x0000000088800000, 0x0000000088900000, 0x0000000088900000|100%| O|  |TAMS 0x0000000088900000, 0x0000000088800000| Untracked 
| 137|0x0000000088900000, 0x0000000088a00000, 0x0000000088a00000|100%| O|  |TAMS 0x0000000088a00000, 0x0000000088900000| Untracked 
| 138|0x0000000088a00000, 0x0000000088b00000, 0x0000000088b00000|100%| O|  |TAMS 0x0000000088b00000, 0x0000000088a00000| Untracked 
| 139|0x0000000088b00000, 0x0000000088c00000, 0x0000000088c00000|100%| O|  |TAMS 0x0000000088c00000, 0x0000000088b00000| Untracked 
| 140|0x0000000088c00000, 0x0000000088d00000, 0x0000000088d00000|100%| O|  |TAMS 0x0000000088d00000, 0x0000000088c00000| Untracked 
| 141|0x0000000088d00000, 0x0000000088e00000, 0x0000000088e00000|100%| O|  |TAMS 0x0000000088e00000, 0x0000000088d00000| Untracked 
| 142|0x0000000088e00000, 0x0000000088f00000, 0x0000000088f00000|100%| O|  |TAMS 0x0000000088f00000, 0x0000000088e00000| Untracked 
| 143|0x0000000088f00000, 0x0000000089000000, 0x0000000089000000|100%| O|  |TAMS 0x0000000089000000, 0x0000000088f00000| Untracked 
| 144|0x0000000089000000, 0x0000000089100000, 0x0000000089100000|100%| O|  |TAMS 0x0000000089100000, 0x0000000089000000| Untracked 
| 145|0x0000000089100000, 0x0000000089200000, 0x0000000089200000|100%| O|  |TAMS 0x0000000089200000, 0x0000000089100000| Untracked 
| 146|0x0000000089200000, 0x0000000089300000, 0x0000000089300000|100%| O|  |TAMS 0x0000000089300000, 0x0000000089200000| Untracked 
| 147|0x0000000089300000, 0x0000000089400000, 0x0000000089400000|100%| O|  |TAMS 0x0000000089300000, 0x0000000089300000| Untracked 
| 148|0x0000000089400000, 0x0000000089500000, 0x0000000089500000|100%| O|  |TAMS 0x0000000089400000, 0x0000000089400000| Untracked 
| 149|0x0000000089500000, 0x0000000089600000, 0x0000000089600000|100%| O|  |TAMS 0x0000000089600000, 0x0000000089500000| Untracked 
| 150|0x0000000089600000, 0x0000000089700000, 0x0000000089700000|100%| O|  |TAMS 0x0000000089700000, 0x0000000089600000| Untracked 
| 151|0x0000000089700000, 0x0000000089800000, 0x0000000089800000|100%| O|  |TAMS 0x0000000089800000, 0x0000000089700000| Untracked 
| 152|0x0000000089800000, 0x0000000089900000, 0x0000000089900000|100%| O|  |TAMS 0x0000000089900000, 0x0000000089800000| Untracked 
| 153|0x0000000089900000, 0x0000000089a00000, 0x0000000089a00000|100%| O|  |TAMS 0x0000000089a00000, 0x0000000089900000| Untracked 
| 154|0x0000000089a00000, 0x0000000089b00000, 0x0000000089b00000|100%| O|  |TAMS 0x0000000089b00000, 0x0000000089a00000| Untracked 
| 155|0x0000000089b00000, 0x0000000089c00000, 0x0000000089c00000|100%| O|  |TAMS 0x0000000089c00000, 0x0000000089b00000| Untracked 
| 156|0x0000000089c00000, 0x0000000089d00000, 0x0000000089d00000|100%| O|  |TAMS 0x0000000089d00000, 0x0000000089c00000| Untracked 
| 157|0x0000000089d00000, 0x0000000089e00000, 0x0000000089e00000|100%| O|  |TAMS 0x0000000089e00000, 0x0000000089d00000| Untracked 
| 158|0x0000000089e00000, 0x0000000089f00000, 0x0000000089f00000|100%| O|  |TAMS 0x0000000089f00000, 0x0000000089e00000| Untracked 
| 159|0x0000000089f00000, 0x000000008a000000, 0x000000008a000000|100%| O|  |TAMS 0x000000008a000000, 0x0000000089f00000| Untracked 
| 160|0x000000008a000000, 0x000000008a100000, 0x000000008a100000|100%| O|  |TAMS 0x000000008a100000, 0x000000008a000000| Untracked 
| 161|0x000000008a100000, 0x000000008a200000, 0x000000008a200000|100%| O|  |TAMS 0x000000008a200000, 0x000000008a100000| Untracked 
| 162|0x000000008a200000, 0x000000008a300000, 0x000000008a300000|100%| O|  |TAMS 0x000000008a200000, 0x000000008a200000| Untracked 
| 163|0x000000008a300000, 0x000000008a400000, 0x000000008a400000|100%| O|  |TAMS 0x000000008a300000, 0x000000008a300000| Untracked 
| 164|0x000000008a400000, 0x000000008a500000, 0x000000008a500000|100%| O|  |TAMS 0x000000008a400000, 0x000000008a400000| Untracked 
| 165|0x000000008a500000, 0x000000008a600000, 0x000000008a600000|100%| O|  |TAMS 0x000000008a500000, 0x000000008a500000| Untracked 
| 166|0x000000008a600000, 0x000000008a700000, 0x000000008a700000|100%| O|  |TAMS 0x000000008a600000, 0x000000008a600000| Untracked 
| 167|0x000000008a700000, 0x000000008a800000, 0x000000008a800000|100%| O|  |TAMS 0x000000008a700000, 0x000000008a700000| Untracked 
| 168|0x000000008a800000, 0x000000008a900000, 0x000000008a900000|100%| O|  |TAMS 0x000000008a800000, 0x000000008a800000| Untracked 
| 169|0x000000008a900000, 0x000000008aa00000, 0x000000008aa00000|100%| O|  |TAMS 0x000000008a900000, 0x000000008a900000| Untracked 
| 170|0x000000008aa00000, 0x000000008ab00000, 0x000000008ab00000|100%| O|  |TAMS 0x000000008aa00000, 0x000000008aa00000| Untracked 
| 171|0x000000008ab00000, 0x000000008ac00000, 0x000000008ac00000|100%| O|  |TAMS 0x000000008ab00000, 0x000000008ab00000| Untracked 
| 172|0x000000008ac00000, 0x000000008ad00000, 0x000000008ad00000|100%| O|  |TAMS 0x000000008ac00000, 0x000000008ac00000| Untracked 
| 173|0x000000008ad00000, 0x000000008ae00000, 0x000000008ae00000|100%| O|  |TAMS 0x000000008ad00000, 0x000000008ad00000| Untracked 
| 174|0x000000008ae00000, 0x000000008af00000, 0x000000008af00000|100%| O|  |TAMS 0x000000008ae00000, 0x000000008ae00000| Untracked 
| 175|0x000000008af00000, 0x000000008b000000, 0x000000008b000000|100%| O|  |TAMS 0x000000008af00000, 0x000000008af00000| Untracked 
| 176|0x000000008b000000, 0x000000008b100000, 0x000000008b100000|100%| O|  |TAMS 0x000000008b000000, 0x000000008b000000| Untracked 
| 177|0x000000008b100000, 0x000000008b200000, 0x000000008b200000|100%| O|  |TAMS 0x000000008b100000, 0x000000008b100000| Untracked 
| 178|0x000000008b200000, 0x000000008b300000, 0x000000008b300000|100%| O|  |TAMS 0x000000008b200000, 0x000000008b200000| Untracked 
| 179|0x000000008b300000, 0x000000008b400000, 0x000000008b400000|100%| O|  |TAMS 0x000000008b300000, 0x000000008b300000| Untracked 
| 180|0x000000008b400000, 0x000000008b500000, 0x000000008b500000|100%| O|  |TAMS 0x000000008b400000, 0x000000008b400000| Untracked 
| 181|0x000000008b500000, 0x000000008b600000, 0x000000008b600000|100%| O|  |TAMS 0x000000008b500000, 0x000000008b500000| Untracked 
| 182|0x000000008b600000, 0x000000008b700000, 0x000000008b700000|100%| O|  |TAMS 0x000000008b600000, 0x000000008b600000| Untracked 
| 183|0x000000008b700000, 0x000000008b800000, 0x000000008b800000|100%| O|  |TAMS 0x000000008b700000, 0x000000008b700000| Untracked 
| 184|0x000000008b800000, 0x000000008b900000, 0x000000008b900000|100%| O|  |TAMS 0x000000008b800000, 0x000000008b800000| Untracked 
| 185|0x000000008b900000, 0x000000008ba00000, 0x000000008ba00000|100%| O|  |TAMS 0x000000008b900000, 0x000000008b900000| Untracked 
| 186|0x000000008ba00000, 0x000000008bb00000, 0x000000008bb00000|100%| O|  |TAMS 0x000000008ba00000, 0x000000008ba00000| Untracked 
| 187|0x000000008bb00000, 0x000000008bc00000, 0x000000008bc00000|100%| O|  |TAMS 0x000000008bb00000, 0x000000008bb00000| Untracked 
| 188|0x000000008bc00000, 0x000000008bd00000, 0x000000008bd00000|100%| O|  |TAMS 0x000000008bc00000, 0x000000008bc00000| Untracked 
| 189|0x000000008bd00000, 0x000000008be00000, 0x000000008be00000|100%| O|  |TAMS 0x000000008bd00000, 0x000000008bd00000| Untracked 
| 190|0x000000008be00000, 0x000000008bf00000, 0x000000008bf00000|100%| O|  |TAMS 0x000000008be00000, 0x000000008be00000| Untracked 
| 191|0x000000008bf00000, 0x000000008c000000, 0x000000008c000000|100%| O|  |TAMS 0x000000008bf00000, 0x000000008bf00000| Untracked 
| 192|0x000000008c000000, 0x000000008c100000, 0x000000008c100000|100%| O|  |TAMS 0x000000008c000000, 0x000000008c000000| Untracked 
| 193|0x000000008c100000, 0x000000008c200000, 0x000000008c200000|100%| O|  |TAMS 0x000000008c100000, 0x000000008c100000| Untracked 
| 194|0x000000008c200000, 0x000000008c300000, 0x000000008c300000|100%| O|  |TAMS 0x000000008c200000, 0x000000008c200000| Untracked 
| 195|0x000000008c300000, 0x000000008c400000, 0x000000008c400000|100%| O|  |TAMS 0x000000008c300000, 0x000000008c300000| Untracked 
| 196|0x000000008c400000, 0x000000008c500000, 0x000000008c500000|100%| O|  |TAMS 0x000000008c400000, 0x000000008c400000| Untracked 
| 197|0x000000008c500000, 0x000000008c600000, 0x000000008c600000|100%| O|  |TAMS 0x000000008c500000, 0x000000008c500000| Untracked 
| 198|0x000000008c600000, 0x000000008c700000, 0x000000008c700000|100%| O|  |TAMS 0x000000008c600000, 0x000000008c600000| Untracked 
| 199|0x000000008c700000, 0x000000008c800000, 0x000000008c800000|100%| O|  |TAMS 0x000000008c700000, 0x000000008c700000| Untracked 
| 200|0x000000008c800000, 0x000000008c900000, 0x000000008c900000|100%| O|  |TAMS 0x000000008c800000, 0x000000008c800000| Untracked 
| 201|0x000000008c900000, 0x000000008ca00000, 0x000000008ca00000|100%| O|  |TAMS 0x000000008c900000, 0x000000008c900000| Untracked 
| 202|0x000000008ca00000, 0x000000008cb00000, 0x000000008cb00000|100%| O|  |TAMS 0x000000008ca00000, 0x000000008ca00000| Untracked 
| 203|0x000000008cb00000, 0x000000008cc00000, 0x000000008cc00000|100%| O|  |TAMS 0x000000008cb00000, 0x000000008cb00000| Untracked 
| 204|0x000000008cc00000, 0x000000008cd00000, 0x000000008cd00000|100%| O|  |TAMS 0x000000008cc00000, 0x000000008cc00000| Untracked 
| 205|0x000000008cd00000, 0x000000008ce00000, 0x000000008ce00000|100%| O|  |TAMS 0x000000008cd00000, 0x000000008cd00000| Untracked 
| 206|0x000000008ce00000, 0x000000008cf00000, 0x000000008cf00000|100%| O|  |TAMS 0x000000008ce00000, 0x000000008ce00000| Untracked 
| 207|0x000000008cf00000, 0x000000008d000000, 0x000000008d000000|100%| O|  |TAMS 0x000000008cf00000, 0x000000008cf00000| Untracked 
| 208|0x000000008d000000, 0x000000008d100000, 0x000000008d100000|100%| O|  |TAMS 0x000000008d000000, 0x000000008d000000| Untracked 
| 209|0x000000008d100000, 0x000000008d200000, 0x000000008d200000|100%| O|  |TAMS 0x000000008d100000, 0x000000008d100000| Untracked 
| 210|0x000000008d200000, 0x000000008d300000, 0x000000008d300000|100%| O|  |TAMS 0x000000008d200000, 0x000000008d200000| Untracked 
| 211|0x000000008d300000, 0x000000008d400000, 0x000000008d400000|100%| O|  |TAMS 0x000000008d300000, 0x000000008d300000| Untracked 
| 212|0x000000008d400000, 0x000000008d500000, 0x000000008d500000|100%| O|  |TAMS 0x000000008d400000, 0x000000008d400000| Untracked 
| 213|0x000000008d500000, 0x000000008d600000, 0x000000008d600000|100%| O|  |TAMS 0x000000008d500000, 0x000000008d500000| Untracked 
| 214|0x000000008d600000, 0x000000008d700000, 0x000000008d700000|100%| O|  |TAMS 0x000000008d600000, 0x000000008d600000| Untracked 
| 215|0x000000008d700000, 0x000000008d800000, 0x000000008d800000|100%| O|  |TAMS 0x000000008d700000, 0x000000008d700000| Untracked 
| 216|0x000000008d800000, 0x000000008d900000, 0x000000008d900000|100%| O|  |TAMS 0x000000008d800000, 0x000000008d800000| Untracked 
| 217|0x000000008d900000, 0x000000008da00000, 0x000000008da00000|100%| O|  |TAMS 0x000000008d900000, 0x000000008d900000| Untracked 
| 218|0x000000008da00000, 0x000000008db00000, 0x000000008db00000|100%| O|  |TAMS 0x000000008da00000, 0x000000008da00000| Untracked 
| 219|0x000000008db00000, 0x000000008dc00000, 0x000000008dc00000|100%| O|  |TAMS 0x000000008db00000, 0x000000008db00000| Untracked 
| 220|0x000000008dc00000, 0x000000008dd00000, 0x000000008dd00000|100%| O|  |TAMS 0x000000008dc00000, 0x000000008dc00000| Untracked 
| 221|0x000000008dd00000, 0x000000008de00000, 0x000000008de00000|100%| O|  |TAMS 0x000000008dd00000, 0x000000008dd00000| Untracked 
| 222|0x000000008de00000, 0x000000008df00000, 0x000000008df00000|100%| O|  |TAMS 0x000000008de00000, 0x000000008de00000| Untracked 
| 223|0x000000008df00000, 0x000000008e000000, 0x000000008e000000|100%| O|  |TAMS 0x000000008df00000, 0x000000008df00000| Untracked 
| 224|0x000000008e000000, 0x000000008e100000, 0x000000008e100000|100%| O|  |TAMS 0x000000008e000000, 0x000000008e000000| Untracked 
| 225|0x000000008e100000, 0x000000008e200000, 0x000000008e200000|100%| O|  |TAMS 0x000000008e100000, 0x000000008e100000| Untracked 
| 226|0x000000008e200000, 0x000000008e300000, 0x000000008e300000|100%| O|  |TAMS 0x000000008e200000, 0x000000008e200000| Untracked 
| 227|0x000000008e300000, 0x000000008e400000, 0x000000008e400000|100%| O|  |TAMS 0x000000008e300000, 0x000000008e300000| Untracked 
| 228|0x000000008e400000, 0x000000008e400000, 0x000000008e500000|  0%| F|  |TAMS 0x000000008e400000, 0x000000008e400000| Untracked 
| 229|0x000000008e500000, 0x000000008e500000, 0x000000008e600000|  0%| F|  |TAMS 0x000000008e500000, 0x000000008e500000| Untracked 
| 230|0x000000008e600000, 0x000000008e600000, 0x000000008e700000|  0%| F|  |TAMS 0x000000008e600000, 0x000000008e600000| Untracked 
| 231|0x000000008e700000, 0x000000008e700000, 0x000000008e800000|  0%| F|  |TAMS 0x000000008e700000, 0x000000008e700000| Untracked 
| 232|0x000000008e800000, 0x000000008e800000, 0x000000008e900000|  0%| F|  |TAMS 0x000000008e800000, 0x000000008e800000| Untracked 
| 233|0x000000008e900000, 0x000000008e900000, 0x000000008ea00000|  0%| F|  |TAMS 0x000000008e900000, 0x000000008e900000| Untracked 
| 234|0x000000008ea00000, 0x000000008ea00000, 0x000000008eb00000|  0%| F|  |TAMS 0x000000008ea00000, 0x000000008ea00000| Untracked 
| 235|0x000000008eb00000, 0x000000008eb00000, 0x000000008ec00000|  0%| F|  |TAMS 0x000000008eb00000, 0x000000008eb00000| Untracked 
| 236|0x000000008ec00000, 0x000000008ec00000, 0x000000008ed00000|  0%| F|  |TAMS 0x000000008ec00000, 0x000000008ec00000| Untracked 
| 237|0x000000008ed00000, 0x000000008ed00000, 0x000000008ee00000|  0%| F|  |TAMS 0x000000008ed00000, 0x000000008ed00000| Untracked 
| 238|0x000000008ee00000, 0x000000008ee00000, 0x000000008ef00000|  0%| F|  |TAMS 0x000000008ee00000, 0x000000008ee00000| Untracked 
| 239|0x000000008ef00000, 0x000000008ef00000, 0x000000008f000000|  0%| F|  |TAMS 0x000000008ef00000, 0x000000008ef00000| Untracked 
| 240|0x000000008f000000, 0x000000008f000000, 0x000000008f100000|  0%| F|  |TAMS 0x000000008f000000, 0x000000008f000000| Untracked 
| 241|0x000000008f100000, 0x000000008f100000, 0x000000008f200000|  0%| F|  |TAMS 0x000000008f100000, 0x000000008f100000| Untracked 
| 242|0x000000008f200000, 0x000000008f200000, 0x000000008f300000|  0%| F|  |TAMS 0x000000008f200000, 0x000000008f200000| Untracked 
| 243|0x000000008f300000, 0x000000008f300000, 0x000000008f400000|  0%| F|  |TAMS 0x000000008f300000, 0x000000008f300000| Untracked 
| 244|0x000000008f400000, 0x000000008f400000, 0x000000008f500000|  0%| F|  |TAMS 0x000000008f400000, 0x000000008f400000| Untracked 
| 245|0x000000008f500000, 0x000000008f500000, 0x000000008f600000|  0%| F|  |TAMS 0x000000008f500000, 0x000000008f500000| Untracked 
| 246|0x000000008f600000, 0x000000008f600000, 0x000000008f700000|  0%| F|  |TAMS 0x000000008f600000, 0x000000008f600000| Untracked 
| 247|0x000000008f700000, 0x000000008f700000, 0x000000008f800000|  0%| F|  |TAMS 0x000000008f700000, 0x000000008f700000| Untracked 
| 248|0x000000008f800000, 0x000000008f800000, 0x000000008f900000|  0%| F|  |TAMS 0x000000008f800000, 0x000000008f800000| Untracked 
| 249|0x000000008f900000, 0x000000008f900000, 0x000000008fa00000|  0%| F|  |TAMS 0x000000008f900000, 0x000000008f900000| Untracked 
| 250|0x000000008fa00000, 0x000000008fa00000, 0x000000008fb00000|  0%| F|  |TAMS 0x000000008fa00000, 0x000000008fa00000| Untracked 
| 251|0x000000008fb00000, 0x000000008fb00000, 0x000000008fc00000|  0%| F|  |TAMS 0x000000008fb00000, 0x000000008fb00000| Untracked 
| 252|0x000000008fc00000, 0x000000008fc00000, 0x000000008fd00000|  0%| F|  |TAMS 0x000000008fc00000, 0x000000008fc00000| Untracked 
| 253|0x000000008fd00000, 0x000000008fd00000, 0x000000008fe00000|  0%| F|  |TAMS 0x000000008fd00000, 0x000000008fd00000| Untracked 
| 254|0x000000008fe00000, 0x000000008fe00000, 0x000000008ff00000|  0%| F|  |TAMS 0x000000008fe00000, 0x000000008fe00000| Untracked 
| 255|0x000000008ff00000, 0x000000008ff00000, 0x0000000090000000|  0%| F|  |TAMS 0x000000008ff00000, 0x000000008ff00000| Untracked 
| 256|0x0000000090000000, 0x0000000090000000, 0x0000000090100000|  0%| F|  |TAMS 0x0000000090000000, 0x0000000090000000| Untracked 
| 257|0x0000000090100000, 0x0000000090100000, 0x0000000090200000|  0%| F|  |TAMS 0x0000000090100000, 0x0000000090100000| Untracked 
| 258|0x0000000090200000, 0x0000000090200000, 0x0000000090300000|  0%| F|  |TAMS 0x0000000090200000, 0x0000000090200000| Untracked 
| 259|0x0000000090300000, 0x0000000090300000, 0x0000000090400000|  0%| F|  |TAMS 0x0000000090300000, 0x0000000090300000| Untracked 
| 260|0x0000000090400000, 0x0000000090400000, 0x0000000090500000|  0%| F|  |TAMS 0x0000000090400000, 0x0000000090400000| Untracked 
| 261|0x0000000090500000, 0x0000000090500000, 0x0000000090600000|  0%| F|  |TAMS 0x0000000090500000, 0x0000000090500000| Untracked 
| 262|0x0000000090600000, 0x0000000090600000, 0x0000000090700000|  0%| F|  |TAMS 0x0000000090600000, 0x0000000090600000| Untracked 
| 263|0x0000000090700000, 0x0000000090700000, 0x0000000090800000|  0%| F|  |TAMS 0x0000000090700000, 0x0000000090700000| Untracked 
| 264|0x0000000090800000, 0x0000000090800000, 0x0000000090900000|  0%| F|  |TAMS 0x0000000090800000, 0x0000000090800000| Untracked 
| 265|0x0000000090900000, 0x0000000090900000, 0x0000000090a00000|  0%| F|  |TAMS 0x0000000090900000, 0x0000000090900000| Untracked 
| 266|0x0000000090a00000, 0x0000000090a00000, 0x0000000090b00000|  0%| F|  |TAMS 0x0000000090a00000, 0x0000000090a00000| Untracked 
| 267|0x0000000090b00000, 0x0000000090b00000, 0x0000000090c00000|  0%| F|  |TAMS 0x0000000090b00000, 0x0000000090b00000| Untracked 
| 268|0x0000000090c00000, 0x0000000090c00000, 0x0000000090d00000|  0%| F|  |TAMS 0x0000000090c00000, 0x0000000090c00000| Untracked 
| 269|0x0000000090d00000, 0x0000000090d00000, 0x0000000090e00000|  0%| F|  |TAMS 0x0000000090d00000, 0x0000000090d00000| Untracked 
| 270|0x0000000090e00000, 0x0000000090e00000, 0x0000000090f00000|  0%| F|  |TAMS 0x0000000090e00000, 0x0000000090e00000| Untracked 
| 271|0x0000000090f00000, 0x0000000090f00000, 0x0000000091000000|  0%| F|  |TAMS 0x0000000090f00000, 0x0000000090f00000| Untracked 
| 272|0x0000000091000000, 0x0000000091000000, 0x0000000091100000|  0%| F|  |TAMS 0x0000000091000000, 0x0000000091000000| Untracked 
| 273|0x0000000091100000, 0x0000000091100000, 0x0000000091200000|  0%| F|  |TAMS 0x0000000091100000, 0x0000000091100000| Untracked 
| 274|0x0000000091200000, 0x0000000091200000, 0x0000000091300000|  0%| F|  |TAMS 0x0000000091200000, 0x0000000091200000| Untracked 
| 275|0x0000000091300000, 0x0000000091300000, 0x0000000091400000|  0%| F|  |TAMS 0x0000000091300000, 0x0000000091300000| Untracked 
| 276|0x0000000091400000, 0x0000000091400000, 0x0000000091500000|  0%| F|  |TAMS 0x0000000091400000, 0x0000000091400000| Untracked 
| 277|0x0000000091500000, 0x0000000091500000, 0x0000000091600000|  0%| F|  |TAMS 0x0000000091500000, 0x0000000091500000| Untracked 
| 278|0x0000000091600000, 0x0000000091600000, 0x0000000091700000|  0%| F|  |TAMS 0x0000000091600000, 0x0000000091600000| Untracked 
| 279|0x0000000091700000, 0x0000000091700000, 0x0000000091800000|  0%| F|  |TAMS 0x0000000091700000, 0x0000000091700000| Untracked 
| 280|0x0000000091800000, 0x0000000091800000, 0x0000000091900000|  0%| F|  |TAMS 0x0000000091800000, 0x0000000091800000| Untracked 
| 281|0x0000000091900000, 0x0000000091900000, 0x0000000091a00000|  0%| F|  |TAMS 0x0000000091900000, 0x0000000091900000| Untracked 
| 282|0x0000000091a00000, 0x0000000091a00000, 0x0000000091b00000|  0%| F|  |TAMS 0x0000000091a00000, 0x0000000091a00000| Untracked 
| 283|0x0000000091b00000, 0x0000000091b00000, 0x0000000091c00000|  0%| F|  |TAMS 0x0000000091b00000, 0x0000000091b00000| Untracked 
| 284|0x0000000091c00000, 0x0000000091c00000, 0x0000000091d00000|  0%| F|  |TAMS 0x0000000091c00000, 0x0000000091c00000| Untracked 
| 285|0x0000000091d00000, 0x0000000091d00000, 0x0000000091e00000|  0%| F|  |TAMS 0x0000000091d00000, 0x0000000091d00000| Untracked 
| 286|0x0000000091e00000, 0x0000000091e00000, 0x0000000091f00000|  0%| F|  |TAMS 0x0000000091e00000, 0x0000000091e00000| Untracked 
| 287|0x0000000091f00000, 0x0000000091f00000, 0x0000000092000000|  0%| F|  |TAMS 0x0000000091f00000, 0x0000000091f00000| Untracked 
| 288|0x0000000092000000, 0x0000000092000000, 0x0000000092100000|  0%| F|  |TAMS 0x0000000092000000, 0x0000000092000000| Untracked 
| 289|0x0000000092100000, 0x0000000092100000, 0x0000000092200000|  0%| F|  |TAMS 0x0000000092100000, 0x0000000092100000| Untracked 
| 290|0x0000000092200000, 0x0000000092200000, 0x0000000092300000|  0%| F|  |TAMS 0x0000000092200000, 0x0000000092200000| Untracked 
| 291|0x0000000092300000, 0x0000000092300000, 0x0000000092400000|  0%| F|  |TAMS 0x0000000092300000, 0x0000000092300000| Untracked 
| 292|0x0000000092400000, 0x0000000092400000, 0x0000000092500000|  0%| F|  |TAMS 0x0000000092400000, 0x0000000092400000| Untracked 
| 293|0x0000000092500000, 0x0000000092500000, 0x0000000092600000|  0%| F|  |TAMS 0x0000000092500000, 0x0000000092500000| Untracked 
| 294|0x0000000092600000, 0x0000000092600000, 0x0000000092700000|  0%| F|  |TAMS 0x0000000092600000, 0x0000000092600000| Untracked 
| 295|0x0000000092700000, 0x0000000092700000, 0x0000000092800000|  0%| F|  |TAMS 0x0000000092700000, 0x0000000092700000| Untracked 
| 296|0x0000000092800000, 0x0000000092800000, 0x0000000092900000|  0%| F|  |TAMS 0x0000000092800000, 0x0000000092800000| Untracked 
| 297|0x0000000092900000, 0x0000000092900000, 0x0000000092a00000|  0%| F|  |TAMS 0x0000000092900000, 0x0000000092900000| Untracked 
| 298|0x0000000092a00000, 0x0000000092a00000, 0x0000000092b00000|  0%| F|  |TAMS 0x0000000092a00000, 0x0000000092a00000| Untracked 
| 299|0x0000000092b00000, 0x0000000092b00000, 0x0000000092c00000|  0%| F|  |TAMS 0x0000000092b00000, 0x0000000092b00000| Untracked 
| 300|0x0000000092c00000, 0x0000000092c00000, 0x0000000092d00000|  0%| F|  |TAMS 0x0000000092c00000, 0x0000000092c00000| Untracked 
| 301|0x0000000092d00000, 0x0000000092d00000, 0x0000000092e00000|  0%| F|  |TAMS 0x0000000092d00000, 0x0000000092d00000| Untracked 
| 302|0x0000000092e00000, 0x0000000092e00000, 0x0000000092f00000|  0%| F|  |TAMS 0x0000000092e00000, 0x0000000092e00000| Untracked 
| 303|0x0000000092f00000, 0x0000000092f00000, 0x0000000093000000|  0%| F|  |TAMS 0x0000000092f00000, 0x0000000092f00000| Untracked 
| 304|0x0000000093000000, 0x0000000093000000, 0x0000000093100000|  0%| F|  |TAMS 0x0000000093000000, 0x0000000093000000| Untracked 
| 305|0x0000000093100000, 0x0000000093100000, 0x0000000093200000|  0%| F|  |TAMS 0x0000000093100000, 0x0000000093100000| Untracked 
| 306|0x0000000093200000, 0x0000000093200000, 0x0000000093300000|  0%| F|  |TAMS 0x0000000093200000, 0x0000000093200000| Untracked 
| 307|0x0000000093300000, 0x0000000093300000, 0x0000000093400000|  0%| F|  |TAMS 0x0000000093300000, 0x0000000093300000| Untracked 
| 308|0x0000000093400000, 0x0000000093400000, 0x0000000093500000|  0%| F|  |TAMS 0x0000000093400000, 0x0000000093400000| Untracked 
| 309|0x0000000093500000, 0x0000000093500000, 0x0000000093600000|  0%| F|  |TAMS 0x0000000093500000, 0x0000000093500000| Untracked 
| 310|0x0000000093600000, 0x0000000093600000, 0x0000000093700000|  0%| F|  |TAMS 0x0000000093600000, 0x0000000093600000| Untracked 
| 311|0x0000000093700000, 0x0000000093700000, 0x0000000093800000|  0%| F|  |TAMS 0x0000000093700000, 0x0000000093700000| Untracked 
| 312|0x0000000093800000, 0x0000000093800000, 0x0000000093900000|  0%| F|  |TAMS 0x0000000093800000, 0x0000000093800000| Untracked 
| 313|0x0000000093900000, 0x0000000093900000, 0x0000000093a00000|  0%| F|  |TAMS 0x0000000093900000, 0x0000000093900000| Untracked 
| 314|0x0000000093a00000, 0x0000000093a00000, 0x0000000093b00000|  0%| F|  |TAMS 0x0000000093a00000, 0x0000000093a00000| Untracked 
| 315|0x0000000093b00000, 0x0000000093b00000, 0x0000000093c00000|  0%| F|  |TAMS 0x0000000093b00000, 0x0000000093b00000| Untracked 
| 316|0x0000000093c00000, 0x0000000093c00000, 0x0000000093d00000|  0%| F|  |TAMS 0x0000000093c00000, 0x0000000093c00000| Untracked 
| 317|0x0000000093d00000, 0x0000000093d00000, 0x0000000093e00000|  0%| F|  |TAMS 0x0000000093d00000, 0x0000000093d00000| Untracked 
| 318|0x0000000093e00000, 0x0000000093e00000, 0x0000000093f00000|  0%| F|  |TAMS 0x0000000093e00000, 0x0000000093e00000| Untracked 
| 319|0x0000000093f00000, 0x0000000093f00000, 0x0000000094000000|  0%| F|  |TAMS 0x0000000093f00000, 0x0000000093f00000| Untracked 
| 320|0x0000000094000000, 0x0000000094000000, 0x0000000094100000|  0%| F|  |TAMS 0x0000000094000000, 0x0000000094000000| Untracked 
| 321|0x0000000094100000, 0x0000000094100000, 0x0000000094200000|  0%| F|  |TAMS 0x0000000094100000, 0x0000000094100000| Untracked 
| 322|0x0000000094200000, 0x0000000094200000, 0x0000000094300000|  0%| F|  |TAMS 0x0000000094200000, 0x0000000094200000| Untracked 
| 323|0x0000000094300000, 0x0000000094300000, 0x0000000094400000|  0%| F|  |TAMS 0x0000000094300000, 0x0000000094300000| Untracked 
| 324|0x0000000094400000, 0x0000000094400000, 0x0000000094500000|  0%| F|  |TAMS 0x0000000094400000, 0x0000000094400000| Untracked 
| 325|0x0000000094500000, 0x0000000094575b10, 0x0000000094600000| 45%| S|CS|TAMS 0x0000000094500000, 0x0000000094500000| Complete 
| 326|0x0000000094600000, 0x0000000094700000, 0x0000000094700000|100%| S|CS|TAMS 0x0000000094600000, 0x0000000094600000| Complete 
| 327|0x0000000094700000, 0x0000000094800000, 0x0000000094800000|100%| S|CS|TAMS 0x0000000094700000, 0x0000000094700000| Complete 
| 328|0x0000000094800000, 0x0000000094900000, 0x0000000094900000|100%| S|CS|TAMS 0x0000000094800000, 0x0000000094800000| Complete 
| 329|0x0000000094900000, 0x0000000094a00000, 0x0000000094a00000|100%| S|CS|TAMS 0x0000000094900000, 0x0000000094900000| Complete 
| 330|0x0000000094a00000, 0x0000000094b00000, 0x0000000094b00000|100%| S|CS|TAMS 0x0000000094a00000, 0x0000000094a00000| Complete 
| 331|0x0000000094b00000, 0x0000000094c00000, 0x0000000094c00000|100%| S|CS|TAMS 0x0000000094b00000, 0x0000000094b00000| Complete 
| 332|0x0000000094c00000, 0x0000000094d00000, 0x0000000094d00000|100%| S|CS|TAMS 0x0000000094c00000, 0x0000000094c00000| Complete 
| 333|0x0000000094d00000, 0x0000000094e00000, 0x0000000094e00000|100%| S|CS|TAMS 0x0000000094d00000, 0x0000000094d00000| Complete 
| 334|0x0000000094e00000, 0x0000000094f00000, 0x0000000094f00000|100%| S|CS|TAMS 0x0000000094e00000, 0x0000000094e00000| Complete 
| 335|0x0000000094f00000, 0x0000000095000000, 0x0000000095000000|100%| S|CS|TAMS 0x0000000094f00000, 0x0000000094f00000| Complete 
| 336|0x0000000095000000, 0x0000000095100000, 0x0000000095100000|100%| S|CS|TAMS 0x0000000095000000, 0x0000000095000000| Complete 
| 337|0x0000000095100000, 0x0000000095200000, 0x0000000095200000|100%| S|CS|TAMS 0x0000000095100000, 0x0000000095100000| Complete 
| 338|0x0000000095200000, 0x0000000095200000, 0x0000000095300000|  0%| F|  |TAMS 0x0000000095200000, 0x0000000095200000| Untracked 
| 339|0x0000000095300000, 0x0000000095300000, 0x0000000095400000|  0%| F|  |TAMS 0x0000000095300000, 0x0000000095300000| Untracked 
| 340|0x0000000095400000, 0x0000000095400000, 0x0000000095500000|  0%| F|  |TAMS 0x0000000095400000, 0x0000000095400000| Untracked 
| 341|0x0000000095500000, 0x0000000095500000, 0x0000000095600000|  0%| F|  |TAMS 0x0000000095500000, 0x0000000095500000| Untracked 
| 342|0x0000000095600000, 0x0000000095600000, 0x0000000095700000|  0%| F|  |TAMS 0x0000000095600000, 0x0000000095600000| Untracked 
| 343|0x0000000095700000, 0x0000000095700000, 0x0000000095800000|  0%| F|  |TAMS 0x0000000095700000, 0x0000000095700000| Untracked 
| 344|0x0000000095800000, 0x0000000095800000, 0x0000000095900000|  0%| F|  |TAMS 0x0000000095800000, 0x0000000095800000| Untracked 
| 345|0x0000000095900000, 0x0000000095900000, 0x0000000095a00000|  0%| F|  |TAMS 0x0000000095900000, 0x0000000095900000| Untracked 
| 346|0x0000000095a00000, 0x0000000095a00000, 0x0000000095b00000|  0%| F|  |TAMS 0x0000000095a00000, 0x0000000095a00000| Untracked 
| 347|0x0000000095b00000, 0x0000000095b00000, 0x0000000095c00000|  0%| F|  |TAMS 0x0000000095b00000, 0x0000000095b00000| Untracked 
| 348|0x0000000095c00000, 0x0000000095c00000, 0x0000000095d00000|  0%| F|  |TAMS 0x0000000095c00000, 0x0000000095c00000| Untracked 
| 349|0x0000000095d00000, 0x0000000095d00000, 0x0000000095e00000|  0%| F|  |TAMS 0x0000000095d00000, 0x0000000095d00000| Untracked 
| 350|0x0000000095e00000, 0x0000000095e00000, 0x0000000095f00000|  0%| F|  |TAMS 0x0000000095e00000, 0x0000000095e00000| Untracked 
| 351|0x0000000095f00000, 0x0000000095f00000, 0x0000000096000000|  0%| F|  |TAMS 0x0000000095f00000, 0x0000000095f00000| Untracked 
| 352|0x0000000096000000, 0x0000000096000000, 0x0000000096100000|  0%| F|  |TAMS 0x0000000096000000, 0x0000000096000000| Untracked 
| 353|0x0000000096100000, 0x0000000096100000, 0x0000000096200000|  0%| F|  |TAMS 0x0000000096100000, 0x0000000096100000| Untracked 
| 354|0x0000000096200000, 0x0000000096200000, 0x0000000096300000|  0%| F|  |TAMS 0x0000000096200000, 0x0000000096200000| Untracked 
| 355|0x0000000096300000, 0x0000000096300000, 0x0000000096400000|  0%| F|  |TAMS 0x0000000096300000, 0x0000000096300000| Untracked 
| 356|0x0000000096400000, 0x0000000096400000, 0x0000000096500000|  0%| F|  |TAMS 0x0000000096400000, 0x0000000096400000| Untracked 
| 357|0x0000000096500000, 0x0000000096500000, 0x0000000096600000|  0%| F|  |TAMS 0x0000000096500000, 0x0000000096500000| Untracked 
| 358|0x0000000096600000, 0x0000000096600000, 0x0000000096700000|  0%| F|  |TAMS 0x0000000096600000, 0x0000000096600000| Untracked 
| 359|0x0000000096700000, 0x0000000096700000, 0x0000000096800000|  0%| F|  |TAMS 0x0000000096700000, 0x0000000096700000| Untracked 
| 360|0x0000000096800000, 0x0000000096800000, 0x0000000096900000|  0%| F|  |TAMS 0x0000000096800000, 0x0000000096800000| Untracked 
| 361|0x0000000096900000, 0x0000000096900000, 0x0000000096a00000|  0%| F|  |TAMS 0x0000000096900000, 0x0000000096900000| Untracked 
| 362|0x0000000096a00000, 0x0000000096a00000, 0x0000000096b00000|  0%| F|  |TAMS 0x0000000096a00000, 0x0000000096a00000| Untracked 
| 363|0x0000000096b00000, 0x0000000096b00000, 0x0000000096c00000|  0%| F|  |TAMS 0x0000000096b00000, 0x0000000096b00000| Untracked 
| 364|0x0000000096c00000, 0x0000000096c00000, 0x0000000096d00000|  0%| F|  |TAMS 0x0000000096c00000, 0x0000000096c00000| Untracked 
| 365|0x0000000096d00000, 0x0000000096d00000, 0x0000000096e00000|  0%| F|  |TAMS 0x0000000096d00000, 0x0000000096d00000| Untracked 
| 366|0x0000000096e00000, 0x0000000096e00000, 0x0000000096f00000|  0%| F|  |TAMS 0x0000000096e00000, 0x0000000096e00000| Untracked 
| 367|0x0000000096f00000, 0x0000000096f00000, 0x0000000097000000|  0%| F|  |TAMS 0x0000000096f00000, 0x0000000096f00000| Untracked 
| 368|0x0000000097000000, 0x0000000097000000, 0x0000000097100000|  0%| F|  |TAMS 0x0000000097000000, 0x0000000097000000| Untracked 
| 369|0x0000000097100000, 0x0000000097100000, 0x0000000097200000|  0%| F|  |TAMS 0x0000000097100000, 0x0000000097100000| Untracked 
| 370|0x0000000097200000, 0x0000000097200000, 0x0000000097300000|  0%| F|  |TAMS 0x0000000097200000, 0x0000000097200000| Untracked 
| 371|0x0000000097300000, 0x0000000097300000, 0x0000000097400000|  0%| F|  |TAMS 0x0000000097300000, 0x0000000097300000| Untracked 
| 372|0x0000000097400000, 0x0000000097400000, 0x0000000097500000|  0%| F|  |TAMS 0x0000000097400000, 0x0000000097400000| Untracked 
| 373|0x0000000097500000, 0x0000000097500000, 0x0000000097600000|  0%| F|  |TAMS 0x0000000097500000, 0x0000000097500000| Untracked 
| 374|0x0000000097600000, 0x0000000097600000, 0x0000000097700000|  0%| F|  |TAMS 0x0000000097600000, 0x0000000097600000| Untracked 
| 375|0x0000000097700000, 0x0000000097700000, 0x0000000097800000|  0%| F|  |TAMS 0x0000000097700000, 0x0000000097700000| Untracked 
| 376|0x0000000097800000, 0x0000000097800000, 0x0000000097900000|  0%| F|  |TAMS 0x0000000097800000, 0x0000000097800000| Untracked 
| 377|0x0000000097900000, 0x0000000097900000, 0x0000000097a00000|  0%| F|  |TAMS 0x0000000097900000, 0x0000000097900000| Untracked 
| 378|0x0000000097a00000, 0x0000000097a00000, 0x0000000097b00000|  0%| F|  |TAMS 0x0000000097a00000, 0x0000000097a00000| Untracked 
| 379|0x0000000097b00000, 0x0000000097b00000, 0x0000000097c00000|  0%| F|  |TAMS 0x0000000097b00000, 0x0000000097b00000| Untracked 
| 380|0x0000000097c00000, 0x0000000097c00000, 0x0000000097d00000|  0%| F|  |TAMS 0x0000000097c00000, 0x0000000097c00000| Untracked 
| 381|0x0000000097d00000, 0x0000000097d00000, 0x0000000097e00000|  0%| F|  |TAMS 0x0000000097d00000, 0x0000000097d00000| Untracked 
| 382|0x0000000097e00000, 0x0000000097e00000, 0x0000000097f00000|  0%| F|  |TAMS 0x0000000097e00000, 0x0000000097e00000| Untracked 
| 383|0x0000000097f00000, 0x0000000097f00000, 0x0000000098000000|  0%| F|  |TAMS 0x0000000097f00000, 0x0000000097f00000| Untracked 
| 384|0x0000000098000000, 0x0000000098000000, 0x0000000098100000|  0%| F|  |TAMS 0x0000000098000000, 0x0000000098000000| Untracked 
| 385|0x0000000098100000, 0x0000000098100000, 0x0000000098200000|  0%| F|  |TAMS 0x0000000098100000, 0x0000000098100000| Untracked 
| 386|0x0000000098200000, 0x0000000098200000, 0x0000000098300000|  0%| F|  |TAMS 0x0000000098200000, 0x0000000098200000| Untracked 
| 387|0x0000000098300000, 0x0000000098300000, 0x0000000098400000|  0%| F|  |TAMS 0x0000000098300000, 0x0000000098300000| Untracked 
| 388|0x0000000098400000, 0x0000000098400000, 0x0000000098500000|  0%| F|  |TAMS 0x0000000098400000, 0x0000000098400000| Untracked 
| 389|0x0000000098500000, 0x0000000098500000, 0x0000000098600000|  0%| F|  |TAMS 0x0000000098500000, 0x0000000098500000| Untracked 
| 390|0x0000000098600000, 0x0000000098600000, 0x0000000098700000|  0%| F|  |TAMS 0x0000000098600000, 0x0000000098600000| Untracked 
| 391|0x0000000098700000, 0x0000000098700000, 0x0000000098800000|  0%| F|  |TAMS 0x0000000098700000, 0x0000000098700000| Untracked 
| 392|0x0000000098800000, 0x0000000098800000, 0x0000000098900000|  0%| F|  |TAMS 0x0000000098800000, 0x0000000098800000| Untracked 
| 393|0x0000000098900000, 0x0000000098900000, 0x0000000098a00000|  0%| F|  |TAMS 0x0000000098900000, 0x0000000098900000| Untracked 
| 394|0x0000000098a00000, 0x0000000098a00000, 0x0000000098b00000|  0%| F|  |TAMS 0x0000000098a00000, 0x0000000098a00000| Untracked 
| 395|0x0000000098b00000, 0x0000000098b00000, 0x0000000098c00000|  0%| F|  |TAMS 0x0000000098b00000, 0x0000000098b00000| Untracked 
| 396|0x0000000098c00000, 0x0000000098c00000, 0x0000000098d00000|  0%| F|  |TAMS 0x0000000098c00000, 0x0000000098c00000| Untracked 
| 397|0x0000000098d00000, 0x0000000098d00000, 0x0000000098e00000|  0%| F|  |TAMS 0x0000000098d00000, 0x0000000098d00000| Untracked 
| 398|0x0000000098e00000, 0x0000000098e00000, 0x0000000098f00000|  0%| F|  |TAMS 0x0000000098e00000, 0x0000000098e00000| Untracked 
| 399|0x0000000098f00000, 0x0000000098f00000, 0x0000000099000000|  0%| F|  |TAMS 0x0000000098f00000, 0x0000000098f00000| Untracked 
| 400|0x0000000099000000, 0x0000000099000000, 0x0000000099100000|  0%| F|  |TAMS 0x0000000099000000, 0x0000000099000000| Untracked 
| 401|0x0000000099100000, 0x0000000099100000, 0x0000000099200000|  0%| F|  |TAMS 0x0000000099100000, 0x0000000099100000| Untracked 
| 402|0x0000000099200000, 0x0000000099200000, 0x0000000099300000|  0%| F|  |TAMS 0x0000000099200000, 0x0000000099200000| Untracked 
| 403|0x0000000099300000, 0x0000000099300000, 0x0000000099400000|  0%| F|  |TAMS 0x0000000099300000, 0x0000000099300000| Untracked 
| 404|0x0000000099400000, 0x0000000099400000, 0x0000000099500000|  0%| F|  |TAMS 0x0000000099400000, 0x0000000099400000| Untracked 
| 405|0x0000000099500000, 0x0000000099500000, 0x0000000099600000|  0%| F|  |TAMS 0x0000000099500000, 0x0000000099500000| Untracked 
| 406|0x0000000099600000, 0x0000000099600000, 0x0000000099700000|  0%| F|  |TAMS 0x0000000099600000, 0x0000000099600000| Untracked 
| 407|0x0000000099700000, 0x0000000099700000, 0x0000000099800000|  0%| F|  |TAMS 0x0000000099700000, 0x0000000099700000| Untracked 
| 408|0x0000000099800000, 0x0000000099800000, 0x0000000099900000|  0%| F|  |TAMS 0x0000000099800000, 0x0000000099800000| Untracked 
| 409|0x0000000099900000, 0x0000000099900000, 0x0000000099a00000|  0%| F|  |TAMS 0x0000000099900000, 0x0000000099900000| Untracked 
| 410|0x0000000099a00000, 0x0000000099a00000, 0x0000000099b00000|  0%| F|  |TAMS 0x0000000099a00000, 0x0000000099a00000| Untracked 
| 411|0x0000000099b00000, 0x0000000099b00000, 0x0000000099c00000|  0%| F|  |TAMS 0x0000000099b00000, 0x0000000099b00000| Untracked 
| 412|0x0000000099c00000, 0x0000000099c00000, 0x0000000099d00000|  0%| F|  |TAMS 0x0000000099c00000, 0x0000000099c00000| Untracked 
| 413|0x0000000099d00000, 0x0000000099d00000, 0x0000000099e00000|  0%| F|  |TAMS 0x0000000099d00000, 0x0000000099d00000| Untracked 
| 414|0x0000000099e00000, 0x0000000099e00000, 0x0000000099f00000|  0%| F|  |TAMS 0x0000000099e00000, 0x0000000099e00000| Untracked 
| 415|0x0000000099f00000, 0x0000000099f00000, 0x000000009a000000|  0%| F|  |TAMS 0x0000000099f00000, 0x0000000099f00000| Untracked 
| 416|0x000000009a000000, 0x000000009a000000, 0x000000009a100000|  0%| F|  |TAMS 0x000000009a000000, 0x000000009a000000| Untracked 
| 417|0x000000009a100000, 0x000000009a100000, 0x000000009a200000|  0%| F|  |TAMS 0x000000009a100000, 0x000000009a100000| Untracked 
| 418|0x000000009a200000, 0x000000009a200000, 0x000000009a300000|  0%| F|  |TAMS 0x000000009a200000, 0x000000009a200000| Untracked 
| 419|0x000000009a300000, 0x000000009a300000, 0x000000009a400000|  0%| F|  |TAMS 0x000000009a300000, 0x000000009a300000| Untracked 
| 420|0x000000009a400000, 0x000000009a400000, 0x000000009a500000|  0%| F|  |TAMS 0x000000009a400000, 0x000000009a400000| Untracked 
| 421|0x000000009a500000, 0x000000009a500000, 0x000000009a600000|  0%| F|  |TAMS 0x000000009a500000, 0x000000009a500000| Untracked 
| 422|0x000000009a600000, 0x000000009a600000, 0x000000009a700000|  0%| F|  |TAMS 0x000000009a600000, 0x000000009a600000| Untracked 
| 423|0x000000009a700000, 0x000000009a700000, 0x000000009a800000|  0%| F|  |TAMS 0x000000009a700000, 0x000000009a700000| Untracked 
| 424|0x000000009a800000, 0x000000009a800000, 0x000000009a900000|  0%| F|  |TAMS 0x000000009a800000, 0x000000009a800000| Untracked 
| 425|0x000000009a900000, 0x000000009a900000, 0x000000009aa00000|  0%| F|  |TAMS 0x000000009a900000, 0x000000009a900000| Untracked 
| 426|0x000000009aa00000, 0x000000009aa00000, 0x000000009ab00000|  0%| F|  |TAMS 0x000000009aa00000, 0x000000009aa00000| Untracked 
| 427|0x000000009ab00000, 0x000000009ab00000, 0x000000009ac00000|  0%| F|  |TAMS 0x000000009ab00000, 0x000000009ab00000| Untracked 
| 428|0x000000009ac00000, 0x000000009ac00000, 0x000000009ad00000|  0%| F|  |TAMS 0x000000009ac00000, 0x000000009ac00000| Untracked 
| 429|0x000000009ad00000, 0x000000009ad00000, 0x000000009ae00000|  0%| F|  |TAMS 0x000000009ad00000, 0x000000009ad00000| Untracked 
| 430|0x000000009ae00000, 0x000000009ae00000, 0x000000009af00000|  0%| F|  |TAMS 0x000000009ae00000, 0x000000009ae00000| Untracked 
| 431|0x000000009af00000, 0x000000009af00000, 0x000000009b000000|  0%| F|  |TAMS 0x000000009af00000, 0x000000009af00000| Untracked 
| 432|0x000000009b000000, 0x000000009b000000, 0x000000009b100000|  0%| F|  |TAMS 0x000000009b000000, 0x000000009b000000| Untracked 
| 433|0x000000009b100000, 0x000000009b100000, 0x000000009b200000|  0%| F|  |TAMS 0x000000009b100000, 0x000000009b100000| Untracked 
| 434|0x000000009b200000, 0x000000009b200000, 0x000000009b300000|  0%| F|  |TAMS 0x000000009b200000, 0x000000009b200000| Untracked 
| 435|0x000000009b300000, 0x000000009b300000, 0x000000009b400000|  0%| F|  |TAMS 0x000000009b300000, 0x000000009b300000| Untracked 
| 436|0x000000009b400000, 0x000000009b400000, 0x000000009b500000|  0%| F|  |TAMS 0x000000009b400000, 0x000000009b400000| Untracked 
| 437|0x000000009b500000, 0x000000009b500000, 0x000000009b600000|  0%| F|  |TAMS 0x000000009b500000, 0x000000009b500000| Untracked 
| 438|0x000000009b600000, 0x000000009b600000, 0x000000009b700000|  0%| F|  |TAMS 0x000000009b600000, 0x000000009b600000| Untracked 
| 439|0x000000009b700000, 0x000000009b700000, 0x000000009b800000|  0%| F|  |TAMS 0x000000009b700000, 0x000000009b700000| Untracked 
| 440|0x000000009b800000, 0x000000009b800000, 0x000000009b900000|  0%| F|  |TAMS 0x000000009b800000, 0x000000009b800000| Untracked 
| 441|0x000000009b900000, 0x000000009b900000, 0x000000009ba00000|  0%| F|  |TAMS 0x000000009b900000, 0x000000009b900000| Untracked 
| 442|0x000000009ba00000, 0x000000009ba00000, 0x000000009bb00000|  0%| F|  |TAMS 0x000000009ba00000, 0x000000009ba00000| Untracked 
| 443|0x000000009bb00000, 0x000000009bb00000, 0x000000009bc00000|  0%| F|  |TAMS 0x000000009bb00000, 0x000000009bb00000| Untracked 
| 444|0x000000009bc00000, 0x000000009bc00000, 0x000000009bd00000|  0%| F|  |TAMS 0x000000009bc00000, 0x000000009bc00000| Untracked 
| 445|0x000000009bd00000, 0x000000009bd00000, 0x000000009be00000|  0%| F|  |TAMS 0x000000009bd00000, 0x000000009bd00000| Untracked 
| 446|0x000000009be00000, 0x000000009be00000, 0x000000009bf00000|  0%| F|  |TAMS 0x000000009be00000, 0x000000009be00000| Untracked 
| 447|0x000000009bf00000, 0x000000009bf00000, 0x000000009c000000|  0%| F|  |TAMS 0x000000009bf00000, 0x000000009bf00000| Untracked 
| 448|0x000000009c000000, 0x000000009c000000, 0x000000009c100000|  0%| F|  |TAMS 0x000000009c000000, 0x000000009c000000| Untracked 
| 449|0x000000009c100000, 0x000000009c100000, 0x000000009c200000|  0%| F|  |TAMS 0x000000009c100000, 0x000000009c100000| Untracked 
| 450|0x000000009c200000, 0x000000009c200000, 0x000000009c300000|  0%| F|  |TAMS 0x000000009c200000, 0x000000009c200000| Untracked 
| 451|0x000000009c300000, 0x000000009c300000, 0x000000009c400000|  0%| F|  |TAMS 0x000000009c300000, 0x000000009c300000| Untracked 
| 452|0x000000009c400000, 0x000000009c400000, 0x000000009c500000|  0%| F|  |TAMS 0x000000009c400000, 0x000000009c400000| Untracked 
| 453|0x000000009c500000, 0x000000009c500000, 0x000000009c600000|  0%| F|  |TAMS 0x000000009c500000, 0x000000009c500000| Untracked 
| 454|0x000000009c600000, 0x000000009c600000, 0x000000009c700000|  0%| F|  |TAMS 0x000000009c600000, 0x000000009c600000| Untracked 
| 455|0x000000009c700000, 0x000000009c700000, 0x000000009c800000|  0%| F|  |TAMS 0x000000009c700000, 0x000000009c700000| Untracked 
| 456|0x000000009c800000, 0x000000009c800000, 0x000000009c900000|  0%| F|  |TAMS 0x000000009c800000, 0x000000009c800000| Untracked 
| 457|0x000000009c900000, 0x000000009c900000, 0x000000009ca00000|  0%| F|  |TAMS 0x000000009c900000, 0x000000009c900000| Untracked 
| 458|0x000000009ca00000, 0x000000009ca00000, 0x000000009cb00000|  0%| F|  |TAMS 0x000000009ca00000, 0x000000009ca00000| Untracked 
| 459|0x000000009cb00000, 0x000000009cb00000, 0x000000009cc00000|  0%| F|  |TAMS 0x000000009cb00000, 0x000000009cb00000| Untracked 
| 460|0x000000009cc00000, 0x000000009cc00000, 0x000000009cd00000|  0%| F|  |TAMS 0x000000009cc00000, 0x000000009cc00000| Untracked 
| 461|0x000000009cd00000, 0x000000009cd00000, 0x000000009ce00000|  0%| F|  |TAMS 0x000000009cd00000, 0x000000009cd00000| Untracked 
| 462|0x000000009ce00000, 0x000000009ce00000, 0x000000009cf00000|  0%| F|  |TAMS 0x000000009ce00000, 0x000000009ce00000| Untracked 
| 463|0x000000009cf00000, 0x000000009cf00000, 0x000000009d000000|  0%| F|  |TAMS 0x000000009cf00000, 0x000000009cf00000| Untracked 
| 464|0x000000009d000000, 0x000000009d000000, 0x000000009d100000|  0%| F|  |TAMS 0x000000009d000000, 0x000000009d000000| Untracked 
| 465|0x000000009d100000, 0x000000009d100000, 0x000000009d200000|  0%| F|  |TAMS 0x000000009d100000, 0x000000009d100000| Untracked 
| 466|0x000000009d200000, 0x000000009d200000, 0x000000009d300000|  0%| F|  |TAMS 0x000000009d200000, 0x000000009d200000| Untracked 
| 467|0x000000009d300000, 0x000000009d300000, 0x000000009d400000|  0%| F|  |TAMS 0x000000009d300000, 0x000000009d300000| Untracked 
| 468|0x000000009d400000, 0x000000009d400000, 0x000000009d500000|  0%| F|  |TAMS 0x000000009d400000, 0x000000009d400000| Untracked 
| 469|0x000000009d500000, 0x000000009d500000, 0x000000009d600000|  0%| F|  |TAMS 0x000000009d500000, 0x000000009d500000| Untracked 
| 470|0x000000009d600000, 0x000000009d600000, 0x000000009d700000|  0%| F|  |TAMS 0x000000009d600000, 0x000000009d600000| Untracked 
| 471|0x000000009d700000, 0x000000009d700000, 0x000000009d800000|  0%| F|  |TAMS 0x000000009d700000, 0x000000009d700000| Untracked 
| 472|0x000000009d800000, 0x000000009d800000, 0x000000009d900000|  0%| F|  |TAMS 0x000000009d800000, 0x000000009d800000| Untracked 
| 473|0x000000009d900000, 0x000000009d900000, 0x000000009da00000|  0%| F|  |TAMS 0x000000009d900000, 0x000000009d900000| Untracked 
| 474|0x000000009da00000, 0x000000009da00000, 0x000000009db00000|  0%| F|  |TAMS 0x000000009da00000, 0x000000009da00000| Untracked 
| 475|0x000000009db00000, 0x000000009db00000, 0x000000009dc00000|  0%| F|  |TAMS 0x000000009db00000, 0x000000009db00000| Untracked 
| 476|0x000000009dc00000, 0x000000009dc00000, 0x000000009dd00000|  0%| F|  |TAMS 0x000000009dc00000, 0x000000009dc00000| Untracked 
| 477|0x000000009dd00000, 0x000000009dd00000, 0x000000009de00000|  0%| F|  |TAMS 0x000000009dd00000, 0x000000009dd00000| Untracked 
| 478|0x000000009de00000, 0x000000009de00000, 0x000000009df00000|  0%| F|  |TAMS 0x000000009de00000, 0x000000009de00000| Untracked 
| 479|0x000000009df00000, 0x000000009df00000, 0x000000009e000000|  0%| F|  |TAMS 0x000000009df00000, 0x000000009df00000| Untracked 
| 480|0x000000009e000000, 0x000000009e000000, 0x000000009e100000|  0%| F|  |TAMS 0x000000009e000000, 0x000000009e000000| Untracked 
| 481|0x000000009e100000, 0x000000009e100000, 0x000000009e200000|  0%| F|  |TAMS 0x000000009e100000, 0x000000009e100000| Untracked 
| 482|0x000000009e200000, 0x000000009e200000, 0x000000009e300000|  0%| F|  |TAMS 0x000000009e200000, 0x000000009e200000| Untracked 
| 483|0x000000009e300000, 0x000000009e300000, 0x000000009e400000|  0%| F|  |TAMS 0x000000009e300000, 0x000000009e300000| Untracked 
| 484|0x000000009e400000, 0x000000009e400000, 0x000000009e500000|  0%| F|  |TAMS 0x000000009e400000, 0x000000009e400000| Untracked 
| 485|0x000000009e500000, 0x000000009e500000, 0x000000009e600000|  0%| F|  |TAMS 0x000000009e500000, 0x000000009e500000| Untracked 
| 486|0x000000009e600000, 0x000000009e600000, 0x000000009e700000|  0%| F|  |TAMS 0x000000009e600000, 0x000000009e600000| Untracked 
| 487|0x000000009e700000, 0x000000009e700000, 0x000000009e800000|  0%| F|  |TAMS 0x000000009e700000, 0x000000009e700000| Untracked 
| 488|0x000000009e800000, 0x000000009e800000, 0x000000009e900000|  0%| F|  |TAMS 0x000000009e800000, 0x000000009e800000| Untracked 
| 489|0x000000009e900000, 0x000000009e900000, 0x000000009ea00000|  0%| F|  |TAMS 0x000000009e900000, 0x000000009e900000| Untracked 
| 490|0x000000009ea00000, 0x000000009ea00000, 0x000000009eb00000|  0%| F|  |TAMS 0x000000009ea00000, 0x000000009ea00000| Untracked 
| 491|0x000000009eb00000, 0x000000009eb00000, 0x000000009ec00000|  0%| F|  |TAMS 0x000000009eb00000, 0x000000009eb00000| Untracked 
| 492|0x000000009ec00000, 0x000000009ec00000, 0x000000009ed00000|  0%| F|  |TAMS 0x000000009ec00000, 0x000000009ec00000| Untracked 
| 493|0x000000009ed00000, 0x000000009ed00000, 0x000000009ee00000|  0%| F|  |TAMS 0x000000009ed00000, 0x000000009ed00000| Untracked 
| 494|0x000000009ee00000, 0x000000009ee00000, 0x000000009ef00000|  0%| F|  |TAMS 0x000000009ee00000, 0x000000009ee00000| Untracked 
| 495|0x000000009ef00000, 0x000000009ef00000, 0x000000009f000000|  0%| F|  |TAMS 0x000000009ef00000, 0x000000009ef00000| Untracked 
| 496|0x000000009f000000, 0x000000009f000000, 0x000000009f100000|  0%| F|  |TAMS 0x000000009f000000, 0x000000009f000000| Untracked 
| 497|0x000000009f100000, 0x000000009f100000, 0x000000009f200000|  0%| F|  |TAMS 0x000000009f100000, 0x000000009f100000| Untracked 
| 498|0x000000009f200000, 0x000000009f200000, 0x000000009f300000|  0%| F|  |TAMS 0x000000009f200000, 0x000000009f200000| Untracked 
| 499|0x000000009f300000, 0x000000009f300000, 0x000000009f400000|  0%| F|  |TAMS 0x000000009f300000, 0x000000009f300000| Untracked 
| 500|0x000000009f400000, 0x000000009f400000, 0x000000009f500000|  0%| F|  |TAMS 0x000000009f400000, 0x000000009f400000| Untracked 
| 501|0x000000009f500000, 0x000000009f500000, 0x000000009f600000|  0%| F|  |TAMS 0x000000009f500000, 0x000000009f500000| Untracked 
| 502|0x000000009f600000, 0x000000009f600000, 0x000000009f700000|  0%| F|  |TAMS 0x000000009f600000, 0x000000009f600000| Untracked 
| 503|0x000000009f700000, 0x000000009f700000, 0x000000009f800000|  0%| F|  |TAMS 0x000000009f700000, 0x000000009f700000| Untracked 
| 504|0x000000009f800000, 0x000000009f800000, 0x000000009f900000|  0%| F|  |TAMS 0x000000009f800000, 0x000000009f800000| Untracked 
| 505|0x000000009f900000, 0x000000009f900000, 0x000000009fa00000|  0%| F|  |TAMS 0x000000009f900000, 0x000000009f900000| Untracked 
| 506|0x000000009fa00000, 0x000000009fa00000, 0x000000009fb00000|  0%| F|  |TAMS 0x000000009fa00000, 0x000000009fa00000| Untracked 
| 507|0x000000009fb00000, 0x000000009fb00000, 0x000000009fc00000|  0%| F|  |TAMS 0x000000009fb00000, 0x000000009fb00000| Untracked 
| 508|0x000000009fc00000, 0x000000009fc00000, 0x000000009fd00000|  0%| F|  |TAMS 0x000000009fc00000, 0x000000009fc00000| Untracked 
| 509|0x000000009fd00000, 0x000000009fd00000, 0x000000009fe00000|  0%| F|  |TAMS 0x000000009fd00000, 0x000000009fd00000| Untracked 
| 510|0x000000009fe00000, 0x000000009fe00000, 0x000000009ff00000|  0%| F|  |TAMS 0x000000009fe00000, 0x000000009fe00000| Untracked 
| 511|0x000000009ff00000, 0x000000009ff00000, 0x00000000a0000000|  0%| F|  |TAMS 0x000000009ff00000, 0x000000009ff00000| Untracked 
| 512|0x00000000a0000000, 0x00000000a0000000, 0x00000000a0100000|  0%| F|  |TAMS 0x00000000a0000000, 0x00000000a0000000| Untracked 
| 513|0x00000000a0100000, 0x00000000a0100000, 0x00000000a0200000|  0%| F|  |TAMS 0x00000000a0100000, 0x00000000a0100000| Untracked 
| 514|0x00000000a0200000, 0x00000000a0200000, 0x00000000a0300000|  0%| F|  |TAMS 0x00000000a0200000, 0x00000000a0200000| Untracked 
| 515|0x00000000a0300000, 0x00000000a0300000, 0x00000000a0400000|  0%| F|  |TAMS 0x00000000a0300000, 0x00000000a0300000| Untracked 
| 516|0x00000000a0400000, 0x00000000a0400000, 0x00000000a0500000|  0%| F|  |TAMS 0x00000000a0400000, 0x00000000a0400000| Untracked 
| 517|0x00000000a0500000, 0x00000000a0500000, 0x00000000a0600000|  0%| F|  |TAMS 0x00000000a0500000, 0x00000000a0500000| Untracked 
| 518|0x00000000a0600000, 0x00000000a0600000, 0x00000000a0700000|  0%| F|  |TAMS 0x00000000a0600000, 0x00000000a0600000| Untracked 
| 519|0x00000000a0700000, 0x00000000a0700000, 0x00000000a0800000|  0%| F|  |TAMS 0x00000000a0700000, 0x00000000a0700000| Untracked 
| 520|0x00000000a0800000, 0x00000000a0800000, 0x00000000a0900000|  0%| F|  |TAMS 0x00000000a0800000, 0x00000000a0800000| Untracked 
| 521|0x00000000a0900000, 0x00000000a0900000, 0x00000000a0a00000|  0%| F|  |TAMS 0x00000000a0900000, 0x00000000a0900000| Untracked 
| 522|0x00000000a0a00000, 0x00000000a0a00000, 0x00000000a0b00000|  0%| F|  |TAMS 0x00000000a0a00000, 0x00000000a0a00000| Untracked 
| 523|0x00000000a0b00000, 0x00000000a0b00000, 0x00000000a0c00000|  0%| F|  |TAMS 0x00000000a0b00000, 0x00000000a0b00000| Untracked 
| 524|0x00000000a0c00000, 0x00000000a0c00000, 0x00000000a0d00000|  0%| F|  |TAMS 0x00000000a0c00000, 0x00000000a0c00000| Untracked 
| 525|0x00000000a0d00000, 0x00000000a0d00000, 0x00000000a0e00000|  0%| F|  |TAMS 0x00000000a0d00000, 0x00000000a0d00000| Untracked 
| 526|0x00000000a0e00000, 0x00000000a0e00000, 0x00000000a0f00000|  0%| F|  |TAMS 0x00000000a0e00000, 0x00000000a0e00000| Untracked 
| 527|0x00000000a0f00000, 0x00000000a0f00000, 0x00000000a1000000|  0%| F|  |TAMS 0x00000000a0f00000, 0x00000000a0f00000| Untracked 
| 528|0x00000000a1000000, 0x00000000a1000000, 0x00000000a1100000|  0%| F|  |TAMS 0x00000000a1000000, 0x00000000a1000000| Untracked 
| 529|0x00000000a1100000, 0x00000000a1100000, 0x00000000a1200000|  0%| F|  |TAMS 0x00000000a1100000, 0x00000000a1100000| Untracked 
| 530|0x00000000a1200000, 0x00000000a1200000, 0x00000000a1300000|  0%| F|  |TAMS 0x00000000a1200000, 0x00000000a1200000| Untracked 
| 531|0x00000000a1300000, 0x00000000a1300000, 0x00000000a1400000|  0%| F|  |TAMS 0x00000000a1300000, 0x00000000a1300000| Untracked 
| 532|0x00000000a1400000, 0x00000000a1400000, 0x00000000a1500000|  0%| F|  |TAMS 0x00000000a1400000, 0x00000000a1400000| Untracked 
| 533|0x00000000a1500000, 0x00000000a1500000, 0x00000000a1600000|  0%| F|  |TAMS 0x00000000a1500000, 0x00000000a1500000| Untracked 
| 534|0x00000000a1600000, 0x00000000a1600000, 0x00000000a1700000|  0%| F|  |TAMS 0x00000000a1600000, 0x00000000a1600000| Untracked 
| 535|0x00000000a1700000, 0x00000000a1700000, 0x00000000a1800000|  0%| F|  |TAMS 0x00000000a1700000, 0x00000000a1700000| Untracked 
| 536|0x00000000a1800000, 0x00000000a1800000, 0x00000000a1900000|  0%| F|  |TAMS 0x00000000a1800000, 0x00000000a1800000| Untracked 

Card table byte_map: [0x000001e4938b0000,0x000001e493cb0000] _byte_map_base: 0x000001e4934b0000

Marking Bits (Prev, Next): (CMBitMap*) 0x000001e4fdf8c7d0, (CMBitMap*) 0x000001e4fdf8c798
 Prev Bits: [0x000001e4960b0000, 0x000001e4980b0000)
 Next Bits: [0x000001e4940b0000, 0x000001e4960b0000)

Polling page: 0x000001e480000000

Metaspace:

Usage:
  Non-class:     85.76 MB capacity,    84.20 MB ( 98%) used,     1.28 MB (  1%) free+waste,   292.56 KB ( <1%) overhead. 
      Class:     13.36 MB capacity,    12.41 MB ( 93%) used,   840.59 KB (  6%) free+waste,   130.44 KB ( <1%) overhead. 
       Both:     99.13 MB capacity,    96.61 MB ( 97%) used,     2.10 MB (  2%) free+waste,   423.00 KB ( <1%) overhead. 

Virtual space:
  Non-class space:       88.00 MB reserved,      86.46 MB ( 98%) committed 
      Class space:        1.00 GB reserved,      13.82 MB (  1%) committed 
             Both:        1.09 GB reserved,     100.29 MB (  9%) committed 

Chunk freelists:
   Non-Class:  521.00 KB
       Class:  367.00 KB
        Both:  888.00 KB

MaxMetaspaceSize: 17179869184.00 GB
CompressedClassSpaceSize: 1.00 GB

CodeHeap 'non-profiled nmethods': size=120000Kb used=8723Kb max_used=8723Kb free=111276Kb
 bounds [0x000001e48b500000, 0x000001e48bd90000, 0x000001e492a30000]
CodeHeap 'profiled nmethods': size=120000Kb used=36612Kb max_used=36612Kb free=83387Kb
 bounds [0x000001e483fd0000, 0x000001e4863a0000, 0x000001e48b500000]
CodeHeap 'non-nmethods': size=5760Kb used=2284Kb max_used=2362Kb free=3475Kb
 bounds [0x000001e483a30000, 0x000001e483ca0000, 0x000001e483fd0000]
 total_blobs=15716 nmethods=14835 adapters=790
 compilation: enabled
              stopped_count=0, restarted_count=0
 full_count=0

Compilation events (20 events):
Event: 19.341 Thread 0x000001e49b48f000 15250       1       com.android.tools.r8.r.o.X::w (5 bytes)
Event: 19.341 Thread 0x000001e49b48f000 nmethod 15250 0x000001e48bd84990 code [0x000001e48bd84b40, 0x000001e48bd84bf8]
Event: 19.341 Thread 0x000001e49b48f000 15251       1       com.android.tools.r8.r.o.X::t (5 bytes)
Event: 19.341 Thread 0x000001e49b48f000 nmethod 15251 0x000001e48bd84c90 code [0x000001e48bd84e40, 0x000001e48bd84ef8]
Event: 19.342 Thread 0x000001e49b48f000 15252       2       com.android.tools.r8.code.I3::<init> (7 bytes)
Event: 19.342 Thread 0x000001e49b48f000 nmethod 15252 0x000001e48638e090 code [0x000001e48638e240, 0x000001e48638e348]
Event: 19.343 Thread 0x000001e49b48f000 15254       2       com.android.tools.r8.r.o.V::a (105 bytes)
Event: 19.343 Thread 0x000001e49b48f000 nmethod 15254 0x000001e48638e410 code [0x000001e48638e680, 0x000001e48638ec08]
Event: 19.355 Thread 0x000001e49b48f000 15255 %     3       com.android.tools.r8.v.b.Z0::a @ 2 (53 bytes)
Event: 19.355 Thread 0x000001e49b48f000 nmethod 15255% 0x000001e48638f110 code [0x000001e48638f320, 0x000001e48638fa38]
Event: 19.371 Thread 0x000001e49b48f000 15258       2       com.android.tools.r8.w.a.a.a.h.f0::values (26 bytes)
Event: 19.372 Thread 0x000001e49b48f000 nmethod 15258 0x000001e48638fc90 code [0x000001e48638fe40, 0x000001e486390058]
Event: 19.372 Thread 0x000001e49b48f000 15259       2       com.android.tools.r8.w.a.a.a.h.e0::iterator (12 bytes)
Event: 19.372 Thread 0x000001e49b48f000 nmethod 15259 0x000001e486390110 code [0x000001e4863902c0, 0x000001e4863904a8]
Event: 19.372 Thread 0x000001e49b48f000 15260       2       com.android.tools.r8.w.a.a.a.h.f0$g::<init> (12 bytes)
Event: 19.372 Thread 0x000001e49b48f000 nmethod 15260 0x000001e486390590 code [0x000001e486390740, 0x000001e4863908a8]
Event: 19.373 Thread 0x000001e49b48f000 15261       2       com.android.tools.r8.code.Y0::hashCode (11 bytes)
Event: 19.373 Thread 0x000001e49b48f000 nmethod 15261 0x000001e486390990 code [0x000001e486390b40, 0x000001e486390c68]
Event: 19.375 Thread 0x000001e49b48f000 15262       2       com.android.tools.r8.v.b.k1::c2 (44 bytes)
Event: 19.375 Thread 0x000001e49b48f000 nmethod 15262 0x000001e486390d10 code [0x000001e486390ec0, 0x000001e486391028]

GC Heap History (20 events):
Event: 16.829 GC heap after
{Heap after GC invocations=31 (full 0):
 garbage-first heap   total 315392K, used 152791K [0x0000000080000000, 0x0000000100000000)
  region size 1024K, 2 young (2048K), 2 survivors (2048K)
 Metaspace       used 97774K, capacity 100267K, committed 101540K, reserved 1136640K
  class space    used 12676K, capacity 13620K, committed 14028K, reserved 1048576K
}
Event: 17.086 GC heap before
{Heap before GC invocations=31 (full 0):
 garbage-first heap   total 315392K, used 241879K [0x0000000080000000, 0x0000000100000000)
  region size 1024K, 90 young (92160K), 2 survivors (2048K)
 Metaspace       used 98234K, capacity 100840K, committed 101924K, reserved 1136640K
  class space    used 12703K, capacity 13677K, committed 14156K, reserved 1048576K
}
Event: 17.096 GC heap after
{Heap after GC invocations=32 (full 0):
 garbage-first heap   total 315392K, used 156000K [0x0000000080000000, 0x0000000100000000)
  region size 1024K, 5 young (5120K), 5 survivors (5120K)
 Metaspace       used 98234K, capacity 100840K, committed 101924K, reserved 1136640K
  class space    used 12703K, capacity 13677K, committed 14156K, reserved 1048576K
}
Event: 17.467 GC heap before
{Heap before GC invocations=33 (full 0):
 garbage-first heap   total 315392K, used 247136K [0x0000000080000000, 0x0000000100000000)
  region size 1024K, 95 young (97280K), 5 survivors (5120K)
 Metaspace       used 98465K, capacity 101056K, committed 102180K, reserved 1136640K
  class space    used 12706K, capacity 13679K, committed 14156K, reserved 1048576K
}
Event: 17.480 GC heap after
{Heap after GC invocations=34 (full 0):
 garbage-first heap   total 417792K, used 161128K [0x0000000080000000, 0x0000000100000000)
  region size 1024K, 10 young (10240K), 10 survivors (10240K)
 Metaspace       used 98465K, capacity 101056K, committed 102180K, reserved 1136640K
  class space    used 12706K, capacity 13679K, committed 14156K, reserved 1048576K
}
Event: 17.498 GC heap before
{Heap before GC invocations=34 (full 0):
 garbage-first heap   total 417792K, used 171368K [0x0000000080000000, 0x0000000100000000)
  region size 1024K, 21 young (21504K), 10 survivors (10240K)
 Metaspace       used 98472K, capacity 101057K, committed 102180K, reserved 1136640K
  class space    used 12706K, capacity 13679K, committed 14156K, reserved 1048576K
}
Event: 17.507 GC heap after
{Heap after GC invocations=35 (full 0):
 garbage-first heap   total 417792K, used 162760K [0x0000000080000000, 0x0000000100000000)
  region size 1024K, 3 young (3072K), 3 survivors (3072K)
 Metaspace       used 98472K, capacity 101057K, committed 102180K, reserved 1136640K
  class space    used 12706K, capacity 13679K, committed 14156K, reserved 1048576K
}
Event: 17.706 GC heap before
{Heap before GC invocations=35 (full 0):
 garbage-first heap   total 417792K, used 308168K [0x0000000080000000, 0x0000000100000000)
  region size 1024K, 145 young (148480K), 3 survivors (3072K)
 Metaspace       used 98564K, capacity 101138K, committed 102180K, reserved 1136640K
  class space    used 12706K, capacity 13679K, committed 14156K, reserved 1048576K
}
Event: 17.718 GC heap after
{Heap after GC invocations=36 (full 0):
 garbage-first heap   total 417792K, used 184320K [0x0000000080000000, 0x0000000100000000)
  region size 1024K, 18 young (18432K), 18 survivors (18432K)
 Metaspace       used 98564K, capacity 101138K, committed 102180K, reserved 1136640K
  class space    used 12706K, capacity 13679K, committed 14156K, reserved 1048576K
}
Event: 17.940 GC heap before
{Heap before GC invocations=36 (full 0):
 garbage-first heap   total 417792K, used 315392K [0x0000000080000000, 0x0000000100000000)
  region size 1024K, 147 young (150528K), 18 survivors (18432K)
 Metaspace       used 98710K, capacity 101225K, committed 102436K, reserved 1138688K
  class space    used 12706K, capacity 13679K, committed 14156K, reserved 1048576K
}
Event: 17.955 GC heap after
{Heap after GC invocations=37 (full 0):
 garbage-first heap   total 417792K, used 197545K [0x0000000080000000, 0x0000000100000000)
  region size 1024K, 19 young (19456K), 19 survivors (19456K)
 Metaspace       used 98710K, capacity 101225K, committed 102436K, reserved 1138688K
  class space    used 12706K, capacity 13679K, committed 14156K, reserved 1048576K
}
Event: 18.181 GC heap before
{Heap before GC invocations=37 (full 0):
 garbage-first heap   total 417792K, used 322473K [0x0000000080000000, 0x0000000100000000)
  region size 1024K, 142 young (145408K), 19 survivors (19456K)
 Metaspace       used 98767K, capacity 101353K, committed 102436K, reserved 1138688K
  class space    used 12706K, capacity 13679K, committed 14156K, reserved 1048576K
}
Event: 18.202 GC heap after
{Heap after GC invocations=38 (full 0):
 garbage-first heap   total 549888K, used 208940K [0x0000000080000000, 0x0000000100000000)
  region size 1024K, 15 young (15360K), 15 survivors (15360K)
 Metaspace       used 98767K, capacity 101353K, committed 102436K, reserved 1138688K
  class space    used 12706K, capacity 13679K, committed 14156K, reserved 1048576K
}
Event: 18.530 GC heap before
{Heap before GC invocations=38 (full 0):
 garbage-first heap   total 549888K, used 389164K [0x0000000080000000, 0x0000000100000000)
  region size 1024K, 193 young (197632K), 15 survivors (15360K)
 Metaspace       used 98805K, capacity 101362K, committed 102436K, reserved 1138688K
  class space    used 12706K, capacity 13679K, committed 14156K, reserved 1048576K
}
Event: 18.548 GC heap after
{Heap after GC invocations=39 (full 0):
 garbage-first heap   total 549888K, used 225960K [0x0000000080000000, 0x0000000100000000)
  region size 1024K, 18 young (18432K), 18 survivors (18432K)
 Metaspace       used 98805K, capacity 101362K, committed 102436K, reserved 1138688K
  class space    used 12706K, capacity 13679K, committed 14156K, reserved 1048576K
}
Event: 18.804 GC heap before
{Heap before GC invocations=39 (full 0):
 garbage-first heap   total 549888K, used 416424K [0x0000000080000000, 0x0000000100000000)
  region size 1024K, 204 young (208896K), 18 survivors (18432K)
 Metaspace       used 98847K, capacity 101430K, committed 102436K, reserved 1138688K
  class space    used 12706K, capacity 13679K, committed 14156K, reserved 1048576K
}
Event: 18.821 GC heap after
{Heap after GC invocations=40 (full 0):
 garbage-first heap   total 549888K, used 236242K [0x0000000080000000, 0x0000000100000000)
  region size 1024K, 15 young (15360K), 15 survivors (15360K)
 Metaspace       used 98847K, capacity 101430K, committed 102436K, reserved 1138688K
  class space    used 12706K, capacity 13679K, committed 14156K, reserved 1048576K
}
Event: 19.125 GC heap before
{Heap before GC invocations=40 (full 0):
 garbage-first heap   total 549888K, used 425682K [0x0000000080000000, 0x0000000100000000)
  region size 1024K, 200 young (204800K), 15 survivors (15360K)
 Metaspace       used 98920K, capacity 101504K, committed 102692K, reserved 1138688K
  class space    used 12709K, capacity 13681K, committed 14156K, reserved 1048576K
}
Event: 19.140 GC heap after
{Heap after GC invocations=41 (full 0):
 garbage-first heap   total 549888K, used 243366K [0x0000000080000000, 0x0000000100000000)
  region size 1024K, 10 young (10240K), 10 survivors (10240K)
 Metaspace       used 98920K, capacity 101504K, committed 102692K, reserved 1138688K
  class space    used 12709K, capacity 13681K, committed 14156K, reserved 1048576K
}
Event: 19.379 GC heap before
{Heap before GC invocations=41 (full 0):
 garbage-first heap   total 549888K, used 436902K [0x0000000080000000, 0x0000000100000000)
  region size 1024K, 199 young (203776K), 10 survivors (10240K)
 Metaspace       used 98932K, capacity 101504K, committed 102692K, reserved 1138688K
  class space    used 12709K, capacity 13681K, committed 14156K, reserved 1048576K
}

Deoptimization events (20 events):
Event: 19.158 Thread 0x000001e4a0ca8800 DEOPT PACKING pc=0x000001e48609fbb2 sp=0x000000960aaf8480
Event: 19.158 Thread 0x000001e4a0ca8800 DEOPT UNPACKING pc=0x000001e483a576ce sp=0x000000960aaf79e8 mode 0
Event: 19.215 Thread 0x000001e4a0ca3800 DEOPT PACKING pc=0x000001e485c08ea2 sp=0x000000960a5f9700
Event: 19.215 Thread 0x000001e4a0ca3800 DEOPT UNPACKING pc=0x000001e483a576ce sp=0x000000960a5f8ec8 mode 0
Event: 19.246 Thread 0x000001e4a0ca3800 DEOPT PACKING pc=0x000001e48568a8b6 sp=0x000000960a5f9040
Event: 19.246 Thread 0x000001e4a0ca3800 DEOPT UNPACKING pc=0x000001e483a576ce sp=0x000000960a5f8968 mode 0
Event: 19.264 Thread 0x000001e4a0ca7000 DEOPT PACKING pc=0x000001e485c08ea2 sp=0x000000960a6f9470
Event: 19.264 Thread 0x000001e4a0ca7000 DEOPT UNPACKING pc=0x000001e483a576ce sp=0x000000960a6f8c38 mode 0
Event: 19.280 Thread 0x000001e4a0ca7000 DEOPT PACKING pc=0x000001e485c08ea2 sp=0x000000960a6f9470
Event: 19.280 Thread 0x000001e4a0ca7000 DEOPT UNPACKING pc=0x000001e483a576ce sp=0x000000960a6f8c38 mode 0
Event: 19.284 Thread 0x000001e4a0ca7000 DEOPT PACKING pc=0x000001e485c08e81 sp=0x000000960a6f9470
Event: 19.284 Thread 0x000001e4a0ca7000 DEOPT UNPACKING pc=0x000001e483a576ce sp=0x000000960a6f8c38 mode 0
Event: 19.318 Thread 0x000001e4a0ca4800 DEOPT PACKING pc=0x000001e485c08ea2 sp=0x000000960acf9850
Event: 19.318 Thread 0x000001e4a0ca4800 DEOPT UNPACKING pc=0x000001e483a576ce sp=0x000000960acf9018 mode 0
Event: 19.339 Thread 0x000001e4a0ca9800 DEOPT PACKING pc=0x000001e4858bf65d sp=0x000000960a9f9340
Event: 19.339 Thread 0x000001e4a0ca9800 DEOPT UNPACKING pc=0x000001e483a576ce sp=0x000000960a9f8ad0 mode 0
Event: 19.359 Thread 0x000001e4a0caa000 DEOPT PACKING pc=0x000001e485c08ea2 sp=0x000000960abf9560
Event: 19.359 Thread 0x000001e4a0caa000 DEOPT UNPACKING pc=0x000001e483a576ce sp=0x000000960abf8d28 mode 0
Event: 19.364 Thread 0x000001e4a0ca7000 DEOPT PACKING pc=0x000001e485c08ea2 sp=0x000000960a6f9450
Event: 19.364 Thread 0x000001e4a0ca7000 DEOPT UNPACKING pc=0x000001e483a576ce sp=0x000000960a6f8c18 mode 0

Classes redefined (0 events):
No events

Internal exceptions (20 events):
Event: 17.256 Thread 0x000001e4a0caa000 Implicit null exception at 0x000001e48bcf6084 to 0x000001e48bcfbdfc
Event: 17.261 Thread 0x000001e4a0ca9800 Exception <a 'sun/nio/fs/WindowsException'{0x0000000091fda900}> (0x0000000091fda900) thrown at [./src/hotspot/share/prims/jni.cpp, line 615]
Event: 17.446 Thread 0x000001e4a0ca1000 Exception <a 'sun/nio/fs/WindowsException'{0x000000008e9a9870}> (0x000000008e9a9870) thrown at [./src/hotspot/share/prims/jni.cpp, line 615]
Event: 17.461 Thread 0x000001e4a0ca3800 Exception <a 'sun/nio/fs/WindowsException'{0x000000008dddda90}> (0x000000008dddda90) thrown at [./src/hotspot/share/prims/jni.cpp, line 615]
Event: 17.558 Thread 0x000001e4a0ca9800 Exception <a 'sun/nio/fs/WindowsException'{0x0000000096d4b588}> (0x0000000096d4b588) thrown at [./src/hotspot/share/prims/jni.cpp, line 615]
Event: 17.785 Thread 0x000001e4a0ca7000 Exception <a 'sun/nio/fs/WindowsException'{0x0000000096d95ed0}> (0x0000000096d95ed0) thrown at [./src/hotspot/share/prims/jni.cpp, line 615]
Event: 17.805 Thread 0x000001e4a0ca3800 Exception <a 'sun/nio/fs/WindowsException'{0x0000000097af4738}> (0x0000000097af4738) thrown at [./src/hotspot/share/prims/jni.cpp, line 615]
Event: 17.854 Thread 0x000001e4a0ca1000 Exception <a 'sun/nio/fs/WindowsException'{0x0000000094de2a70}> (0x0000000094de2a70) thrown at [./src/hotspot/share/prims/jni.cpp, line 615]
Event: 17.885 Thread 0x000001e4a0ca3800 Exception <a 'sun/nio/fs/WindowsException'{0x00000000936803f8}> (0x00000000936803f8) thrown at [./src/hotspot/share/prims/jni.cpp, line 615]
Event: 17.919 Thread 0x000001e4a0ca8800 Exception <a 'sun/nio/fs/WindowsException'{0x0000000092383fe8}> (0x0000000092383fe8) thrown at [./src/hotspot/share/prims/jni.cpp, line 615]
Event: 18.296 Thread 0x000001e4a0ca9800 Implicit null exception at 0x000001e48bd2db57 to 0x000001e48bd31970
Event: 18.311 Thread 0x000001e4a0ca3800 Exception <a 'sun/nio/fs/WindowsException'{0x000000009dbf3960}> (0x000000009dbf3960) thrown at [./src/hotspot/share/prims/jni.cpp, line 615]
Event: 18.386 Thread 0x000001e4a0ca3800 Exception <a 'sun/nio/fs/WindowsException'{0x000000009b38e4c0}> (0x000000009b38e4c0) thrown at [./src/hotspot/share/prims/jni.cpp, line 615]
Event: 18.425 Thread 0x000001e4a0ca1000 Exception <a 'sun/nio/fs/WindowsException'{0x0000000099dfe9d8}> (0x0000000099dfe9d8) thrown at [./src/hotspot/share/prims/jni.cpp, line 615]
Event: 18.614 Thread 0x000001e4a0ca3800 Exception <a 'sun/nio/fs/WindowsException'{0x000000009eb21918}> (0x000000009eb21918) thrown at [./src/hotspot/share/prims/jni.cpp, line 615]
Event: 18.663 Thread 0x000001e4a0ca3800 Exception <a 'sun/nio/fs/WindowsException'{0x000000009c02b1d8}> (0x000000009c02b1d8) thrown at [./src/hotspot/share/prims/jni.cpp, line 615]
Event: 18.795 Thread 0x000001e4a0ca3800 Exception <a 'sun/nio/fs/WindowsException'{0x0000000096759c20}> (0x0000000096759c20) thrown at [./src/hotspot/share/prims/jni.cpp, line 615]
Event: 18.965 Thread 0x000001e4a0ca3800 Exception <a 'sun/nio/fs/WindowsException'{0x000000009c405978}> (0x000000009c405978) thrown at [./src/hotspot/share/prims/jni.cpp, line 615]
Event: 19.099 Thread 0x000001e4a0ca3800 Exception <a 'sun/nio/fs/WindowsException'{0x0000000096f075e8}> (0x0000000096f075e8) thrown at [./src/hotspot/share/prims/jni.cpp, line 615]
Event: 19.161 Thread 0x000001e4a0ca3800 Exception <a 'sun/nio/fs/WindowsException'{0x00000000a06d49f0}> (0x00000000a06d49f0) thrown at [./src/hotspot/share/prims/jni.cpp, line 615]

Events (20 events):
Event: 18.515 Executing VM operation: G1CollectForAllocation done
Event: 18.530 Executing VM operation: G1CollectForAllocation
Event: 18.548 Executing VM operation: G1CollectForAllocation done
Event: 18.602 Executing VM operation: RevokeBias
Event: 18.604 Executing VM operation: RevokeBias done
Event: 18.785 Executing VM operation: RevokeBias
Event: 18.786 Executing VM operation: RevokeBias done
Event: 18.804 Executing VM operation: G1CollectForAllocation
Event: 18.821 Executing VM operation: G1CollectForAllocation done
Event: 18.915 loading class com/android/tools/r8/v/b/o0
Event: 18.915 loading class com/android/tools/r8/v/b/o0 done
Event: 18.915 loading class com/android/tools/r8/v/b/o0
Event: 18.915 loading class com/android/tools/r8/v/b/o0 done
Event: 18.926 loading class com/android/tools/r8/code/z0
Event: 18.926 loading class com/android/tools/r8/code/z0 done
Event: 18.926 loading class com/android/tools/r8/code/y0
Event: 18.926 loading class com/android/tools/r8/code/y0 done
Event: 19.123 Executing VM operation: G1CollectForAllocation
Event: 19.140 Executing VM operation: G1CollectForAllocation done
Event: 19.377 Executing VM operation: G1CollectForAllocation


Dynamic libraries:
0x00007ff689df0000 - 0x00007ff689dfa000 	C:\Program Files\Android\Android Studio\jre\bin\java.exe
0x00007ff9bf340000 - 0x00007ff9bf530000 	C:\WINDOWS\SYSTEM32\ntdll.dll
0x00007ff9bed80000 - 0x00007ff9bee32000 	C:\WINDOWS\System32\KERNEL32.DLL
0x00007ff9bcb50000 - 0x00007ff9bcdf4000 	C:\WINDOWS\System32\KERNELBASE.dll
0x00007ff9bc2d0000 - 0x00007ff9bc3ca000 	C:\WINDOWS\System32\ucrtbase.dll
0x00007ff9ab8c0000 - 0x00007ff9ab8d9000 	C:\Program Files\Android\Android Studio\jre\bin\jli.dll
0x00007ff9b72a0000 - 0x00007ff9b72b7000 	C:\Program Files\Android\Android Studio\jre\bin\VCRUNTIME140.dll
0x00007ff9bddc0000 - 0x00007ff9bdf54000 	C:\WINDOWS\System32\USER32.dll
0x00007ff9bcf50000 - 0x00007ff9bcf71000 	C:\WINDOWS\System32\win32u.dll
0x00007ff9a9820000 - 0x00007ff9a9aa4000 	C:\WINDOWS\WinSxS\amd64_microsoft.windows.common-controls_6595b64144ccf1df_6.0.18362.836_none_e6c4b943130f18ed\COMCTL32.dll
0x00007ff9bdd90000 - 0x00007ff9bddb6000 	C:\WINDOWS\System32\GDI32.dll
0x00007ff9be650000 - 0x00007ff9be6ee000 	C:\WINDOWS\System32\msvcrt.dll
0x00007ff9bcfb0000 - 0x00007ff9bd144000 	C:\WINDOWS\System32\gdi32full.dll
0x00007ff9bd2f0000 - 0x00007ff9bd38e000 	C:\WINDOWS\System32\msvcp_win.dll
0x00007ff9bef10000 - 0x00007ff9bf246000 	C:\WINDOWS\System32\combase.dll
0x00007ff9bec60000 - 0x00007ff9bed80000 	C:\WINDOWS\System32\RPCRT4.dll
0x00007ff9bced0000 - 0x00007ff9bcf50000 	C:\WINDOWS\System32\bcryptPrimitives.dll
0x00007ff9bdd60000 - 0x00007ff9bdd8e000 	C:\WINDOWS\System32\IMM32.DLL
0x00007ff992dd0000 - 0x00007ff992e6d000 	C:\Program Files\Android\Android Studio\jre\bin\msvcp140.dll
0x00007ff95e140000 - 0x00007ff95ec0f000 	C:\Program Files\Android\Android Studio\jre\bin\server\jvm.dll
0x00007ff9be5a0000 - 0x00007ff9be643000 	C:\WINDOWS\System32\ADVAPI32.dll
0x00007ff9bdfc0000 - 0x00007ff9be057000 	C:\WINDOWS\System32\sechost.dll
0x00007ff9bebe0000 - 0x00007ff9bebe8000 	C:\WINDOWS\System32\PSAPI.DLL
0x00007ff9a7e90000 - 0x00007ff9a7e99000 	C:\WINDOWS\SYSTEM32\WSOCK32.dll
0x00007ff9b9d30000 - 0x00007ff9b9d54000 	C:\WINDOWS\SYSTEM32\WINMM.dll
0x00007ff9be4d0000 - 0x00007ff9be53f000 	C:\WINDOWS\System32\WS2_32.dll
0x00007ff9b5310000 - 0x00007ff9b531a000 	C:\WINDOWS\SYSTEM32\VERSION.dll
0x00007ff9b9d00000 - 0x00007ff9b9d2d000 	C:\WINDOWS\SYSTEM32\winmmbase.dll
0x00007ff9bd2a0000 - 0x00007ff9bd2ea000 	C:\WINDOWS\System32\cfgmgr32.dll
0x00007ff9bc2b0000 - 0x00007ff9bc2c1000 	C:\WINDOWS\System32\kernel.appcore.dll
0x00007ff9b73d0000 - 0x00007ff9b73e1000 	C:\Program Files\Android\Android Studio\jre\bin\verify.dll
0x00007ff9bab40000 - 0x00007ff9bad34000 	C:\WINDOWS\SYSTEM32\DBGHELP.DLL
0x00007ff9a7960000 - 0x00007ff9a798a000 	C:\WINDOWS\SYSTEM32\dbgcore.DLL
0x00007ff9b33b0000 - 0x00007ff9b33d9000 	C:\Program Files\Android\Android Studio\jre\bin\java.dll
0x00007ff9b8550000 - 0x00007ff9b855b000 	C:\Program Files\Android\Android Studio\jre\bin\jimage.dll
0x00007ff9a41f0000 - 0x00007ff9a4208000 	C:\Program Files\Android\Android Studio\jre\bin\zip.dll
0x00007ff9bd4a0000 - 0x00007ff9bdb84000 	C:\WINDOWS\System32\SHELL32.dll
0x00007ff9bf250000 - 0x00007ff9bf2f9000 	C:\WINDOWS\System32\shcore.dll
0x00007ff9bc3d0000 - 0x00007ff9bcb4e000 	C:\WINDOWS\System32\windows.storage.dll
0x00007ff9bc210000 - 0x00007ff9bc233000 	C:\WINDOWS\System32\profapi.dll
0x00007ff9bc240000 - 0x00007ff9bc28a000 	C:\WINDOWS\System32\powrprof.dll
0x00007ff9bc200000 - 0x00007ff9bc210000 	C:\WINDOWS\System32\UMPDC.dll
0x00007ff9be540000 - 0x00007ff9be592000 	C:\WINDOWS\System32\shlwapi.dll
0x00007ff9bceb0000 - 0x00007ff9bcec7000 	C:\WINDOWS\System32\cryptsp.dll
0x00007ff999670000 - 0x00007ff99968a000 	C:\Program Files\Android\Android Studio\jre\bin\net.dll
0x00007ff9ace20000 - 0x00007ff9acf10000 	C:\WINDOWS\SYSTEM32\WINHTTP.dll
0x00007ff9bba70000 - 0x00007ff9bbad7000 	C:\WINDOWS\system32\mswsock.dll
0x00007ff999650000 - 0x00007ff999664000 	C:\Program Files\Android\Android Studio\jre\bin\nio.dll
0x00007ff9ad230000 - 0x00007ff9ad257000 	C:\Users\hp\.gradle\native\fdc75f09e3144964f2cf3f50f0aa648679c211496f362492102eb8c894070792\windows-amd64\native-platform.dll
0x00007ff9612b0000 - 0x00007ff961446000 	C:\Users\hp\.gradle\native\12488b8bf47d2d4c9fbf2f6322a914ad602e24e48041cd04a747c6da556b65c4\windows-amd64\native-platform-file-events.dll
0x00007ff9b33a0000 - 0x00007ff9b33aa000 	C:\Program Files\Android\Android Studio\jre\bin\management.dll
0x00007ff9a8d80000 - 0x00007ff9a8d8c000 	C:\Program Files\Android\Android Studio\jre\bin\management_ext.dll
0x00007ff9bb580000 - 0x00007ff9bb5b3000 	C:\WINDOWS\system32\rsaenh.dll
0x00007ff9bcf80000 - 0x00007ff9bcfa6000 	C:\WINDOWS\System32\bcrypt.dll
0x00007ff9bc0f0000 - 0x00007ff9bc115000 	C:\WINDOWS\SYSTEM32\USERENV.dll
0x00007ff9bbc40000 - 0x00007ff9bbc4c000 	C:\WINDOWS\SYSTEM32\CRYPTBASE.dll
0x00007ff9bb720000 - 0x00007ff9bb75a000 	C:\WINDOWS\SYSTEM32\IPHLPAPI.DLL
0x00007ff9bea20000 - 0x00007ff9bea28000 	C:\WINDOWS\System32\NSI.dll
0x00007ff9b35a0000 - 0x00007ff9b35b6000 	C:\WINDOWS\SYSTEM32\dhcpcsvc6.DLL
0x00007ff9b3d80000 - 0x00007ff9b3d9c000 	C:\WINDOWS\SYSTEM32\dhcpcsvc.DLL
0x00007ff9bb760000 - 0x00007ff9bb82b000 	C:\WINDOWS\SYSTEM32\DNSAPI.dll
0x00007ff9b5300000 - 0x00007ff9b530b000 	C:\WINDOWS\SYSTEM32\WINNSI.DLL

dbghelp: loaded successfully - version: 4.0.5 - missing functions: none
symbol engine: initialized successfully - sym options: 0x614 - pdb path: .;C:\Program Files\Android\Android Studio\jre\bin;C:\WINDOWS\SYSTEM32;C:\WINDOWS\WinSxS\amd64_microsoft.windows.common-controls_6595b64144ccf1df_6.0.18362.836_none_e6c4b943130f18ed;C:\Program Files\Android\Android Studio\jre\bin\server;C:\Users\hp\.gradle\native\fdc75f09e3144964f2cf3f50f0aa648679c211496f362492102eb8c894070792\windows-amd64;C:\Users\hp\.gradle\native\12488b8bf47d2d4c9fbf2f6322a914ad602e24e48041cd04a747c6da556b65c4\windows-amd64

VM Arguments:
jvm_args: --add-opens=java.base/java.util=ALL-UNNAMED --add-opens=java.base/java.lang=ALL-UNNAMED --add-opens=java.base/java.lang.invoke=ALL-UNNAMED --add-opens=java.prefs/java.util.prefs=ALL-UNNAMED -Xmx2048m -Dfile.encoding=UTF-8 -Duser.country=US -Duser.language=en -Duser.variant 
java_command: org.gradle.launcher.daemon.bootstrap.GradleDaemon 6.7.1
java_class_path (initial): C:\Users\hp\.gradle\wrapper\dists\gradle-6.7.1-bin\bwlcbys1h7rz3272sye1xwiv6\gradle-6.7.1\lib\gradle-launcher-6.7.1.jar
Launcher Type: SUN_STANDARD

[Global flags]
     intx CICompilerCount                          = 4                                         {product} {ergonomic}
     uint ConcGCThreads                            = 2                                         {product} {ergonomic}
     uint G1ConcRefinementThreads                  = 8                                         {product} {ergonomic}
   size_t G1HeapRegionSize                         = 1048576                                   {product} {ergonomic}
    uintx GCDrainStackTargetSize                   = 64                                        {product} {ergonomic}
   size_t InitialHeapSize                          = 268435456                                 {product} {ergonomic}
   size_t MarkStackSize                            = 4194304                                   {product} {ergonomic}
   size_t MaxHeapSize                              = 2147483648                                {product} {command line}
   size_t MaxNewSize                               = 1287651328                                {product} {ergonomic}
   size_t MinHeapDeltaBytes                        = 1048576                                   {product} {ergonomic}
    uintx NonNMethodCodeHeapSize                   = 5836300                                {pd product} {ergonomic}
    uintx NonProfiledCodeHeapSize                  = 122910970                              {pd product} {ergonomic}
    uintx ProfiledCodeHeapSize                     = 122910970                              {pd product} {ergonomic}
    uintx ReservedCodeCacheSize                    = 251658240                              {pd product} {ergonomic}
     bool SegmentedCodeCache                       = true                                      {product} {ergonomic}
     bool UseCompressedClassPointers               = true                                 {lp64_product} {ergonomic}
     bool UseCompressedOops                        = true                                 {lp64_product} {ergonomic}
     bool UseG1GC                                  = true                                      {product} {ergonomic}
     bool UseLargePagesIndividualAllocation        = false                                  {pd product} {ergonomic}

Logging:
Log output configuration:
 #0: stdout all=warning uptime,level,tags
 #1: stderr all=off uptime,level,tags

Environment Variables:
JAVA_HOME=C:\Program Files\Java\jre1.8.0_212
PATH=C:\Program Files (x86)\Common Files\Oracle\Java\javapath;C:\WINDOWS\system32;C:\WINDOWS;C:\WINDOWS\System32\Wbem;C:\WINDOWS\System32\WindowsPowerShell\v1.0\;C:\WINDOWS\System32\OpenSSH\;C:\Program Files\Git\cmd;C:\Program Files\NVIDIA Corporation\NVIDIA NvDLISR;C:\Users\hp\AppData\Local\Microsoft\WindowsApps;D:\Program Files\Microsoft VS Code\bin;D:\Program Files\JetBrains\PyCharm 2019.1.3\bin;C:\adb;C:\WINDOWS\system32;C:\WINDOWS;C:\WINDOWS\System32\Wbem;C:\WINDOWS\System32\WindowsPowerShell\v1.0\;C:\WINDOWS\System32\OpenSSH\;C:\Program Files (x86)\NVIDIA Corporation\PhysX\Common;C:\Users\hp\AppData\Local\Microsoft\WindowsApps;;D:\Program Files\Microsoft VS Code\bin;D:\Program Files\JetBrains\PyCharm 2019.1.3\bin;
USERNAME=hp
OS=Windows_NT
PROCESSOR_IDENTIFIER=Intel64 Family 6 Model 158 Stepping 9, GenuineIntel



---------------  S Y S T E M  ---------------

OS: Windows 10 , 64 bit Build 18362 (10.0.18362.778)
OS uptime: 10 days 23:25 hours

CPU:total 8 (initial active 8) (4 cores per cpu, 2 threads per core) family 6 model 158 stepping 9 microcode 0xb4, cmov, cx8, fxsr, mmx, sse, sse2, sse3, ssse3, sse4.1, sse4.2, popcnt, avx, avx2, aes, clmul, erms, 3dnowpref, lzcnt, ht, tsc, tscinvbit, bmi1, bmi2, adx, fma

Memory: 4k page, system-wide physical 16267M (991M free)
TotalPageFile size 31347M (AvailPageFile size 18M)
current process WorkingSet (physical memory assigned to process): 979M, peak: 985M
current process commit charge ("private bytes"): 1051M, peak: 1203M

vm_info: OpenJDK 64-Bit Server VM (11.0.10+0-b96-7249189) for windows-amd64 JRE (11.0.10+0-b96-7249189), built on Mar 31 2021 21:44:00 by "builder" with MS VC++ 14.0 (VS2015)

END.
