#
# There is insufficient memory for the Java Runtime Environment to continue.
# Native memory allocation (malloc) failed to allocate 2481136 bytes for Chunk::new
# Possible reasons:
#   The system is out of physical RAM or swap space
#   The process is running with CompressedOops enabled, and the Java Heap may be blocking the growth of the native heap
# Possible solutions:
#   Reduce memory load on the system
#   Increase physical memory or swap space
#   Check if swap backing store is full
#   Decrease Java heap size (-Xmx/-Xms)
#   Decrease number of Java threads
#   Decrease Java thread stack sizes (-Xss)
#   Set larger code cache with -XX:ReservedCodeCacheSize=
#   JVM is running with Unscaled Compressed Oops mode in which the Java heap is
#     placed in the first 4GB address space. The Java Heap base address is the
#     maximum limit for the native heap growth. Please use -XX:HeapBaseMinAddress
#     to set the Java Heap base and to place the Java Heap above 4GB virtual address.
# This output file may be truncated or incomplete.
#
#  Out of Memory Error (./src/hotspot/share/memory/arena.cpp:197), pid=18136, tid=11568
#
# JRE version: OpenJDK Runtime Environment (11.0.10) (build 11.0.10+0-b96-7249189)
# Java VM: OpenJDK 64-Bit Server VM (11.0.10+0-b96-7249189, mixed mode, tiered, compressed oops, g1 gc, windows-amd64)
# No core dump will be written. Minidumps are not enabled by default on client versions of Windows
#

---------------  S U M M A R Y ------------

Command Line: --add-opens=java.base/java.util=ALL-UNNAMED --add-opens=java.base/java.lang=ALL-UNNAMED --add-opens=java.base/java.lang.invoke=ALL-UNNAMED --add-opens=java.prefs/java.util.prefs=ALL-UNNAMED -Xmx2048m -Dfile.encoding=UTF-8 -Duser.country=US -Duser.language=en -Duser.variant org.gradle.launcher.daemon.bootstrap.GradleDaemon 6.7.1

Host: Intel(R) Core(TM) i7-7700HQ CPU @ 2.80GHz, 8 cores, 15G,  Windows 10 , 64 bit Build 18362 (10.0.18362.778)
Time: Tue Jan  4 20:31:40 2022 Pakistan Standard Time elapsed time: 183.513111 seconds (0d 0h 3m 3s)

---------------  T H R E A D  ---------------

Current thread (0x00000195c72a7000):  JavaThread "C2 CompilerThread2" daemon [_thread_in_native, id=11568, stack(0x0000007230b00000,0x0000007230c00000)]


Current CompileTask:
C2: 183513 17947       4       com.android.tools.r8.code.x1::a (4137 bytes)

Stack: [0x0000007230b00000,0x0000007230c00000]
Native frames: (J=compiled Java code, j=interpreted, Vv=VM code, C=native code)
V  [jvm.dll+0x5ecfaa]
V  [jvm.dll+0x722bd5]
V  [jvm.dll+0x72412d]
V  [jvm.dll+0x7247e3]
V  [jvm.dll+0x242928]
V  [jvm.dll+0xbc4fc]
V  [jvm.dll+0xbca0c]
V  [jvm.dll+0x352d3b]
V  [jvm.dll+0x320ad3]
V  [jvm.dll+0x31ffca]
V  [jvm.dll+0x1fb602]
V  [jvm.dll+0x1fa7f4]
V  [jvm.dll+0x18354c]
V  [jvm.dll+0x208ee7]
V  [jvm.dll+0x207731]
V  [jvm.dll+0x6eb1cf]
V  [jvm.dll+0x6e3d45]
V  [jvm.dll+0x5ebe96]
C  [ucrtbase.dll+0x20e82]
C  [KERNEL32.DLL+0x17bd4]
C  [ntdll.dll+0x6ce51]


---------------  P R O C E S S  ---------------

Threads class SMR info:
_java_thread_list=0x00000195c7186730, length=205, elements={
0x00000195a0c6e800, 0x00000195bb957000, 0x00000195bb958800, 0x00000195bb9b5800,
0x00000195bb9b6000, 0x00000195bb9b8000, 0x00000195bb9c5800, 0x00000195bb9d5800,
0x00000195bb9d8800, 0x00000195bbb36000, 0x00000195bc55c000, 0x00000195bcca6800,
0x00000195bd591000, 0x00000195bdc34000, 0x00000195bdc38000, 0x00000195bdc36800,
0x00000195bdc36000, 0x00000195c11d9000, 0x00000195bded2000, 0x00000195bded8800,
0x00000195bded7800, 0x00000195bdeda000, 0x00000195bdeda800, 0x00000195bdedb800,
0x00000195bded6800, 0x00000195bdede000, 0x00000195bdedd000, 0x00000195bdedf000,
0x00000195bdedf800, 0x00000195bdee0800, 0x00000195c11d6800, 0x00000195c11dd000,
0x00000195c11de000, 0x00000195c11d8000, 0x00000195c11e0800, 0x00000195c11de800,
0x00000195c11e1000, 0x00000195c11e2000, 0x00000195c11e3800, 0x00000195c11e3000,
0x00000195c11e4800, 0x00000195bbe84000, 0x00000195bbe81800, 0x00000195bbe7e000,
0x00000195bbe88000, 0x00000195bbe88800, 0x00000195bbe84800, 0x00000195bbe8b000,
0x00000195bbe85800, 0x00000195bbe87000, 0x00000195bbe86000, 0x00000195bbe89800,
0x00000195bbe8a800, 0x00000195bd3e3000, 0x00000195bd3e2000, 0x00000195bd3e0800,
0x00000195bd3e3800, 0x00000195bd3df800, 0x00000195bd3e4800, 0x00000195bd3de800,
0x00000195bd3e7000, 0x00000195bd3e6000, 0x00000195bd3e5800, 0x00000195bd3e1000,
0x00000195bd3e9800, 0x00000195bd3ed800, 0x00000195bd3e8800, 0x00000195bd3e7800,
0x00000195bd3eb000, 0x00000195bd3ea000, 0x00000195bd3ec800, 0x00000195bd3ec000,
0x00000195c68ba800, 0x00000195c68b9800, 0x00000195c68bb000, 0x00000195c68bc000,
0x00000195c68b6800, 0x00000195c68bd000, 0x00000195c68b7000, 0x00000195c68b8000,
0x00000195c68bd800, 0x00000195c68be800, 0x00000195c68b8800, 0x00000195c68c5000,
0x00000195c68bf800, 0x00000195c68c0000, 0x00000195c68c1000, 0x00000195c68c2800,
0x00000195c68c1800, 0x00000195c68c3800, 0x00000195c68c4000, 0x00000195c6998000,
0x00000195c6999800, 0x00000195c699a800, 0x00000195c6996000, 0x00000195c6998800,
0x00000195c699c800, 0x00000195c699b000, 0x00000195c6997000, 0x00000195c699d800,
0x00000195c69a1000, 0x00000195c699f000, 0x00000195c699c000, 0x00000195c69a0000,
0x00000195c69a1800, 0x00000195c69a3800, 0x00000195c69a2800, 0x00000195c69a4000,
0x00000195c699e800, 0x00000195c69a5000, 0x00000195c14c3000, 0x00000195c14c8000,
0x00000195c14c4800, 0x00000195c14c8800, 0x00000195c14c7000, 0x00000195c14c9800,
0x00000195c14c3800, 0x00000195c14ca000, 0x00000195c14c6000, 0x00000195c14cb000,
0x00000195c14c5800, 0x00000195c14cc800, 0x00000195c14cd800, 0x00000195c14ce800,
0x00000195c14cc000, 0x00000195c14cf000, 0x00000195c14d0000, 0x00000195c14d0800,
0x00000195c14d1800, 0x00000195c17b9000, 0x00000195c17b4000, 0x00000195c17b6800,
0x00000195c17b5000, 0x00000195c17b5800, 0x00000195c17b7800, 0x00000195c17b8000,
0x00000195c17b3800, 0x00000195c17bb800, 0x00000195c17ba000, 0x00000195c17c0800,
0x00000195c17be800, 0x00000195c17be000, 0x00000195c17bf800, 0x00000195c17bd000,
0x00000195c17c1000, 0x00000195bbe7c800, 0x00000195bbe82000, 0x00000195bbe7f800,
0x00000195bbe7d800, 0x00000195bbe83000, 0x00000195bded3800, 0x00000195bded6000,
0x00000195bded2800, 0x00000195bded9000, 0x00000195bdedc800, 0x00000195bdc35000,
0x00000195bdc37800, 0x00000195bdc32800, 0x00000195bdc39000, 0x00000195bdc33800,
0x00000195c11e5000, 0x00000195c11df800, 0x00000195bbe80800, 0x00000195c72a3000,
0x00000195c72a0000, 0x00000195c72a4000, 0x00000195c72a0800, 0x00000195c729e800,
0x00000195c72a6800, 0x00000195c72a7000, 0x00000195c72a1800, 0x00000195c72a8000,
0x00000195c72a2800, 0x00000195c72ad000, 0x00000195c72ac000, 0x00000195c72a9000,
0x00000195c72a9800, 0x00000195c72aa800, 0x00000195c72ab800, 0x00000195bded4000,
0x00000195bbe7f000, 0x00000195bf145800, 0x00000195bf14a800, 0x00000195bf144800,
0x00000195bf14c000, 0x00000195bf148800, 0x00000195bf149800, 0x00000195bf14b000,
0x00000195bf146000, 0x00000195bf14c800, 0x00000195bf147000, 0x00000195bf14d800,
0x00000195bf148000, 0x00000195bf14f000, 0x00000195bf153800, 0x00000195bf154000,
0x00000195bf150000, 0x00000195bf151000, 0x00000195bf151800, 0x00000195bf152800,
0x00000195bf14e800, 0x00000195bf159000, 0x00000195bf157800, 0x00000195bf158000,
0x00000195bf15a000
}

Java Threads: ( => current thread )
  0x00000195a0c6e800 JavaThread "main" [_thread_blocked, id=3796, stack(0x000000722ca00000,0x000000722cb00000)]
  0x00000195bb957000 JavaThread "Reference Handler" daemon [_thread_blocked, id=11048, stack(0x000000722d100000,0x000000722d200000)]
  0x00000195bb958800 JavaThread "Finalizer" daemon [_thread_blocked, id=18500, stack(0x000000722d200000,0x000000722d300000)]
  0x00000195bb9b5800 JavaThread "Signal Dispatcher" daemon [_thread_blocked, id=24976, stack(0x000000722d300000,0x000000722d400000)]
  0x00000195bb9b6000 JavaThread "Attach Listener" daemon [_thread_blocked, id=26856, stack(0x000000722d400000,0x000000722d500000)]
  0x00000195bb9b8000 JavaThread "Service Thread" daemon [_thread_blocked, id=27296, stack(0x000000722d500000,0x000000722d600000)]
  0x00000195bb9c5800 JavaThread "C2 CompilerThread0" daemon [_thread_in_native, id=23860, stack(0x000000722d600000,0x000000722d700000)]
  0x00000195bb9d5800 JavaThread "C1 CompilerThread0" daemon [_thread_blocked, id=17540, stack(0x000000722d700000,0x000000722d800000)]
  0x00000195bb9d8800 JavaThread "Sweeper thread" daemon [_thread_blocked, id=2192, stack(0x000000722d800000,0x000000722d900000)]
  0x00000195bbb36000 JavaThread "Common-Cleaner" daemon [_thread_blocked, id=16264, stack(0x000000722d900000,0x000000722da00000)]
  0x00000195bc55c000 JavaThread "Daemon health stats" [_thread_blocked, id=16764, stack(0x000000722e200000,0x000000722e300000)]
  0x00000195bcca6800 JavaThread "Incoming local TCP Connector on port 56527" [_thread_in_native, id=22004, stack(0x000000722db00000,0x000000722dc00000)]
  0x00000195bd591000 JavaThread "Daemon periodic checks" [_thread_blocked, id=7476, stack(0x000000722e500000,0x000000722e600000)]
  0x00000195bdc34000 JavaThread "Cache worker for file hash cache (C:\Users\hp\.gradle\caches\6.7.1\fileHashes)" [_thread_blocked, id=8488, stack(0x000000722ed00000,0x000000722ee00000)]
  0x00000195bdc38000 JavaThread "File lock request listener" [_thread_in_native, id=26704, stack(0x000000722ee00000,0x000000722ef00000)]
  0x00000195bdc36800 JavaThread "Cache worker for journal cache (C:\Users\hp\.gradle\caches\journal-1)" [_thread_blocked, id=12056, stack(0x000000722f200000,0x000000722f300000)]
  0x00000195bdc36000 JavaThread "Cache worker for execution history cache (C:\Users\hp\.gradle\caches\6.7.1\executionHistory)" [_thread_blocked, id=5024, stack(0x000000722f700000,0x000000722f800000)]
  0x00000195c11d9000 JavaThread "Cache worker for file content cache (C:\Users\hp\.gradle\caches\6.7.1\fileContent)" [_thread_blocked, id=6692, stack(0x000000722f900000,0x000000722fa00000)]
  0x00000195bded2000 JavaThread "Memory manager" [_thread_blocked, id=17456, stack(0x0000007237d00000,0x0000007237e00000)]
  0x00000195bded8800 JavaThread "Daemon Thread 2" [_thread_blocked, id=3056, stack(0x000000722c700000,0x000000722c800000)]
  0x00000195bded7800 JavaThread "Daemon worker Thread 2" [_thread_blocked, id=1120, stack(0x000000722e400000,0x000000722e500000)]
  0x00000195bdeda000 JavaThread "jar transforms Thread 120" [_thread_blocked, id=14356, stack(0x000000722ea00000,0x000000722eb00000)]
  0x00000195bdeda800 JavaThread "jar transforms Thread 121" [_thread_blocked, id=2356, stack(0x000000722eb00000,0x000000722ec00000)]
  0x00000195bdedb800 JavaThread "jar transforms Thread 122" [_thread_blocked, id=15724, stack(0x000000722ec00000,0x000000722ed00000)]
  0x00000195bded6800 JavaThread "jar transforms Thread 123" [_thread_blocked, id=22480, stack(0x000000722f300000,0x000000722f400000)]
  0x00000195bdede000 JavaThread "jar transforms Thread 124" [_thread_blocked, id=16800, stack(0x000000722f400000,0x000000722f500000)]
  0x00000195bdedd000 JavaThread "jar transforms Thread 125" [_thread_blocked, id=22504, stack(0x000000722f500000,0x000000722f600000)]
  0x00000195bdedf000 JavaThread "jar transforms Thread 126" [_thread_blocked, id=13120, stack(0x000000722f600000,0x000000722f700000)]
  0x00000195bdedf800 JavaThread "jar transforms Thread 127" [_thread_blocked, id=284, stack(0x000000722f800000,0x000000722f900000)]
  0x00000195bdee0800 JavaThread "jar transforms Thread 128" [_thread_blocked, id=17416, stack(0x000000722fa00000,0x000000722fb00000)]
  0x00000195c11d6800 JavaThread "jar transforms Thread 129" [_thread_blocked, id=27572, stack(0x000000722fb00000,0x000000722fc00000)]
  0x00000195c11dd000 JavaThread "jar transforms Thread 130" [_thread_blocked, id=16580, stack(0x000000722fc00000,0x000000722fd00000)]
  0x00000195c11de000 JavaThread "jar transforms Thread 131" [_thread_blocked, id=14900, stack(0x000000722fd00000,0x000000722fe00000)]
  0x00000195c11d8000 JavaThread "jar transforms Thread 132" [_thread_blocked, id=19924, stack(0x000000722fe00000,0x000000722ff00000)]
  0x00000195c11e0800 JavaThread "jar transforms Thread 133" [_thread_blocked, id=12080, stack(0x000000722ff00000,0x0000007230000000)]
  0x00000195c11de800 JavaThread "jar transforms Thread 134" [_thread_blocked, id=19156, stack(0x0000007230000000,0x0000007230100000)]
  0x00000195c11e1000 JavaThread "jar transforms Thread 135" [_thread_blocked, id=22492, stack(0x0000007230100000,0x0000007230200000)]
  0x00000195c11e2000 JavaThread "jar transforms Thread 136" [_thread_blocked, id=13200, stack(0x0000007230200000,0x0000007230300000)]
  0x00000195c11e3800 JavaThread "jar transforms Thread 137" [_thread_blocked, id=16928, stack(0x0000007230300000,0x0000007230400000)]
  0x00000195c11e3000 JavaThread "jar transforms Thread 138" [_thread_blocked, id=4408, stack(0x0000007230400000,0x0000007230500000)]
  0x00000195c11e4800 JavaThread "jar transforms Thread 139" [_thread_blocked, id=7028, stack(0x0000007230500000,0x0000007230600000)]
  0x00000195bbe84000 JavaThread "jar transforms Thread 140" [_thread_blocked, id=24128, stack(0x0000007231400000,0x0000007231500000)]
  0x00000195bbe81800 JavaThread "jar transforms Thread 141" [_thread_blocked, id=3652, stack(0x0000007231500000,0x0000007231600000)]
  0x00000195bbe7e000 JavaThread "jar transforms Thread 142" [_thread_blocked, id=9552, stack(0x0000007231600000,0x0000007231700000)]
  0x00000195bbe88000 JavaThread "jar transforms Thread 143" [_thread_blocked, id=8864, stack(0x0000007231700000,0x0000007231800000)]
  0x00000195bbe88800 JavaThread "jar transforms Thread 144" [_thread_blocked, id=15416, stack(0x0000007231800000,0x0000007231900000)]
  0x00000195bbe84800 JavaThread "jar transforms Thread 145" [_thread_blocked, id=20056, stack(0x0000007231900000,0x0000007231a00000)]
  0x00000195bbe8b000 JavaThread "jar transforms Thread 146" [_thread_blocked, id=16816, stack(0x0000007231a00000,0x0000007231b00000)]
  0x00000195bbe85800 JavaThread "jar transforms Thread 147" [_thread_blocked, id=12192, stack(0x0000007231b00000,0x0000007231c00000)]
  0x00000195bbe87000 JavaThread "jar transforms Thread 148" [_thread_blocked, id=20536, stack(0x0000007231c00000,0x0000007231d00000)]
  0x00000195bbe86000 JavaThread "jar transforms Thread 149" [_thread_blocked, id=24032, stack(0x0000007231d00000,0x0000007231e00000)]
  0x00000195bbe89800 JavaThread "jar transforms Thread 150" [_thread_blocked, id=18736, stack(0x0000007231e00000,0x0000007231f00000)]
  0x00000195bbe8a800 JavaThread "jar transforms Thread 151" [_thread_blocked, id=3320, stack(0x0000007231f00000,0x0000007232000000)]
  0x00000195bd3e3000 JavaThread "jar transforms Thread 152" [_thread_blocked, id=7768, stack(0x0000007232000000,0x0000007232100000)]
  0x00000195bd3e2000 JavaThread "jar transforms Thread 153" [_thread_blocked, id=760, stack(0x0000007232100000,0x0000007232200000)]
  0x00000195bd3e0800 JavaThread "jar transforms Thread 154" [_thread_blocked, id=25828, stack(0x0000007232200000,0x0000007232300000)]
  0x00000195bd3e3800 JavaThread "jar transforms Thread 155" [_thread_blocked, id=18540, stack(0x0000007232300000,0x0000007232400000)]
  0x00000195bd3df800 JavaThread "jar transforms Thread 156" [_thread_blocked, id=15368, stack(0x0000007232400000,0x0000007232500000)]
  0x00000195bd3e4800 JavaThread "jar transforms Thread 157" [_thread_blocked, id=6728, stack(0x0000007232500000,0x0000007232600000)]
  0x00000195bd3de800 JavaThread "jar transforms Thread 158" [_thread_blocked, id=10892, stack(0x0000007232600000,0x0000007232700000)]
  0x00000195bd3e7000 JavaThread "jar transforms Thread 159" [_thread_blocked, id=19400, stack(0x0000007232700000,0x0000007232800000)]
  0x00000195bd3e6000 JavaThread "jar transforms Thread 160" [_thread_blocked, id=24876, stack(0x0000007232800000,0x0000007232900000)]
  0x00000195bd3e5800 JavaThread "jar transforms Thread 161" [_thread_blocked, id=14496, stack(0x0000007232900000,0x0000007232a00000)]
  0x00000195bd3e1000 JavaThread "jar transforms Thread 162" [_thread_blocked, id=20384, stack(0x0000007232a00000,0x0000007232b00000)]
  0x00000195bd3e9800 JavaThread "jar transforms Thread 163" [_thread_blocked, id=23700, stack(0x0000007232b00000,0x0000007232c00000)]
  0x00000195bd3ed800 JavaThread "jar transforms Thread 164" [_thread_blocked, id=10084, stack(0x0000007232c00000,0x0000007232d00000)]
  0x00000195bd3e8800 JavaThread "jar transforms Thread 165" [_thread_blocked, id=24168, stack(0x0000007232d00000,0x0000007232e00000)]
  0x00000195bd3e7800 JavaThread "jar transforms Thread 166" [_thread_blocked, id=15520, stack(0x0000007232e00000,0x0000007232f00000)]
  0x00000195bd3eb000 JavaThread "jar transforms Thread 167" [_thread_blocked, id=16888, stack(0x0000007232f00000,0x0000007233000000)]
  0x00000195bd3ea000 JavaThread "jar transforms Thread 168" [_thread_blocked, id=27340, stack(0x0000007233000000,0x0000007233100000)]
  0x00000195bd3ec800 JavaThread "jar transforms Thread 169" [_thread_blocked, id=26740, stack(0x0000007233100000,0x0000007233200000)]
  0x00000195bd3ec000 JavaThread "jar transforms Thread 170" [_thread_blocked, id=2052, stack(0x0000007233200000,0x0000007233300000)]
  0x00000195c68ba800 JavaThread "jar transforms Thread 171" [_thread_blocked, id=11732, stack(0x0000007233300000,0x0000007233400000)]
  0x00000195c68b9800 JavaThread "jar transforms Thread 172" [_thread_blocked, id=10876, stack(0x0000007233400000,0x0000007233500000)]
  0x00000195c68bb000 JavaThread "jar transforms Thread 173" [_thread_blocked, id=8552, stack(0x0000007233500000,0x0000007233600000)]
  0x00000195c68bc000 JavaThread "jar transforms Thread 174" [_thread_blocked, id=13056, stack(0x0000007233600000,0x0000007233700000)]
  0x00000195c68b6800 JavaThread "jar transforms Thread 175" [_thread_blocked, id=16880, stack(0x0000007233700000,0x0000007233800000)]
  0x00000195c68bd000 JavaThread "jar transforms Thread 176" [_thread_blocked, id=7032, stack(0x0000007233800000,0x0000007233900000)]
  0x00000195c68b7000 JavaThread "jar transforms Thread 177" [_thread_blocked, id=24028, stack(0x0000007233900000,0x0000007233a00000)]
  0x00000195c68b8000 JavaThread "jar transforms Thread 178" [_thread_blocked, id=20556, stack(0x0000007233a00000,0x0000007233b00000)]
  0x00000195c68bd800 JavaThread "jar transforms Thread 179" [_thread_blocked, id=12396, stack(0x0000007233b00000,0x0000007233c00000)]
  0x00000195c68be800 JavaThread "jar transforms Thread 180" [_thread_blocked, id=21128, stack(0x0000007233c00000,0x0000007233d00000)]
  0x00000195c68b8800 JavaThread "jar transforms Thread 181" [_thread_blocked, id=21756, stack(0x0000007233d00000,0x0000007233e00000)]
  0x00000195c68c5000 JavaThread "jar transforms Thread 182" [_thread_blocked, id=11292, stack(0x0000007233e00000,0x0000007233f00000)]
  0x00000195c68bf800 JavaThread "jar transforms Thread 183" [_thread_blocked, id=12136, stack(0x0000007233f00000,0x0000007234000000)]
  0x00000195c68c0000 JavaThread "jar transforms Thread 184" [_thread_blocked, id=10428, stack(0x0000007234000000,0x0000007234100000)]
  0x00000195c68c1000 JavaThread "jar transforms Thread 185" [_thread_blocked, id=26560, stack(0x0000007234100000,0x0000007234200000)]
  0x00000195c68c2800 JavaThread "jar transforms Thread 186" [_thread_blocked, id=13800, stack(0x0000007234200000,0x0000007234300000)]
  0x00000195c68c1800 JavaThread "jar transforms Thread 187" [_thread_blocked, id=25076, stack(0x0000007234300000,0x0000007234400000)]
  0x00000195c68c3800 JavaThread "jar transforms Thread 188" [_thread_blocked, id=4588, stack(0x0000007234400000,0x0000007234500000)]
  0x00000195c68c4000 JavaThread "jar transforms Thread 189" [_thread_blocked, id=21780, stack(0x0000007234500000,0x0000007234600000)]
  0x00000195c6998000 JavaThread "jar transforms Thread 190" [_thread_blocked, id=21856, stack(0x0000007234600000,0x0000007234700000)]
  0x00000195c6999800 JavaThread "jar transforms Thread 191" [_thread_blocked, id=19168, stack(0x0000007234700000,0x0000007234800000)]
  0x00000195c699a800 JavaThread "jar transforms Thread 192" [_thread_blocked, id=11684, stack(0x0000007234800000,0x0000007234900000)]
  0x00000195c6996000 JavaThread "jar transforms Thread 193" [_thread_blocked, id=14932, stack(0x0000007234900000,0x0000007234a00000)]
  0x00000195c6998800 JavaThread "jar transforms Thread 194" [_thread_blocked, id=10048, stack(0x0000007234a00000,0x0000007234b00000)]
  0x00000195c699c800 JavaThread "jar transforms Thread 195" [_thread_blocked, id=19528, stack(0x0000007234b00000,0x0000007234c00000)]
  0x00000195c699b000 JavaThread "jar transforms Thread 196" [_thread_blocked, id=13320, stack(0x0000007234c00000,0x0000007234d00000)]
  0x00000195c6997000 JavaThread "jar transforms Thread 197" [_thread_blocked, id=15736, stack(0x0000007234d00000,0x0000007234e00000)]
  0x00000195c699d800 JavaThread "jar transforms Thread 198" [_thread_blocked, id=26996, stack(0x0000007234e00000,0x0000007234f00000)]
  0x00000195c69a1000 JavaThread "jar transforms Thread 199" [_thread_blocked, id=16412, stack(0x0000007234f00000,0x0000007235000000)]
  0x00000195c699f000 JavaThread "jar transforms Thread 200" [_thread_blocked, id=13716, stack(0x0000007235000000,0x0000007235100000)]
  0x00000195c699c000 JavaThread "jar transforms Thread 201" [_thread_blocked, id=19660, stack(0x0000007235100000,0x0000007235200000)]
  0x00000195c69a0000 JavaThread "jar transforms Thread 202" [_thread_blocked, id=16852, stack(0x0000007235200000,0x0000007235300000)]
  0x00000195c69a1800 JavaThread "jar transforms Thread 203" [_thread_blocked, id=6992, stack(0x0000007235300000,0x0000007235400000)]
  0x00000195c69a3800 JavaThread "jar transforms Thread 204" [_thread_blocked, id=9696, stack(0x0000007235400000,0x0000007235500000)]
  0x00000195c69a2800 JavaThread "jar transforms Thread 205" [_thread_blocked, id=7000, stack(0x0000007235500000,0x0000007235600000)]
  0x00000195c69a4000 JavaThread "jar transforms Thread 206" [_thread_blocked, id=10284, stack(0x0000007235600000,0x0000007235700000)]
  0x00000195c699e800 JavaThread "jar transforms Thread 207" [_thread_blocked, id=5076, stack(0x0000007235700000,0x0000007235800000)]
  0x00000195c69a5000 JavaThread "jar transforms Thread 208" [_thread_blocked, id=13940, stack(0x0000007235800000,0x0000007235900000)]
  0x00000195c14c3000 JavaThread "jar transforms Thread 209" [_thread_blocked, id=13032, stack(0x0000007235900000,0x0000007235a00000)]
  0x00000195c14c8000 JavaThread "jar transforms Thread 210" [_thread_blocked, id=12836, stack(0x0000007235a00000,0x0000007235b00000)]
  0x00000195c14c4800 JavaThread "jar transforms Thread 211" [_thread_blocked, id=16760, stack(0x0000007235b00000,0x0000007235c00000)]
  0x00000195c14c8800 JavaThread "jar transforms Thread 212" [_thread_blocked, id=9092, stack(0x0000007235c00000,0x0000007235d00000)]
  0x00000195c14c7000 JavaThread "jar transforms Thread 213" [_thread_blocked, id=17928, stack(0x0000007235d00000,0x0000007235e00000)]
  0x00000195c14c9800 JavaThread "jar transforms Thread 214" [_thread_blocked, id=18080, stack(0x0000007235e00000,0x0000007235f00000)]
  0x00000195c14c3800 JavaThread "jar transforms Thread 215" [_thread_blocked, id=15756, stack(0x0000007235f00000,0x0000007236000000)]
  0x00000195c14ca000 JavaThread "jar transforms Thread 216" [_thread_blocked, id=15684, stack(0x0000007236000000,0x0000007236100000)]
  0x00000195c14c6000 JavaThread "jar transforms Thread 217" [_thread_blocked, id=23184, stack(0x0000007236100000,0x0000007236200000)]
  0x00000195c14cb000 JavaThread "jar transforms Thread 218" [_thread_blocked, id=22164, stack(0x0000007236200000,0x0000007236300000)]
  0x00000195c14c5800 JavaThread "jar transforms Thread 219" [_thread_blocked, id=13000, stack(0x0000007236300000,0x0000007236400000)]
  0x00000195c14cc800 JavaThread "jar transforms Thread 220" [_thread_blocked, id=14884, stack(0x0000007236400000,0x0000007236500000)]
  0x00000195c14cd800 JavaThread "jar transforms Thread 221" [_thread_blocked, id=25184, stack(0x0000007236500000,0x0000007236600000)]
  0x00000195c14ce800 JavaThread "jar transforms Thread 222" [_thread_blocked, id=13828, stack(0x0000007236600000,0x0000007236700000)]
  0x00000195c14cc000 JavaThread "jar transforms Thread 223" [_thread_blocked, id=15404, stack(0x0000007236700000,0x0000007236800000)]
  0x00000195c14cf000 JavaThread "jar transforms Thread 224" [_thread_blocked, id=6436, stack(0x0000007236800000,0x0000007236900000)]
  0x00000195c14d0000 JavaThread "jar transforms Thread 225" [_thread_blocked, id=7892, stack(0x0000007236900000,0x0000007236a00000)]
  0x00000195c14d0800 JavaThread "jar transforms Thread 226" [_thread_blocked, id=15752, stack(0x0000007236a00000,0x0000007236b00000)]
  0x00000195c14d1800 JavaThread "jar transforms Thread 227" [_thread_blocked, id=1456, stack(0x0000007236b00000,0x0000007236c00000)]
  0x00000195c17b9000 JavaThread "jar transforms Thread 228" [_thread_blocked, id=8380, stack(0x0000007236c00000,0x0000007236d00000)]
  0x00000195c17b4000 JavaThread "jar transforms Thread 229" [_thread_blocked, id=2108, stack(0x0000007236d00000,0x0000007236e00000)]
  0x00000195c17b6800 JavaThread "jar transforms Thread 230" [_thread_blocked, id=10916, stack(0x0000007236e00000,0x0000007236f00000)]
  0x00000195c17b5000 JavaThread "jar transforms Thread 231" [_thread_blocked, id=25864, stack(0x0000007236f00000,0x0000007237000000)]
  0x00000195c17b5800 JavaThread "jar transforms Thread 232" [_thread_blocked, id=4840, stack(0x0000007237000000,0x0000007237100000)]
  0x00000195c17b7800 JavaThread "jar transforms Thread 233" [_thread_blocked, id=26792, stack(0x0000007237100000,0x0000007237200000)]
  0x00000195c17b8000 JavaThread "jar transforms Thread 234" [_thread_blocked, id=18396, stack(0x0000007237200000,0x0000007237300000)]
  0x00000195c17b3800 JavaThread "jar transforms Thread 235" [_thread_blocked, id=7156, stack(0x0000007237300000,0x0000007237400000)]
  0x00000195c17bb800 JavaThread "jar transforms Thread 236" [_thread_blocked, id=21980, stack(0x0000007237400000,0x0000007237500000)]
  0x00000195c17ba000 JavaThread "jar transforms Thread 237" [_thread_blocked, id=13900, stack(0x0000007237500000,0x0000007237600000)]
  0x00000195c17c0800 JavaThread "jar transforms Thread 238" [_thread_blocked, id=22596, stack(0x0000007237600000,0x0000007237700000)]
  0x00000195c17be800 JavaThread "Handler for socket connection from /127.0.0.1:56527 to /127.0.0.1:56655" [_thread_in_native, id=24528, stack(0x000000722c800000,0x000000722c900000)]
  0x00000195c17be000 JavaThread "Cancel handler" [_thread_blocked, id=10856, stack(0x000000722c900000,0x000000722ca00000)]
  0x00000195c17bf800 JavaThread "Asynchronous log dispatcher for DefaultDaemonConnection: socket connection from /127.0.0.1:56527 to /127.0.0.1:56655" [_thread_blocked, id=13876, stack(0x000000722e600000,0x000000722e700000)]
  0x00000195c17bd000 JavaThread "Stdin handler" [_thread_blocked, id=20688, stack(0x000000722e700000,0x000000722e800000)]
  0x00000195c17c1000 JavaThread "Thread-304" [_thread_blocked, id=20612, stack(0x000000722e800000,0x000000722e900000)]
  0x00000195bbe7c800 JavaThread "Cache worker for file hash cache (E:\OfficeGit\Berger_Xpress_Visualizer\Berger_Visualizer\Berger Visualizer\.gradle\6.7.1\fileHashes)" [_thread_blocked, id=18532, stack(0x000000722e900000,0x000000722ea00000)]
  0x00000195bbe82000 JavaThread "Cache worker for checksums cache (E:\OfficeGit\Berger_Xpress_Visualizer\Berger_Visualizer\Berger Visualizer\.gradle\checksums)" [_thread_blocked, id=8924, stack(0x0000007230600000,0x0000007230700000)]
  0x00000195bbe7f800 JavaThread "Cache worker for cache directory md-supplier (C:\Users\hp\.gradle\caches\6.7.1\md-supplier)" [_thread_blocked, id=20636, stack(0x0000007230700000,0x0000007230800000)]
  0x00000195bbe7d800 JavaThread "Cache worker for cache directory md-rule (C:\Users\hp\.gradle\caches\6.7.1\md-rule)" [_thread_blocked, id=13116, stack(0x0000007230800000,0x0000007230900000)]
  0x00000195bbe83000 JavaThread "Cache worker for Build Output Cleanup Cache (E:\OfficeGit\Berger_Xpress_Visualizer\Berger_Visualizer\Berger Visualizer\.gradle\buildOutputCleanup)" [_thread_blocked, id=8056, stack(0x0000007230900000,0x0000007230a00000)]
  0x00000195bded3800 JavaThread "Build operations" [_thread_blocked, id=23156, stack(0x0000007230c00000,0x0000007230d00000)]
  0x00000195bded6000 JavaThread "Build operations Thread 2" [_thread_blocked, id=19320, stack(0x0000007230d00000,0x0000007230e00000)]
  0x00000195bded2800 JavaThread "Build operations Thread 3" [_thread_blocked, id=23976, stack(0x0000007230e00000,0x0000007230f00000)]
  0x00000195bded9000 JavaThread "Build operations Thread 4" [_thread_blocked, id=9600, stack(0x0000007230f00000,0x0000007231000000)]
  0x00000195bdedc800 JavaThread "Build operations Thread 5" [_thread_blocked, id=9928, stack(0x0000007231000000,0x0000007231100000)]
  0x00000195bdc35000 JavaThread "Build operations Thread 6" [_thread_blocked, id=12480, stack(0x0000007231100000,0x0000007231200000)]
  0x00000195bdc37800 JavaThread "Build operations Thread 7" [_thread_blocked, id=24712, stack(0x0000007231200000,0x0000007231300000)]
  0x00000195bdc32800 JavaThread "Build operations Thread 8" [_thread_blocked, id=23356, stack(0x0000007231300000,0x0000007231400000)]
  0x00000195bdc39000 JavaThread "build event listener" [_thread_blocked, id=25516, stack(0x0000007237700000,0x0000007237800000)]
  0x00000195bdc33800 JavaThread "build event listener" [_thread_blocked, id=27344, stack(0x0000007237800000,0x0000007237900000)]
  0x00000195c11e5000 JavaThread "Execution worker for ':'" [_thread_blocked, id=18708, stack(0x0000007237c00000,0x0000007237d00000)]
  0x00000195c11df800 JavaThread "Execution worker for ':' Thread 2" [_thread_blocked, id=25424, stack(0x0000007237e00000,0x0000007237f00000)]
  0x00000195bbe80800 JavaThread "Execution worker for ':' Thread 3" [_thread_blocked, id=17552, stack(0x0000007237f00000,0x0000007238000000)]
  0x00000195c72a3000 JavaThread "Execution worker for ':' Thread 4" [_thread_blocked, id=10028, stack(0x0000007238000000,0x0000007238100000)]
  0x00000195c72a0000 JavaThread "Execution worker for ':' Thread 5" [_thread_blocked, id=13188, stack(0x0000007238100000,0x0000007238200000)]
  0x00000195c72a4000 JavaThread "Execution worker for ':' Thread 6" [_thread_blocked, id=25792, stack(0x0000007238200000,0x0000007238300000)]
  0x00000195c72a0800 JavaThread "Execution worker for ':' Thread 7" [_thread_blocked, id=9448, stack(0x0000007238300000,0x0000007238400000)]
  0x00000195c729e800 JavaThread "Cache worker for execution history cache (E:\OfficeGit\Berger_Xpress_Visualizer\Berger_Visualizer\Berger Visualizer\.gradle\6.7.1\executionHistory)" [_thread_blocked, id=26564, stack(0x0000007238400000,0x0000007238500000)]
  0x00000195c72a6800 JavaThread "C2 CompilerThread1" daemon [_thread_in_native, id=23240, stack(0x0000007230a00000,0x0000007230b00000)]
=>0x00000195c72a7000 JavaThread "C2 CompilerThread2" daemon [_thread_in_native, id=11568, stack(0x0000007230b00000,0x0000007230c00000)]
  0x00000195c72a1800 JavaThread "WorkerExecutor Queue" [_thread_in_native, id=13316, stack(0x0000007238600000,0x0000007238700000)]
  0x00000195c72a8000 JavaThread "WorkerExecutor Queue Thread 2" [_thread_in_native, id=26872, stack(0x0000007238700000,0x0000007238800000)]
  0x00000195c72a2800 JavaThread "WorkerExecutor Queue Thread 3" [_thread_blocked, id=8236, stack(0x0000007238800000,0x0000007238900000)]
  0x00000195c72ad000 JavaThread "WorkerExecutor Queue Thread 4" [_thread_in_native, id=23884, stack(0x0000007238900000,0x0000007238a00000)]
  0x00000195c72ac000 JavaThread "WorkerExecutor Queue Thread 5" [_thread_blocked, id=17120, stack(0x0000007238a00000,0x0000007238b00000)]
  0x00000195c72a9000 JavaThread "WorkerExecutor Queue Thread 6" [_thread_in_native, id=6672, stack(0x0000007238b00000,0x0000007238c00000)]
  0x00000195c72a9800 JavaThread "WorkerExecutor Queue Thread 7" [_thread_in_Java, id=25908, stack(0x0000007238c00000,0x0000007238d00000)]
  0x00000195c72aa800 JavaThread "WorkerExecutor Queue Thread 8" [_thread_blocked, id=24456, stack(0x0000007238d00000,0x0000007238e00000)]
  0x00000195c72ab800 JavaThread "pool-10-thread-1" [_thread_blocked, id=19500, stack(0x0000007238e00000,0x0000007238f00000)]
  0x00000195bded4000 JavaThread "stderr" [_thread_in_native, id=21056, stack(0x0000007238f00000,0x0000007239000000)]
  0x00000195bbe7f000 JavaThread "stderr" [_thread_in_native, id=25708, stack(0x0000007239000000,0x0000007239100000)]
  0x00000195bf145800 JavaThread "stdout" [_thread_in_native, id=12372, stack(0x0000007239100000,0x0000007239200000)]
  0x00000195bf14a800 JavaThread "stdout" [_thread_in_native, id=10732, stack(0x0000007239200000,0x0000007239300000)]
  0x00000195bf144800 JavaThread "stderr" [_thread_in_native, id=24048, stack(0x0000007239300000,0x0000007239400000)]
  0x00000195bf14c000 JavaThread "stdout" [_thread_in_native, id=5440, stack(0x0000007239400000,0x0000007239500000)]
  0x00000195bf148800 JavaThread "stderr" [_thread_in_native, id=20956, stack(0x0000007239500000,0x0000007239600000)]
  0x00000195bf149800 JavaThread "stdout" [_thread_in_native, id=10292, stack(0x0000007239600000,0x0000007239700000)]
  0x00000195bf14b000 JavaThread "stderr" [_thread_in_native, id=12512, stack(0x0000007239700000,0x0000007239800000)]
  0x00000195bf146000 JavaThread "stdout" [_thread_in_native, id=26344, stack(0x0000007239800000,0x0000007239900000)]
  0x00000195bf14c800 JavaThread "stderr" [_thread_in_native, id=7128, stack(0x0000007239900000,0x0000007239a00000)]
  0x00000195bf147000 JavaThread "stdout" [_thread_in_native, id=2792, stack(0x0000007239a00000,0x0000007239b00000)]
  0x00000195bf14d800 JavaThread "stderr" [_thread_in_native, id=10232, stack(0x0000007239b00000,0x0000007239c00000)]
  0x00000195bf148000 JavaThread "stdout" [_thread_in_native, id=22312, stack(0x0000007239c00000,0x0000007239d00000)]
  0x00000195bf14f000 JavaThread "Exec process" [_thread_blocked, id=16340, stack(0x0000007239d00000,0x0000007239e00000)]
  0x00000195bf153800 JavaThread "Exec process Thread 2" [_thread_blocked, id=11708, stack(0x0000007239e00000,0x0000007239f00000)]
  0x00000195bf154000 JavaThread "Exec process Thread 3" [_thread_blocked, id=4268, stack(0x0000007239f00000,0x000000723a000000)]
  0x00000195bf150000 JavaThread "WorkerExecutor Queue Thread 9" [_thread_in_native, id=12988, stack(0x000000723a000000,0x000000723a100000)]
  0x00000195bf151000 JavaThread "ForkJoinPool-3-worker-3" daemon [_thread_blocked, id=10708, stack(0x000000723a100000,0x000000723a200000)]
  0x00000195bf151800 JavaThread "ForkJoinPool-3-worker-5" daemon [_thread_blocked, id=16772, stack(0x000000723a200000,0x000000723a300000)]
  0x00000195bf152800 JavaThread "ForkJoinPool-3-worker-7" daemon [_thread_blocked, id=5464, stack(0x000000723a300000,0x000000723a400000)]
  0x00000195bf14e800 JavaThread "ForkJoinPool-3-worker-9" daemon [_thread_blocked, id=21804, stack(0x000000723a400000,0x000000723a500000)]
  0x00000195bf159000 JavaThread "ForkJoinPool-3-worker-11" daemon [_thread_blocked, id=25436, stack(0x000000723a500000,0x000000723a600000)]
  0x00000195bf157800 JavaThread "ForkJoinPool-3-worker-13" daemon [_thread_blocked, id=25276, stack(0x000000723a600000,0x000000723a700000)]
  0x00000195bf158000 JavaThread "ForkJoinPool-3-worker-15" daemon [_thread_blocked, id=7024, stack(0x000000723a700000,0x000000723a800000)]
  0x00000195bf15a000 JavaThread "ForkJoinPool-3-worker-1" daemon [_thread_blocked, id=18496, stack(0x000000723a800000,0x000000723a900000)]

Other Threads:
  0x00000195bb953000 VMThread "VM Thread" [stack: 0x000000722d000000,0x000000722d100000] [id=7172]
  0x00000195bbb5f000 WatcherThread [stack: 0x000000722da00000,0x000000722db00000] [id=14724]
  0x00000195a0c88800 GCTaskThread "GC Thread#0" [stack: 0x000000722cb00000,0x000000722cc00000] [id=21316]
  0x00000195bc55f800 GCTaskThread "GC Thread#1" [stack: 0x000000722dc00000,0x000000722dd00000] [id=11656]
  0x00000195bc975800 GCTaskThread "GC Thread#2" [stack: 0x000000722dd00000,0x000000722de00000] [id=24384]
  0x00000195bc5ac000 GCTaskThread "GC Thread#3" [stack: 0x000000722de00000,0x000000722df00000] [id=18848]
  0x00000195bc683000 GCTaskThread "GC Thread#4" [stack: 0x000000722df00000,0x000000722e000000] [id=25356]
  0x00000195bc079000 GCTaskThread "GC Thread#5" [stack: 0x000000722e000000,0x000000722e100000] [id=8304]
  0x00000195be767000 GCTaskThread "GC Thread#6" [stack: 0x000000722ef00000,0x000000722f000000] [id=16108]
  0x00000195bc54f800 GCTaskThread "GC Thread#7" [stack: 0x000000722f000000,0x000000722f100000] [id=7340]
  0x00000195a0cb8000 ConcurrentGCThread "G1 Main Marker" [stack: 0x000000722cc00000,0x000000722cd00000] [id=26008]
  0x00000195a0cba800 ConcurrentGCThread "G1 Conc#0" [stack: 0x000000722cd00000,0x000000722ce00000] [id=16312]
  0x00000195be650000 ConcurrentGCThread "G1 Conc#1" [stack: 0x000000722f100000,0x000000722f200000] [id=9020]
  0x00000195baf9e800 ConcurrentGCThread "G1 Refine#0" [stack: 0x000000722ce00000,0x000000722cf00000] [id=9240]
  0x00000195c10a3000 ConcurrentGCThread "G1 Refine#1" [stack: 0x0000007237900000,0x0000007237a00000] [id=25140]
  0x00000195bdfa8800 ConcurrentGCThread "G1 Refine#2" [stack: 0x0000007237a00000,0x0000007237b00000] [id=11956]
  0x00000195c1b0b000 ConcurrentGCThread "G1 Refine#3" [stack: 0x0000007237b00000,0x0000007237c00000] [id=25348]
  0x00000195baf9f000 ConcurrentGCThread "G1 Young RemSet Sampling" [stack: 0x000000722cf00000,0x000000722d000000] [id=9176]

Threads with active compile tasks:
C2 CompilerThread0 183555 18205       4       com.android.tools.r8.dex.n::b (36 bytes)
C2 CompilerThread1 183555 17987       4       com.android.tools.r8.code.W0::<init> (84 bytes)
C2 CompilerThread2 183555 17947       4       com.android.tools.r8.code.x1::a (4137 bytes)

VM state:not at safepoint (normal execution)

VM Mutex/Monitor currently owned by a thread: None

Heap address: 0x0000000080000000, size: 2048 MB, Compressed Oops mode: 32-bit
Narrow klass base: 0x0000000000000000, Narrow klass shift: 3
Compressed class space size: 1073741824 Address: 0x0000000100000000

Heap:
 garbage-first heap   total 315392K, used 241664K [0x0000000080000000, 0x0000000100000000)
  region size 1024K, 9 young (9216K), 6 survivors (6144K)
 Metaspace       used 123954K, capacity 127311K, committed 127648K, reserved 1161216K
  class space    used 15296K, capacity 16496K, committed 16596K, reserved 1048576K
Heap Regions: E=young(eden), S=young(survivor), O=old, HS=humongous(starts), HC=humongous(continues), CS=collection set, F=free, A=archive, TAMS=top-at-mark-start (previous, next)
|   0|0x0000000080000000, 0x0000000080100000, 0x0000000080100000|100%| O|  |TAMS 0x0000000080100000, 0x0000000080000000| Untracked 
|   1|0x0000000080100000, 0x0000000080200000, 0x0000000080200000|100%| O|  |TAMS 0x0000000080200000, 0x0000000080100000| Untracked 
|   2|0x0000000080200000, 0x0000000080300000, 0x0000000080300000|100%| O|  |TAMS 0x0000000080300000, 0x0000000080200000| Untracked 
|   3|0x0000000080300000, 0x0000000080400000, 0x0000000080400000|100%|HS|  |TAMS 0x0000000080400000, 0x0000000080300000| Complete 
|   4|0x0000000080400000, 0x0000000080500000, 0x0000000080500000|100%|HC|  |TAMS 0x0000000080500000, 0x0000000080400000| Complete 
|   5|0x0000000080500000, 0x0000000080600000, 0x0000000080600000|100%|HC|  |TAMS 0x0000000080600000, 0x0000000080500000| Complete 
|   6|0x0000000080600000, 0x0000000080700000, 0x0000000080700000|100%| O|  |TAMS 0x0000000080700000, 0x0000000080600000| Untracked 
|   7|0x0000000080700000, 0x0000000080800000, 0x0000000080800000|100%| O|  |TAMS 0x0000000080800000, 0x0000000080700000| Untracked 
|   8|0x0000000080800000, 0x0000000080900000, 0x0000000080900000|100%| O|  |TAMS 0x0000000080900000, 0x0000000080800000| Untracked 
|   9|0x0000000080900000, 0x0000000080a00000, 0x0000000080a00000|100%| O|  |TAMS 0x0000000080a00000, 0x0000000080900000| Untracked 
|  10|0x0000000080a00000, 0x0000000080b00000, 0x0000000080b00000|100%| O|  |TAMS 0x0000000080b00000, 0x0000000080a00000| Untracked 
|  11|0x0000000080b00000, 0x0000000080c00000, 0x0000000080c00000|100%| O|  |TAMS 0x0000000080c00000, 0x0000000080b00000| Untracked 
|  12|0x0000000080c00000, 0x0000000080d00000, 0x0000000080d00000|100%| O|  |TAMS 0x0000000080d00000, 0x0000000080c00000| Untracked 
|  13|0x0000000080d00000, 0x0000000080e00000, 0x0000000080e00000|100%| O|  |TAMS 0x0000000080e00000, 0x0000000080d00000| Untracked 
|  14|0x0000000080e00000, 0x0000000080f00000, 0x0000000080f00000|100%| O|  |TAMS 0x0000000080f00000, 0x0000000080e00000| Untracked 
|  15|0x0000000080f00000, 0x0000000081000000, 0x0000000081000000|100%| O|  |TAMS 0x0000000081000000, 0x0000000080f00000| Untracked 
|  16|0x0000000081000000, 0x0000000081100000, 0x0000000081100000|100%|HS|  |TAMS 0x0000000081100000, 0x0000000081000000| Complete 
|  17|0x0000000081100000, 0x0000000081200000, 0x0000000081200000|100%|HS|  |TAMS 0x0000000081200000, 0x0000000081100000| Complete 
|  18|0x0000000081200000, 0x0000000081300000, 0x0000000081300000|100%|HS|  |TAMS 0x0000000081300000, 0x0000000081200000| Complete 
|  19|0x0000000081300000, 0x0000000081400000, 0x0000000081400000|100%|HC|  |TAMS 0x0000000081400000, 0x0000000081300000| Complete 
|  20|0x0000000081400000, 0x0000000081500000, 0x0000000081500000|100%|HC|  |TAMS 0x0000000081500000, 0x0000000081400000| Complete 
|  21|0x0000000081500000, 0x0000000081600000, 0x0000000081600000|100%|HS|  |TAMS 0x0000000081600000, 0x0000000081500000| Complete 
|  22|0x0000000081600000, 0x0000000081700000, 0x0000000081700000|100%|HC|  |TAMS 0x0000000081700000, 0x0000000081600000| Complete 
|  23|0x0000000081700000, 0x0000000081800000, 0x0000000081800000|100%| O|  |TAMS 0x0000000081800000, 0x0000000081700000| Untracked 
|  24|0x0000000081800000, 0x0000000081900000, 0x0000000081900000|100%| O|  |TAMS 0x0000000081900000, 0x0000000081800000| Untracked 
|  25|0x0000000081900000, 0x0000000081a00000, 0x0000000081a00000|100%| O|  |TAMS 0x0000000081a00000, 0x0000000081900000| Untracked 
|  26|0x0000000081a00000, 0x0000000081b00000, 0x0000000081b00000|100%| O|  |TAMS 0x0000000081b00000, 0x0000000081a00000| Untracked 
|  27|0x0000000081b00000, 0x0000000081c00000, 0x0000000081c00000|100%| O|  |TAMS 0x0000000081c00000, 0x0000000081b00000| Untracked 
|  28|0x0000000081c00000, 0x0000000081d00000, 0x0000000081d00000|100%| O|  |TAMS 0x0000000081d00000, 0x0000000081c00000| Untracked 
|  29|0x0000000081d00000, 0x0000000081e00000, 0x0000000081e00000|100%| O|  |TAMS 0x0000000081e00000, 0x0000000081d00000| Untracked 
|  30|0x0000000081e00000, 0x0000000081f00000, 0x0000000081f00000|100%| O|  |TAMS 0x0000000081f00000, 0x0000000081e00000| Untracked 
|  31|0x0000000081f00000, 0x0000000082000000, 0x0000000082000000|100%| O|  |TAMS 0x0000000082000000, 0x0000000081f00000| Untracked 
|  32|0x0000000082000000, 0x0000000082100000, 0x0000000082100000|100%| O|  |TAMS 0x0000000082100000, 0x0000000082000000| Untracked 
|  33|0x0000000082100000, 0x0000000082200000, 0x0000000082200000|100%| O|  |TAMS 0x0000000082200000, 0x0000000082100000| Untracked 
|  34|0x0000000082200000, 0x0000000082300000, 0x0000000082300000|100%| O|  |TAMS 0x0000000082300000, 0x0000000082200000| Untracked 
|  35|0x0000000082300000, 0x0000000082400000, 0x0000000082400000|100%| O|  |TAMS 0x0000000082300000, 0x0000000082300000| Untracked 
|  36|0x0000000082400000, 0x0000000082500000, 0x0000000082500000|100%| O|  |TAMS 0x0000000082500000, 0x0000000082400000| Untracked 
|  37|0x0000000082500000, 0x0000000082600000, 0x0000000082600000|100%| O|  |TAMS 0x0000000082600000, 0x0000000082500000| Untracked 
|  38|0x0000000082600000, 0x0000000082700000, 0x0000000082700000|100%| O|  |TAMS 0x0000000082700000, 0x0000000082600000| Untracked 
|  39|0x0000000082700000, 0x0000000082800000, 0x0000000082800000|100%| O|  |TAMS 0x0000000082800000, 0x0000000082700000| Untracked 
|  40|0x0000000082800000, 0x0000000082900000, 0x0000000082900000|100%| O|  |TAMS 0x0000000082900000, 0x0000000082800000| Untracked 
|  41|0x0000000082900000, 0x0000000082a00000, 0x0000000082a00000|100%| O|  |TAMS 0x0000000082a00000, 0x0000000082900000| Untracked 
|  42|0x0000000082a00000, 0x0000000082b00000, 0x0000000082b00000|100%| O|  |TAMS 0x0000000082a00000, 0x0000000082a00000| Untracked 
|  43|0x0000000082b00000, 0x0000000082c00000, 0x0000000082c00000|100%| O|  |TAMS 0x0000000082b00000, 0x0000000082b00000| Untracked 
|  44|0x0000000082c00000, 0x0000000082d00000, 0x0000000082d00000|100%| O|  |TAMS 0x0000000082d00000, 0x0000000082c00000| Untracked 
|  45|0x0000000082d00000, 0x0000000082e00000, 0x0000000082e00000|100%| O|  |TAMS 0x0000000082e00000, 0x0000000082d00000| Untracked 
|  46|0x0000000082e00000, 0x0000000082f00000, 0x0000000082f00000|100%| O|  |TAMS 0x0000000082e00000, 0x0000000082e00000| Untracked 
|  47|0x0000000082f00000, 0x0000000083000000, 0x0000000083000000|100%|HS|  |TAMS 0x0000000083000000, 0x0000000082f00000| Complete 
|  48|0x0000000083000000, 0x0000000083100000, 0x0000000083100000|100%|HC|  |TAMS 0x0000000083100000, 0x0000000083000000| Complete 
|  49|0x0000000083100000, 0x0000000083200000, 0x0000000083200000|100%|HS|  |TAMS 0x0000000083200000, 0x0000000083100000| Complete 
|  50|0x0000000083200000, 0x0000000083300000, 0x0000000083300000|100%|HC|  |TAMS 0x0000000083300000, 0x0000000083200000| Complete 
|  51|0x0000000083300000, 0x0000000083400000, 0x0000000083400000|100%|HC|  |TAMS 0x0000000083400000, 0x0000000083300000| Complete 
|  52|0x0000000083400000, 0x0000000083500000, 0x0000000083500000|100%|HS|  |TAMS 0x0000000083500000, 0x0000000083400000| Complete 
|  53|0x0000000083500000, 0x0000000083600000, 0x0000000083600000|100%|HC|  |TAMS 0x0000000083600000, 0x0000000083500000| Complete 
|  54|0x0000000083600000, 0x0000000083700000, 0x0000000083700000|100%|HC|  |TAMS 0x0000000083700000, 0x0000000083600000| Complete 
|  55|0x0000000083700000, 0x0000000083800000, 0x0000000083800000|100%|HC|  |TAMS 0x0000000083800000, 0x0000000083700000| Complete 
|  56|0x0000000083800000, 0x0000000083900000, 0x0000000083900000|100%|HC|  |TAMS 0x0000000083900000, 0x0000000083800000| Complete 
|  57|0x0000000083900000, 0x0000000083a00000, 0x0000000083a00000|100%|HS|  |TAMS 0x0000000083a00000, 0x0000000083900000| Complete 
|  58|0x0000000083a00000, 0x0000000083b00000, 0x0000000083b00000|100%|HC|  |TAMS 0x0000000083b00000, 0x0000000083a00000| Complete 
|  59|0x0000000083b00000, 0x0000000083c00000, 0x0000000083c00000|100%|HC|  |TAMS 0x0000000083c00000, 0x0000000083b00000| Complete 
|  60|0x0000000083c00000, 0x0000000083d00000, 0x0000000083d00000|100%|HC|  |TAMS 0x0000000083d00000, 0x0000000083c00000| Complete 
|  61|0x0000000083d00000, 0x0000000083e00000, 0x0000000083e00000|100%|HC|  |TAMS 0x0000000083e00000, 0x0000000083d00000| Complete 
|  62|0x0000000083e00000, 0x0000000083f00000, 0x0000000083f00000|100%|HS|  |TAMS 0x0000000083f00000, 0x0000000083e00000| Complete 
|  63|0x0000000083f00000, 0x0000000084000000, 0x0000000084000000|100%|HC|  |TAMS 0x0000000084000000, 0x0000000083f00000| Complete 
|  64|0x0000000084000000, 0x0000000084100000, 0x0000000084100000|100%|HC|  |TAMS 0x0000000084100000, 0x0000000084000000| Complete 
|  65|0x0000000084100000, 0x0000000084200000, 0x0000000084200000|100%| O|  |TAMS 0x0000000084200000, 0x0000000084100000| Untracked 
|  66|0x0000000084200000, 0x0000000084300000, 0x0000000084300000|100%| O|  |TAMS 0x0000000084300000, 0x0000000084200000| Untracked 
|  67|0x0000000084300000, 0x0000000084400000, 0x0000000084400000|100%| O|  |TAMS 0x0000000084400000, 0x0000000084300000| Untracked 
|  68|0x0000000084400000, 0x0000000084500000, 0x0000000084500000|100%| O|  |TAMS 0x0000000084500000, 0x0000000084400000| Untracked 
|  69|0x0000000084500000, 0x0000000084600000, 0x0000000084600000|100%| O|  |TAMS 0x0000000084600000, 0x0000000084500000| Untracked 
|  70|0x0000000084600000, 0x0000000084700000, 0x0000000084700000|100%| O|  |TAMS 0x0000000084700000, 0x0000000084600000| Untracked 
|  71|0x0000000084700000, 0x0000000084800000, 0x0000000084800000|100%| O|  |TAMS 0x0000000084800000, 0x0000000084700000| Untracked 
|  72|0x0000000084800000, 0x0000000084900000, 0x0000000084900000|100%| O|  |TAMS 0x0000000084900000, 0x0000000084800000| Untracked 
|  73|0x0000000084900000, 0x0000000084a00000, 0x0000000084a00000|100%| O|  |TAMS 0x0000000084900000, 0x0000000084900000| Untracked 
|  74|0x0000000084a00000, 0x0000000084b00000, 0x0000000084b00000|100%| O|  |TAMS 0x0000000084b00000, 0x0000000084a00000| Untracked 
|  75|0x0000000084b00000, 0x0000000084c00000, 0x0000000084c00000|100%| O|  |TAMS 0x0000000084c00000, 0x0000000084b00000| Untracked 
|  76|0x0000000084c00000, 0x0000000084d00000, 0x0000000084d00000|100%| O|  |TAMS 0x0000000084d00000, 0x0000000084c00000| Untracked 
|  77|0x0000000084d00000, 0x0000000084e00000, 0x0000000084e00000|100%| O|  |TAMS 0x0000000084e00000, 0x0000000084d00000| Untracked 
|  78|0x0000000084e00000, 0x0000000084f00000, 0x0000000084f00000|100%| O|  |TAMS 0x0000000084f00000, 0x0000000084e00000| Untracked 
|  79|0x0000000084f00000, 0x0000000085000000, 0x0000000085000000|100%| O|  |TAMS 0x0000000085000000, 0x0000000084f00000| Untracked 
|  80|0x0000000085000000, 0x0000000085100000, 0x0000000085100000|100%| O|  |TAMS 0x0000000085100000, 0x0000000085000000| Untracked 
|  81|0x0000000085100000, 0x0000000085200000, 0x0000000085200000|100%| O|  |TAMS 0x0000000085200000, 0x0000000085100000| Untracked 
|  82|0x0000000085200000, 0x0000000085300000, 0x0000000085300000|100%| O|  |TAMS 0x0000000085300000, 0x0000000085200000| Untracked 
|  83|0x0000000085300000, 0x0000000085400000, 0x0000000085400000|100%| O|  |TAMS 0x0000000085400000, 0x0000000085300000| Untracked 
|  84|0x0000000085400000, 0x0000000085500000, 0x0000000085500000|100%| O|  |TAMS 0x0000000085500000, 0x0000000085400000| Untracked 
|  85|0x0000000085500000, 0x0000000085600000, 0x0000000085600000|100%| O|  |TAMS 0x0000000085600000, 0x0000000085500000| Untracked 
|  86|0x0000000085600000, 0x0000000085700000, 0x0000000085700000|100%| O|  |TAMS 0x0000000085700000, 0x0000000085600000| Untracked 
|  87|0x0000000085700000, 0x0000000085800000, 0x0000000085800000|100%| O|  |TAMS 0x0000000085800000, 0x0000000085700000| Untracked 
|  88|0x0000000085800000, 0x0000000085900000, 0x0000000085900000|100%| O|  |TAMS 0x0000000085800000, 0x0000000085800000| Untracked 
|  89|0x0000000085900000, 0x0000000085a00000, 0x0000000085a00000|100%| O|  |TAMS 0x0000000085a00000, 0x0000000085900000| Untracked 
|  90|0x0000000085a00000, 0x0000000085b00000, 0x0000000085b00000|100%| O|  |TAMS 0x0000000085b00000, 0x0000000085a00000| Untracked 
|  91|0x0000000085b00000, 0x0000000085c00000, 0x0000000085c00000|100%| O|  |TAMS 0x0000000085c00000, 0x0000000085b00000| Untracked 
|  92|0x0000000085c00000, 0x0000000085d00000, 0x0000000085d00000|100%| O|  |TAMS 0x0000000085d00000, 0x0000000085c00000| Untracked 
|  93|0x0000000085d00000, 0x0000000085e00000, 0x0000000085e00000|100%| O|  |TAMS 0x0000000085e00000, 0x0000000085d00000| Untracked 
|  94|0x0000000085e00000, 0x0000000085f00000, 0x0000000085f00000|100%| O|  |TAMS 0x0000000085e00000, 0x0000000085e00000| Untracked 
|  95|0x0000000085f00000, 0x0000000086000000, 0x0000000086000000|100%| O|  |TAMS 0x0000000086000000, 0x0000000085f00000| Untracked 
|  96|0x0000000086000000, 0x0000000086100000, 0x0000000086100000|100%| O|  |TAMS 0x0000000086100000, 0x0000000086000000| Untracked 
|  97|0x0000000086100000, 0x0000000086200000, 0x0000000086200000|100%| O|  |TAMS 0x0000000086200000, 0x0000000086100000| Untracked 
|  98|0x0000000086200000, 0x0000000086300000, 0x0000000086300000|100%| O|  |TAMS 0x0000000086300000, 0x0000000086200000| Untracked 
|  99|0x0000000086300000, 0x0000000086400000, 0x0000000086400000|100%| O|  |TAMS 0x0000000086400000, 0x0000000086300000| Untracked 
| 100|0x0000000086400000, 0x0000000086500000, 0x0000000086500000|100%| O|  |TAMS 0x0000000086500000, 0x0000000086400000| Untracked 
| 101|0x0000000086500000, 0x0000000086600000, 0x0000000086600000|100%| O|  |TAMS 0x0000000086600000, 0x0000000086500000| Untracked 
| 102|0x0000000086600000, 0x0000000086700000, 0x0000000086700000|100%|HS|  |TAMS 0x0000000086700000, 0x0000000086600000| Complete 
| 103|0x0000000086700000, 0x0000000086800000, 0x0000000086800000|100%| O|  |TAMS 0x0000000086700000, 0x0000000086700000| Untracked 
| 104|0x0000000086800000, 0x0000000086900000, 0x0000000086900000|100%| O|  |TAMS 0x0000000086900000, 0x0000000086800000| Untracked 
| 105|0x0000000086900000, 0x0000000086a00000, 0x0000000086a00000|100%| O|  |TAMS 0x0000000086a00000, 0x0000000086900000| Untracked 
| 106|0x0000000086a00000, 0x0000000086b00000, 0x0000000086b00000|100%| O|  |TAMS 0x0000000086b00000, 0x0000000086a00000| Untracked 
| 107|0x0000000086b00000, 0x0000000086c00000, 0x0000000086c00000|100%|HS|  |TAMS 0x0000000086c00000, 0x0000000086b00000| Complete 
| 108|0x0000000086c00000, 0x0000000086d00000, 0x0000000086d00000|100%| O|  |TAMS 0x0000000086c00000, 0x0000000086c00000| Untracked 
| 109|0x0000000086d00000, 0x0000000086e00000, 0x0000000086e00000|100%|HS|  |TAMS 0x0000000086e00000, 0x0000000086d00000| Complete 
| 110|0x0000000086e00000, 0x0000000086f00000, 0x0000000086f00000|100%|HC|  |TAMS 0x0000000086f00000, 0x0000000086e00000| Complete 
| 111|0x0000000086f00000, 0x0000000087000000, 0x0000000087000000|100%| O|  |TAMS 0x0000000087000000, 0x0000000086f00000| Untracked 
| 112|0x0000000087000000, 0x0000000087100000, 0x0000000087100000|100%|HS|  |TAMS 0x0000000087100000, 0x0000000087000000| Complete 
| 113|0x0000000087100000, 0x0000000087200000, 0x0000000087200000|100%| O|  |TAMS 0x0000000087100000, 0x0000000087100000| Untracked 
| 114|0x0000000087200000, 0x0000000087300000, 0x0000000087300000|100%| O|  |TAMS 0x0000000087200000, 0x0000000087200000| Untracked 
| 115|0x0000000087300000, 0x0000000087400000, 0x0000000087400000|100%| O|  |TAMS 0x0000000087400000, 0x0000000087300000| Untracked 
| 116|0x0000000087400000, 0x0000000087500000, 0x0000000087500000|100%| O|  |TAMS 0x0000000087500000, 0x0000000087400000| Untracked 
| 117|0x0000000087500000, 0x0000000087600000, 0x0000000087600000|100%| O|  |TAMS 0x0000000087500000, 0x0000000087500000| Untracked 
| 118|0x0000000087600000, 0x0000000087700000, 0x0000000087700000|100%| O|  |TAMS 0x0000000087700000, 0x0000000087600000| Untracked 
| 119|0x0000000087700000, 0x0000000087800000, 0x0000000087800000|100%| O|  |TAMS 0x0000000087800000, 0x0000000087700000| Untracked 
| 120|0x0000000087800000, 0x0000000087900000, 0x0000000087900000|100%| O|  |TAMS 0x0000000087900000, 0x0000000087800000| Untracked 
| 121|0x0000000087900000, 0x0000000087a00000, 0x0000000087a00000|100%| O|  |TAMS 0x0000000087a00000, 0x0000000087900000| Untracked 
| 122|0x0000000087a00000, 0x0000000087b00000, 0x0000000087b00000|100%| O|  |TAMS 0x0000000087b00000, 0x0000000087a00000| Untracked 
| 123|0x0000000087b00000, 0x0000000087c00000, 0x0000000087c00000|100%| O|  |TAMS 0x0000000087c00000, 0x0000000087b00000| Untracked 
| 124|0x0000000087c00000, 0x0000000087d00000, 0x0000000087d00000|100%| O|  |TAMS 0x0000000087c00000, 0x0000000087c00000| Untracked 
| 125|0x0000000087d00000, 0x0000000087e00000, 0x0000000087e00000|100%| O|  |TAMS 0x0000000087e00000, 0x0000000087d00000| Untracked 
| 126|0x0000000087e00000, 0x0000000087f00000, 0x0000000087f00000|100%| O|  |TAMS 0x0000000087f00000, 0x0000000087e00000| Untracked 
| 127|0x0000000087f00000, 0x0000000088000000, 0x0000000088000000|100%|HS|  |TAMS 0x0000000088000000, 0x0000000087f00000| Complete 
| 128|0x0000000088000000, 0x0000000088100000, 0x0000000088100000|100%| O|  |TAMS 0x0000000088100000, 0x0000000088000000| Untracked 
| 129|0x0000000088100000, 0x0000000088200000, 0x0000000088200000|100%| O|  |TAMS 0x0000000088200000, 0x0000000088100000| Untracked 
| 130|0x0000000088200000, 0x0000000088300000, 0x0000000088300000|100%| O|  |TAMS 0x0000000088300000, 0x0000000088200000| Untracked 
| 131|0x0000000088300000, 0x0000000088400000, 0x0000000088400000|100%| O|  |TAMS 0x0000000088400000, 0x0000000088300000| Untracked 
| 132|0x0000000088400000, 0x0000000088500000, 0x0000000088500000|100%| O|  |TAMS 0x0000000088500000, 0x0000000088400000| Untracked 
| 133|0x0000000088500000, 0x0000000088600000, 0x0000000088600000|100%| O|  |TAMS 0x0000000088600000, 0x0000000088500000| Untracked 
| 134|0x0000000088600000, 0x0000000088700000, 0x0000000088700000|100%| O|  |TAMS 0x0000000088600000, 0x0000000088600000| Untracked 
| 135|0x0000000088700000, 0x0000000088800000, 0x0000000088800000|100%| O|  |TAMS 0x0000000088700000, 0x0000000088700000| Untracked 
| 136|0x0000000088800000, 0x0000000088900000, 0x0000000088900000|100%| O|  |TAMS 0x0000000088900000, 0x0000000088800000| Untracked 
| 137|0x0000000088900000, 0x0000000088a00000, 0x0000000088a00000|100%|HS|  |TAMS 0x0000000088a00000, 0x0000000088900000| Complete 
| 138|0x0000000088a00000, 0x0000000088b00000, 0x0000000088b00000|100%| O|  |TAMS 0x0000000088b00000, 0x0000000088a00000| Untracked 
| 139|0x0000000088b00000, 0x0000000088c00000, 0x0000000088c00000|100%|HS|  |TAMS 0x0000000088c00000, 0x0000000088b00000| Complete 
| 140|0x0000000088c00000, 0x0000000088d00000, 0x0000000088d00000|100%|HC|  |TAMS 0x0000000088d00000, 0x0000000088c00000| Complete 
| 141|0x0000000088d00000, 0x0000000088e00000, 0x0000000088e00000|100%|HS|  |TAMS 0x0000000088d00000, 0x0000000088d00000| Complete 
| 142|0x0000000088e00000, 0x0000000088f00000, 0x0000000088f00000|100%|HC|  |TAMS 0x0000000088e00000, 0x0000000088e00000| Complete 
| 143|0x0000000088f00000, 0x0000000089000000, 0x0000000089000000|100%|HS|  |TAMS 0x0000000089000000, 0x0000000088f00000| Complete 
| 144|0x0000000089000000, 0x0000000089100000, 0x0000000089100000|100%|HC|  |TAMS 0x0000000089100000, 0x0000000089000000| Complete 
| 145|0x0000000089100000, 0x0000000089200000, 0x0000000089200000|100%| O|  |TAMS 0x0000000089100000, 0x0000000089100000| Untracked 
| 146|0x0000000089200000, 0x0000000089300000, 0x0000000089300000|100%| O|  |TAMS 0x0000000089200000, 0x0000000089200000| Untracked 
| 147|0x0000000089300000, 0x0000000089400000, 0x0000000089400000|100%| O|  |TAMS 0x0000000089300000, 0x0000000089300000| Untracked 
| 148|0x0000000089400000, 0x0000000089500000, 0x0000000089500000|100%| O|  |TAMS 0x0000000089500000, 0x0000000089400000| Untracked 
| 149|0x0000000089500000, 0x0000000089600000, 0x0000000089600000|100%| O|  |TAMS 0x0000000089600000, 0x0000000089500000| Untracked 
| 150|0x0000000089600000, 0x0000000089700000, 0x0000000089700000|100%| O|  |TAMS 0x0000000089700000, 0x0000000089600000| Untracked 
| 151|0x0000000089700000, 0x0000000089800000, 0x0000000089800000|100%| O|  |TAMS 0x0000000089800000, 0x0000000089700000| Untracked 
| 152|0x0000000089800000, 0x0000000089900000, 0x0000000089900000|100%| O|  |TAMS 0x000000008989e400, 0x0000000089800000| Untracked 
| 153|0x0000000089900000, 0x0000000089a00000, 0x0000000089a00000|100%|HS|  |TAMS 0x0000000089900000, 0x0000000089900000| Complete 
| 154|0x0000000089a00000, 0x0000000089b00000, 0x0000000089b00000|100%| O|  |TAMS 0x0000000089a00000, 0x0000000089a00000| Untracked 
| 155|0x0000000089b00000, 0x0000000089c00000, 0x0000000089c00000|100%|HS|  |TAMS 0x0000000089b00000, 0x0000000089b00000| Complete 
| 156|0x0000000089c00000, 0x0000000089d00000, 0x0000000089d00000|100%| O|  |TAMS 0x0000000089c00000, 0x0000000089c00000| Untracked 
| 157|0x0000000089d00000, 0x0000000089e00000, 0x0000000089e00000|100%|HS|  |TAMS 0x0000000089d00000, 0x0000000089d00000| Complete 
| 158|0x0000000089e00000, 0x0000000089f00000, 0x0000000089f00000|100%|HS|  |TAMS 0x0000000089e00000, 0x0000000089e00000| Complete 
| 159|0x0000000089f00000, 0x000000008a000000, 0x000000008a000000|100%|HS|  |TAMS 0x0000000089f00000, 0x0000000089f00000| Complete 
| 160|0x000000008a000000, 0x000000008a100000, 0x000000008a100000|100%| O|  |TAMS 0x000000008a000000, 0x000000008a000000| Untracked 
| 161|0x000000008a100000, 0x000000008a200000, 0x000000008a200000|100%| O|  |TAMS 0x000000008a100000, 0x000000008a100000| Untracked 
| 162|0x000000008a200000, 0x000000008a300000, 0x000000008a300000|100%| O|  |TAMS 0x000000008a200000, 0x000000008a200000| Untracked 
| 163|0x000000008a300000, 0x000000008a400000, 0x000000008a400000|100%| O|  |TAMS 0x000000008a300000, 0x000000008a300000| Untracked 
| 164|0x000000008a400000, 0x000000008a500000, 0x000000008a500000|100%| O|  |TAMS 0x000000008a400000, 0x000000008a400000| Untracked 
| 165|0x000000008a500000, 0x000000008a600000, 0x000000008a600000|100%| O|  |TAMS 0x000000008a500000, 0x000000008a500000| Untracked 
| 166|0x000000008a600000, 0x000000008a700000, 0x000000008a700000|100%| O|  |TAMS 0x000000008a600000, 0x000000008a600000| Untracked 
| 167|0x000000008a700000, 0x000000008a800000, 0x000000008a800000|100%| O|  |TAMS 0x000000008a700000, 0x000000008a700000| Untracked 
| 168|0x000000008a800000, 0x000000008a900000, 0x000000008a900000|100%| O|  |TAMS 0x000000008a800000, 0x000000008a800000| Untracked 
| 169|0x000000008a900000, 0x000000008aa00000, 0x000000008aa00000|100%| O|  |TAMS 0x000000008a900000, 0x000000008a900000| Untracked 
| 170|0x000000008aa00000, 0x000000008ab00000, 0x000000008ab00000|100%| O|  |TAMS 0x000000008aa00000, 0x000000008aa00000| Untracked 
| 171|0x000000008ab00000, 0x000000008ac00000, 0x000000008ac00000|100%| O|  |TAMS 0x000000008ab00000, 0x000000008ab00000| Untracked 
| 172|0x000000008ac00000, 0x000000008ad00000, 0x000000008ad00000|100%| O|  |TAMS 0x000000008ac00000, 0x000000008ac00000| Untracked 
| 173|0x000000008ad00000, 0x000000008ae00000, 0x000000008ae00000|100%| O|  |TAMS 0x000000008ad00000, 0x000000008ad00000| Untracked 
| 174|0x000000008ae00000, 0x000000008af00000, 0x000000008af00000|100%| O|  |TAMS 0x000000008ae00000, 0x000000008ae00000| Untracked 
| 175|0x000000008af00000, 0x000000008b000000, 0x000000008b000000|100%| O|  |TAMS 0x000000008af00000, 0x000000008af00000| Untracked 
| 176|0x000000008b000000, 0x000000008b100000, 0x000000008b100000|100%| O|  |TAMS 0x000000008b000000, 0x000000008b000000| Untracked 
| 177|0x000000008b100000, 0x000000008b200000, 0x000000008b200000|100%| O|  |TAMS 0x000000008b100000, 0x000000008b100000| Untracked 
| 178|0x000000008b200000, 0x000000008b300000, 0x000000008b300000|100%| O|  |TAMS 0x000000008b200000, 0x000000008b200000| Untracked 
| 179|0x000000008b300000, 0x000000008b400000, 0x000000008b400000|100%| O|  |TAMS 0x000000008b300000, 0x000000008b300000| Untracked 
| 180|0x000000008b400000, 0x000000008b500000, 0x000000008b500000|100%| O|  |TAMS 0x000000008b400000, 0x000000008b400000| Untracked 
| 181|0x000000008b500000, 0x000000008b600000, 0x000000008b600000|100%| O|  |TAMS 0x000000008b500000, 0x000000008b500000| Untracked 
| 182|0x000000008b600000, 0x000000008b700000, 0x000000008b700000|100%| O|  |TAMS 0x000000008b600000, 0x000000008b600000| Untracked 
| 183|0x000000008b700000, 0x000000008b800000, 0x000000008b800000|100%| O|  |TAMS 0x000000008b700000, 0x000000008b700000| Untracked 
| 184|0x000000008b800000, 0x000000008b900000, 0x000000008b900000|100%| O|  |TAMS 0x000000008b800000, 0x000000008b800000| Untracked 
| 185|0x000000008b900000, 0x000000008ba00000, 0x000000008ba00000|100%| O|  |TAMS 0x000000008b900000, 0x000000008b900000| Untracked 
| 186|0x000000008ba00000, 0x000000008bb00000, 0x000000008bb00000|100%| O|  |TAMS 0x000000008ba00000, 0x000000008ba00000| Untracked 
| 187|0x000000008bb00000, 0x000000008bc00000, 0x000000008bc00000|100%| O|  |TAMS 0x000000008bb00000, 0x000000008bb00000| Untracked 
| 188|0x000000008bc00000, 0x000000008bd00000, 0x000000008bd00000|100%| O|  |TAMS 0x000000008bc00000, 0x000000008bc00000| Untracked 
| 189|0x000000008bd00000, 0x000000008be00000, 0x000000008be00000|100%| O|  |TAMS 0x000000008bd00000, 0x000000008bd00000| Untracked 
| 190|0x000000008be00000, 0x000000008bf00000, 0x000000008bf00000|100%| O|  |TAMS 0x000000008be00000, 0x000000008be00000| Untracked 
| 191|0x000000008bf00000, 0x000000008c000000, 0x000000008c000000|100%| O|  |TAMS 0x000000008bf00000, 0x000000008bf00000| Untracked 
| 192|0x000000008c000000, 0x000000008c100000, 0x000000008c100000|100%| O|  |TAMS 0x000000008c000000, 0x000000008c000000| Untracked 
| 193|0x000000008c100000, 0x000000008c200000, 0x000000008c200000|100%| O|  |TAMS 0x000000008c100000, 0x000000008c100000| Untracked 
| 194|0x000000008c200000, 0x000000008c300000, 0x000000008c300000|100%| O|  |TAMS 0x000000008c200000, 0x000000008c200000| Untracked 
| 195|0x000000008c300000, 0x000000008c400000, 0x000000008c400000|100%| O|  |TAMS 0x000000008c300000, 0x000000008c300000| Untracked 
| 196|0x000000008c400000, 0x000000008c500000, 0x000000008c500000|100%| O|  |TAMS 0x000000008c400000, 0x000000008c400000| Untracked 
| 197|0x000000008c500000, 0x000000008c600000, 0x000000008c600000|100%| O|  |TAMS 0x000000008c500000, 0x000000008c500000| Untracked 
| 198|0x000000008c600000, 0x000000008c700000, 0x000000008c700000|100%| O|  |TAMS 0x000000008c600000, 0x000000008c600000| Untracked 
| 199|0x000000008c700000, 0x000000008c800000, 0x000000008c800000|100%| O|  |TAMS 0x000000008c700000, 0x000000008c700000| Untracked 
| 200|0x000000008c800000, 0x000000008c900000, 0x000000008c900000|100%| O|  |TAMS 0x000000008c800000, 0x000000008c800000| Untracked 
| 201|0x000000008c900000, 0x000000008ca00000, 0x000000008ca00000|100%| O|  |TAMS 0x000000008c900000, 0x000000008c900000| Untracked 
| 202|0x000000008ca00000, 0x000000008cb00000, 0x000000008cb00000|100%| O|  |TAMS 0x000000008ca00000, 0x000000008ca00000| Untracked 
| 203|0x000000008cb00000, 0x000000008cc00000, 0x000000008cc00000|100%| O|  |TAMS 0x000000008cb00000, 0x000000008cb00000| Untracked 
| 204|0x000000008cc00000, 0x000000008cd00000, 0x000000008cd00000|100%| O|  |TAMS 0x000000008cc00000, 0x000000008cc00000| Untracked 
| 205|0x000000008cd00000, 0x000000008ce00000, 0x000000008ce00000|100%| O|  |TAMS 0x000000008cd00000, 0x000000008cd00000| Untracked 
| 206|0x000000008ce00000, 0x000000008cf00000, 0x000000008cf00000|100%| O|  |TAMS 0x000000008ce00000, 0x000000008ce00000| Untracked 
| 207|0x000000008cf00000, 0x000000008d000000, 0x000000008d000000|100%| O|  |TAMS 0x000000008cf00000, 0x000000008cf00000| Untracked 
| 208|0x000000008d000000, 0x000000008d100000, 0x000000008d100000|100%| O|  |TAMS 0x000000008d000000, 0x000000008d000000| Untracked 
| 209|0x000000008d100000, 0x000000008d200000, 0x000000008d200000|100%| O|  |TAMS 0x000000008d100000, 0x000000008d100000| Untracked 
| 210|0x000000008d200000, 0x000000008d300000, 0x000000008d300000|100%| O|  |TAMS 0x000000008d200000, 0x000000008d200000| Untracked 
| 211|0x000000008d300000, 0x000000008d400000, 0x000000008d400000|100%| O|  |TAMS 0x000000008d300000, 0x000000008d300000| Untracked 
| 212|0x000000008d400000, 0x000000008d500000, 0x000000008d500000|100%| O|  |TAMS 0x000000008d400000, 0x000000008d400000| Untracked 
| 213|0x000000008d500000, 0x000000008d600000, 0x000000008d600000|100%| O|  |TAMS 0x000000008d500000, 0x000000008d500000| Untracked 
| 214|0x000000008d600000, 0x000000008d700000, 0x000000008d700000|100%| O|  |TAMS 0x000000008d600000, 0x000000008d600000| Untracked 
| 215|0x000000008d700000, 0x000000008d800000, 0x000000008d800000|100%| O|  |TAMS 0x000000008d700000, 0x000000008d700000| Untracked 
| 216|0x000000008d800000, 0x000000008d900000, 0x000000008d900000|100%| O|  |TAMS 0x000000008d800000, 0x000000008d800000| Untracked 
| 217|0x000000008d900000, 0x000000008da00000, 0x000000008da00000|100%| O|  |TAMS 0x000000008d900000, 0x000000008d900000| Untracked 
| 218|0x000000008da00000, 0x000000008db00000, 0x000000008db00000|100%| O|  |TAMS 0x000000008da00000, 0x000000008da00000| Untracked 
| 219|0x000000008db00000, 0x000000008dc00000, 0x000000008dc00000|100%| O|  |TAMS 0x000000008db00000, 0x000000008db00000| Untracked 
| 220|0x000000008dc00000, 0x000000008dd00000, 0x000000008dd00000|100%| O|  |TAMS 0x000000008dc00000, 0x000000008dc00000| Untracked 
| 221|0x000000008dd00000, 0x000000008de00000, 0x000000008de00000|100%| O|  |TAMS 0x000000008dd00000, 0x000000008dd00000| Untracked 
| 222|0x000000008de00000, 0x000000008df00000, 0x000000008df00000|100%| O|  |TAMS 0x000000008de00000, 0x000000008de00000| Untracked 
| 223|0x000000008df00000, 0x000000008e000000, 0x000000008e000000|100%| O|  |TAMS 0x000000008df00000, 0x000000008df00000| Untracked 
| 224|0x000000008e000000, 0x000000008e100000, 0x000000008e100000|100%| O|  |TAMS 0x000000008e000000, 0x000000008e000000| Untracked 
| 225|0x000000008e100000, 0x000000008e200000, 0x000000008e200000|100%| O|  |TAMS 0x000000008e100000, 0x000000008e100000| Untracked 
| 226|0x000000008e200000, 0x000000008e300000, 0x000000008e300000|100%| O|  |TAMS 0x000000008e200000, 0x000000008e200000| Untracked 
| 227|0x000000008e300000, 0x000000008e400000, 0x000000008e400000|100%| O|  |TAMS 0x000000008e300000, 0x000000008e300000| Untracked 
| 228|0x000000008e400000, 0x000000008e400000, 0x000000008e500000|  0%| F|  |TAMS 0x000000008e400000, 0x000000008e400000| Untracked 
| 229|0x000000008e500000, 0x000000008e500000, 0x000000008e600000|  0%| F|  |TAMS 0x000000008e500000, 0x000000008e500000| Untracked 
| 230|0x000000008e600000, 0x000000008e600000, 0x000000008e700000|  0%| F|  |TAMS 0x000000008e600000, 0x000000008e600000| Untracked 
| 231|0x000000008e700000, 0x000000008e700000, 0x000000008e800000|  0%| F|  |TAMS 0x000000008e700000, 0x000000008e700000| Untracked 
| 232|0x000000008e800000, 0x000000008e800000, 0x000000008e900000|  0%| F|  |TAMS 0x000000008e800000, 0x000000008e800000| Untracked 
| 233|0x000000008e900000, 0x000000008e900000, 0x000000008ea00000|  0%| F|  |TAMS 0x000000008e900000, 0x000000008e900000| Untracked 
| 234|0x000000008ea00000, 0x000000008ea00000, 0x000000008eb00000|  0%| F|  |TAMS 0x000000008ea00000, 0x000000008ea00000| Untracked 
| 235|0x000000008eb00000, 0x000000008eb00000, 0x000000008ec00000|  0%| F|  |TAMS 0x000000008eb00000, 0x000000008eb00000| Untracked 
| 236|0x000000008ec00000, 0x000000008ec00000, 0x000000008ed00000|  0%| F|  |TAMS 0x000000008ec00000, 0x000000008ec00000| Untracked 
| 237|0x000000008ed00000, 0x000000008ed00000, 0x000000008ee00000|  0%| F|  |TAMS 0x000000008ed00000, 0x000000008ed00000| Untracked 
| 238|0x000000008ee00000, 0x000000008ee00000, 0x000000008ef00000|  0%| F|  |TAMS 0x000000008ee00000, 0x000000008ee00000| Untracked 
| 239|0x000000008ef00000, 0x000000008ef00000, 0x000000008f000000|  0%| F|  |TAMS 0x000000008ef00000, 0x000000008ef00000| Untracked 
| 240|0x000000008f000000, 0x000000008f000000, 0x000000008f100000|  0%| F|  |TAMS 0x000000008f000000, 0x000000008f000000| Untracked 
| 241|0x000000008f100000, 0x000000008f100000, 0x000000008f200000|  0%| F|  |TAMS 0x000000008f100000, 0x000000008f100000| Untracked 
| 242|0x000000008f200000, 0x000000008f200000, 0x000000008f300000|  0%| F|  |TAMS 0x000000008f200000, 0x000000008f200000| Untracked 
| 243|0x000000008f300000, 0x000000008f300000, 0x000000008f400000|  0%| F|  |TAMS 0x000000008f300000, 0x000000008f300000| Untracked 
| 244|0x000000008f400000, 0x000000008f400000, 0x000000008f500000|  0%| F|  |TAMS 0x000000008f400000, 0x000000008f400000| Untracked 
| 245|0x000000008f500000, 0x000000008f500000, 0x000000008f600000|  0%| F|  |TAMS 0x000000008f500000, 0x000000008f500000| Untracked 
| 246|0x000000008f600000, 0x000000008f600000, 0x000000008f700000|  0%| F|  |TAMS 0x000000008f600000, 0x000000008f600000| Untracked 
| 247|0x000000008f700000, 0x000000008f700000, 0x000000008f800000|  0%| F|  |TAMS 0x000000008f700000, 0x000000008f700000| Untracked 
| 248|0x000000008f800000, 0x000000008f800000, 0x000000008f900000|  0%| F|  |TAMS 0x000000008f800000, 0x000000008f800000| Untracked 
| 249|0x000000008f900000, 0x000000008f900000, 0x000000008fa00000|  0%| F|  |TAMS 0x000000008f900000, 0x000000008f900000| Untracked 
| 250|0x000000008fa00000, 0x000000008fa00000, 0x000000008fb00000|  0%| F|  |TAMS 0x000000008fa00000, 0x000000008fa00000| Untracked 
| 251|0x000000008fb00000, 0x000000008fb00000, 0x000000008fc00000|  0%| F|  |TAMS 0x000000008fb00000, 0x000000008fb00000| Untracked 
| 252|0x000000008fc00000, 0x000000008fc00000, 0x000000008fd00000|  0%| F|  |TAMS 0x000000008fc00000, 0x000000008fc00000| Untracked 
| 253|0x000000008fd00000, 0x000000008fd00000, 0x000000008fe00000|  0%| F|  |TAMS 0x000000008fd00000, 0x000000008fd00000| Untracked 
| 254|0x000000008fe00000, 0x000000008fe00000, 0x000000008ff00000|  0%| F|  |TAMS 0x000000008fe00000, 0x000000008fe00000| Untracked 
| 255|0x000000008ff00000, 0x000000008ff00000, 0x0000000090000000|  0%| F|  |TAMS 0x000000008ff00000, 0x000000008ff00000| Untracked 
| 256|0x0000000090000000, 0x0000000090000000, 0x0000000090100000|  0%| F|  |TAMS 0x0000000090000000, 0x0000000090000000| Untracked 
| 257|0x0000000090100000, 0x0000000090100000, 0x0000000090200000|  0%| F|  |TAMS 0x0000000090100000, 0x0000000090100000| Untracked 
| 258|0x0000000090200000, 0x0000000090200000, 0x0000000090300000|  0%| F|  |TAMS 0x0000000090200000, 0x0000000090200000| Untracked 
| 259|0x0000000090300000, 0x0000000090300000, 0x0000000090400000|  0%| F|  |TAMS 0x0000000090300000, 0x0000000090300000| Untracked 
| 260|0x0000000090400000, 0x0000000090400000, 0x0000000090500000|  0%| F|  |TAMS 0x0000000090400000, 0x0000000090400000| Untracked 
| 261|0x0000000090500000, 0x0000000090500000, 0x0000000090600000|  0%| F|  |TAMS 0x0000000090500000, 0x0000000090500000| Untracked 
| 262|0x0000000090600000, 0x0000000090600000, 0x0000000090700000|  0%| F|  |TAMS 0x0000000090600000, 0x0000000090600000| Untracked 
| 263|0x0000000090700000, 0x0000000090700000, 0x0000000090800000|  0%| F|  |TAMS 0x0000000090700000, 0x0000000090700000| Untracked 
| 264|0x0000000090800000, 0x0000000090800000, 0x0000000090900000|  0%| F|  |TAMS 0x0000000090800000, 0x0000000090800000| Untracked 
| 265|0x0000000090900000, 0x0000000090900000, 0x0000000090a00000|  0%| F|  |TAMS 0x0000000090900000, 0x0000000090900000| Untracked 
| 266|0x0000000090a00000, 0x0000000090a00000, 0x0000000090b00000|  0%| F|  |TAMS 0x0000000090a00000, 0x0000000090a00000| Untracked 
| 267|0x0000000090b00000, 0x0000000090b00000, 0x0000000090c00000|  0%| F|  |TAMS 0x0000000090b00000, 0x0000000090b00000| Untracked 
| 268|0x0000000090c00000, 0x0000000090c00000, 0x0000000090d00000|  0%| F|  |TAMS 0x0000000090c00000, 0x0000000090c00000| Untracked 
| 269|0x0000000090d00000, 0x0000000090e00000, 0x0000000090e00000|100%| S|CS|TAMS 0x0000000090d00000, 0x0000000090d00000| Complete 
| 270|0x0000000090e00000, 0x0000000090f00000, 0x0000000090f00000|100%| S|CS|TAMS 0x0000000090e00000, 0x0000000090e00000| Complete 
| 271|0x0000000090f00000, 0x0000000091000000, 0x0000000091000000|100%| S|CS|TAMS 0x0000000090f00000, 0x0000000090f00000| Complete 
| 272|0x0000000091000000, 0x0000000091100000, 0x0000000091100000|100%| S|CS|TAMS 0x0000000091000000, 0x0000000091000000| Complete 
| 273|0x0000000091100000, 0x0000000091200000, 0x0000000091200000|100%| S|CS|TAMS 0x0000000091100000, 0x0000000091100000| Complete 
| 274|0x0000000091200000, 0x0000000091300000, 0x0000000091300000|100%| S|CS|TAMS 0x0000000091200000, 0x0000000091200000| Complete 
| 275|0x0000000091300000, 0x0000000091300000, 0x0000000091400000|  0%| F|  |TAMS 0x0000000091300000, 0x0000000091300000| Untracked 
| 276|0x0000000091400000, 0x0000000091400000, 0x0000000091500000|  0%| F|  |TAMS 0x0000000091400000, 0x0000000091400000| Untracked 
| 277|0x0000000091500000, 0x0000000091500000, 0x0000000091600000|  0%| F|  |TAMS 0x0000000091500000, 0x0000000091500000| Untracked 
| 278|0x0000000091600000, 0x0000000091600000, 0x0000000091700000|  0%| F|  |TAMS 0x0000000091600000, 0x0000000091600000| Untracked 
| 279|0x0000000091700000, 0x0000000091700000, 0x0000000091800000|  0%| F|  |TAMS 0x0000000091700000, 0x0000000091700000| Untracked 
| 280|0x0000000091800000, 0x0000000091800000, 0x0000000091900000|  0%| F|  |TAMS 0x0000000091800000, 0x0000000091800000| Untracked 
| 281|0x0000000091900000, 0x0000000091900000, 0x0000000091a00000|  0%| F|  |TAMS 0x0000000091900000, 0x0000000091900000| Untracked 
| 282|0x0000000091a00000, 0x0000000091a00000, 0x0000000091b00000|  0%| F|  |TAMS 0x0000000091a00000, 0x0000000091a00000| Untracked 
| 283|0x0000000091b00000, 0x0000000091b00000, 0x0000000091c00000|  0%| F|  |TAMS 0x0000000091b00000, 0x0000000091b00000| Untracked 
| 284|0x0000000091c00000, 0x0000000091c00000, 0x0000000091d00000|  0%| F|  |TAMS 0x0000000091c00000, 0x0000000091c00000| Untracked 
| 285|0x0000000091d00000, 0x0000000091d00000, 0x0000000091e00000|  0%| F|  |TAMS 0x0000000091d00000, 0x0000000091d00000| Untracked 
| 286|0x0000000091e00000, 0x0000000091e00000, 0x0000000091f00000|  0%| F|  |TAMS 0x0000000091e00000, 0x0000000091e00000| Untracked 
| 287|0x0000000091f00000, 0x0000000091f00000, 0x0000000092000000|  0%| F|  |TAMS 0x0000000091f00000, 0x0000000091f00000| Untracked 
| 288|0x0000000092000000, 0x0000000092000000, 0x0000000092100000|  0%| F|  |TAMS 0x0000000092000000, 0x0000000092000000| Untracked 
| 289|0x0000000092100000, 0x0000000092100000, 0x0000000092200000|  0%| F|  |TAMS 0x0000000092100000, 0x0000000092100000| Untracked 
| 290|0x0000000092200000, 0x0000000092200000, 0x0000000092300000|  0%| F|  |TAMS 0x0000000092200000, 0x0000000092200000| Untracked 
| 291|0x0000000092300000, 0x0000000092300000, 0x0000000092400000|  0%| F|  |TAMS 0x0000000092300000, 0x0000000092300000| Untracked 
| 292|0x0000000092400000, 0x0000000092400000, 0x0000000092500000|  0%| F|  |TAMS 0x0000000092400000, 0x0000000092400000| Untracked 
| 293|0x0000000092500000, 0x0000000092500000, 0x0000000092600000|  0%| F|  |TAMS 0x0000000092500000, 0x0000000092500000| Untracked 
| 294|0x0000000092600000, 0x0000000092600000, 0x0000000092700000|  0%| F|  |TAMS 0x0000000092600000, 0x0000000092600000| Untracked 
| 295|0x0000000092700000, 0x0000000092700000, 0x0000000092800000|  0%| F|  |TAMS 0x0000000092700000, 0x0000000092700000| Untracked 
| 296|0x0000000092800000, 0x0000000092800000, 0x0000000092900000|  0%| F|  |TAMS 0x0000000092800000, 0x0000000092800000| Untracked 
| 297|0x0000000092900000, 0x0000000092900000, 0x0000000092a00000|  0%| F|  |TAMS 0x0000000092900000, 0x0000000092900000| Untracked 
| 298|0x0000000092a00000, 0x0000000092a00000, 0x0000000092b00000|  0%| F|  |TAMS 0x0000000092a00000, 0x0000000092a00000| Untracked 
| 299|0x0000000092b00000, 0x0000000092b00000, 0x0000000092c00000|  0%| F|  |TAMS 0x0000000092b00000, 0x0000000092b00000| Untracked 
| 300|0x0000000092c00000, 0x0000000092c00000, 0x0000000092d00000|  0%| F|  |TAMS 0x0000000092c00000, 0x0000000092c00000| Untracked 
| 301|0x0000000092d00000, 0x0000000092d00000, 0x0000000092e00000|  0%| F|  |TAMS 0x0000000092d00000, 0x0000000092d00000| Untracked 
| 302|0x0000000092e00000, 0x0000000092e00000, 0x0000000092f00000|  0%| F|  |TAMS 0x0000000092e00000, 0x0000000092e00000| Untracked 
| 303|0x0000000092f00000, 0x0000000092f00000, 0x0000000093000000|  0%| F|  |TAMS 0x0000000092f00000, 0x0000000092f00000| Untracked 
| 304|0x0000000093000000, 0x0000000093000000, 0x0000000093100000|  0%| F|  |TAMS 0x0000000093000000, 0x0000000093000000| Untracked 
| 305|0x0000000093100000, 0x00000000931e2798, 0x0000000093200000| 88%| E|  |TAMS 0x0000000093100000, 0x0000000093100000| Complete 
| 306|0x0000000093200000, 0x0000000093300000, 0x0000000093300000|100%| E|CS|TAMS 0x0000000093200000, 0x0000000093200000| Complete 
| 307|0x0000000093300000, 0x0000000093400000, 0x0000000093400000|100%| E|CS|TAMS 0x0000000093300000, 0x0000000093300000| Complete 

Card table byte_map: [0x00000195b3e80000,0x00000195b4280000] _byte_map_base: 0x00000195b3a80000

Marking Bits (Prev, Next): (CMBitMap*) 0x00000195a0caf4a8, (CMBitMap*) 0x00000195a0caf4e0
 Prev Bits: [0x00000195b4680000, 0x00000195b6680000)
 Next Bits: [0x00000195b6680000, 0x00000195b8680000)

Polling page: 0x00000195a0440000

Metaspace:

Usage:
  Non-class:    108.28 MB capacity,   106.19 MB ( 98%) used,     1.77 MB (  2%) free+waste,   330.13 KB ( <1%) overhead. 
      Class:     16.14 MB capacity,    14.96 MB ( 93%) used,     1.04 MB (  6%) free+waste,   148.38 KB ( <1%) overhead. 
       Both:    124.42 MB capacity,   121.15 MB ( 97%) used,     2.80 MB (  2%) free+waste,   478.50 KB ( <1%) overhead. 

Virtual space:
  Non-class space:      110.00 MB reserved,     108.45 MB ( 99%) committed 
      Class space:        1.00 GB reserved,      16.21 MB (  2%) committed 
             Both:        1.11 GB reserved,     124.66 MB ( 11%) committed 

Chunk freelists:
   Non-Class:  45.00 KB
       Class:  16.00 KB
        Both:  61.00 KB

MaxMetaspaceSize: 17179869184.00 GB
CompressedClassSpaceSize: 1.00 GB

CodeHeap 'non-profiled nmethods': size=120000Kb used=11593Kb max_used=11875Kb free=108406Kb
 bounds [0x00000195ac220000, 0x00000195acde0000, 0x00000195b3750000]
CodeHeap 'profiled nmethods': size=120000Kb used=38194Kb max_used=39119Kb free=81805Kb
 bounds [0x00000195a4cf0000, 0x00000195a7380000, 0x00000195ac220000]
CodeHeap 'non-nmethods': size=5760Kb used=2347Kb max_used=2400Kb free=3413Kb
 bounds [0x00000195a4750000, 0x00000195a49c0000, 0x00000195a4cf0000]
 total_blobs=18148 nmethods=17186 adapters=872
 compilation: enabled
              stopped_count=0, restarted_count=0
 full_count=0

Compilation events (20 events):
Event: 183.417 Thread 0x00000195bb9c5800 nmethod 18177 0x00000195ac2b1990 code [0x00000195ac2b1be0, 0x00000195ac2b3168]
Event: 183.418 Thread 0x00000195bb9c5800 18183       4       com.android.tools.r8.graph.o0::a (132 bytes)
Event: 183.429 Thread 0x00000195bb9d5800 18201       3       com.android.tools.r8.graph.E::a (56 bytes)
Event: 183.429 Thread 0x00000195bb9d5800 nmethod 18201 0x00000195a4e3fb90 code [0x00000195a4e3fe00, 0x00000195a4e408e8]
Event: 183.430 Thread 0x00000195bb9d5800 18202       2       com.android.tools.r8.code.f0::<init> (7 bytes)
Event: 183.430 Thread 0x00000195bb9d5800 nmethod 18202 0x00000195a4e42f10 code [0x00000195a4e430e0, 0x00000195a4e432a8]
Event: 183.430 Thread 0x00000195bb9d5800 18204 %     3       com.android.tools.r8.dex.n$c::<init> @ 35 (567 bytes)
Event: 183.433 Thread 0x00000195bb9d5800 nmethod 18204% 0x00000195a4e47590 code [0x00000195a4e47aa0, 0x00000195a4e4a958]
Event: 183.433 Thread 0x00000195bb9d5800 18203       2       com.android.tools.r8.code.a::<init> (7 bytes)
Event: 183.433 Thread 0x00000195bb9d5800 nmethod 18203 0x00000195a4e3f290 code [0x00000195a4e3f440, 0x00000195a4e3f598]
Event: 183.435 Thread 0x00000195bb9d5800 18206       2       com.android.tools.r8.code.T2::<init> (58 bytes)
Event: 183.435 Thread 0x00000195bb9d5800 nmethod 18206 0x00000195a4e42310 code [0x00000195a4e42520, 0x00000195a4e42aa8]
Event: 183.438 Thread 0x00000195bb9d5800 18207       2       com.android.tools.r8.code.F2::<init> (7 bytes)
Event: 183.439 Thread 0x00000195bb9d5800 nmethod 18207 0x00000195a4e41f10 code [0x00000195a4e420c0, 0x00000195a4e42218]
Event: 183.441 Thread 0x00000195bb9d5800 18208       2       java.io.ObjectInputStream$HandleTable::markDependency (175 bytes)
Event: 183.441 Thread 0x00000195bb9d5800 nmethod 18208 0x00000195a4e46990 code [0x00000195a4e46bc0, 0x00000195a4e47238]
Event: 183.445 Thread 0x00000195bb9c5800 nmethod 18183 0x00000195ac2ab890 code [0x00000195ac2aba60, 0x00000195ac2ac458]
Event: 183.445 Thread 0x00000195bb9c5800 17952       4       com.android.tools.r8.w.a.a.a.f.X::a (71 bytes)
Event: 183.448 Thread 0x00000195bb9c5800 nmethod 17952 0x00000195ac289690 code [0x00000195ac289820, 0x00000195ac289978]
Event: 183.448 Thread 0x00000195bb9c5800 18205       4       com.android.tools.r8.dex.n::b (36 bytes)

GC Heap History (20 events):
Event: 179.559 GC heap before
{Heap before GC invocations=35 (full 0):
 garbage-first heap   total 262144K, used 203591K [0x0000000080000000, 0x0000000100000000)
  region size 1024K, 56 young (57344K), 4 survivors (4096K)
 Metaspace       used 116086K, capacity 119205K, committed 119328K, reserved 1153024K
  class space    used 14261K, capacity 15363K, committed 15444K, reserved 1048576K
}
Event: 179.562 GC heap after
{Heap after GC invocations=36 (full 0):
 garbage-first heap   total 262144K, used 148846K [0x0000000080000000, 0x0000000100000000)
  region size 1024K, 2 young (2048K), 2 survivors (2048K)
 Metaspace       used 116086K, capacity 119205K, committed 119328K, reserved 1153024K
  class space    used 14261K, capacity 15363K, committed 15444K, reserved 1048576K
}
Event: 179.876 GC heap before
{Heap before GC invocations=36 (full 0):
 garbage-first heap   total 262144K, used 158062K [0x0000000080000000, 0x0000000100000000)
  region size 1024K, 12 young (12288K), 2 survivors (2048K)
 Metaspace       used 116365K, capacity 119609K, committed 119840K, reserved 1153024K
  class space    used 14283K, capacity 15403K, committed 15444K, reserved 1048576K
}
Event: 179.884 GC heap after
{Heap after GC invocations=37 (full 0):
 garbage-first heap   total 262144K, used 131171K [0x0000000080000000, 0x0000000100000000)
  region size 1024K, 2 young (2048K), 2 survivors (2048K)
 Metaspace       used 116365K, capacity 119609K, committed 119840K, reserved 1153024K
  class space    used 14283K, capacity 15403K, committed 15444K, reserved 1048576K
}
Event: 180.924 GC heap before
{Heap before GC invocations=37 (full 0):
 garbage-first heap   total 262144K, used 204899K [0x0000000080000000, 0x0000000100000000)
  region size 1024K, 73 young (74752K), 2 survivors (2048K)
 Metaspace       used 118640K, capacity 121851K, committed 122016K, reserved 1155072K
  class space    used 14549K, capacity 15700K, committed 15828K, reserved 1048576K
}
Event: 180.930 GC heap after
{Heap after GC invocations=38 (full 0):
 garbage-first heap   total 262144K, used 134851K [0x0000000080000000, 0x0000000100000000)
  region size 1024K, 5 young (5120K), 5 survivors (5120K)
 Metaspace       used 118640K, capacity 121851K, committed 122016K, reserved 1155072K
  class space    used 14549K, capacity 15700K, committed 15828K, reserved 1048576K
}
Event: 181.274 GC heap before
{Heap before GC invocations=38 (full 0):
 garbage-first heap   total 262144K, used 207555K [0x0000000080000000, 0x0000000100000000)
  region size 1024K, 77 young (78848K), 5 survivors (5120K)
 Metaspace       used 119554K, capacity 122798K, committed 123040K, reserved 1157120K
  class space    used 14649K, capacity 15775K, committed 15828K, reserved 1048576K
}
Event: 181.281 GC heap after
{Heap after GC invocations=39 (full 0):
 garbage-first heap   total 262144K, used 139991K [0x0000000080000000, 0x0000000100000000)
  region size 1024K, 10 young (10240K), 10 survivors (10240K)
 Metaspace       used 119554K, capacity 122798K, committed 123040K, reserved 1157120K
  class space    used 14649K, capacity 15775K, committed 15828K, reserved 1048576K
}
Event: 181.671 GC heap before
{Heap before GC invocations=39 (full 0):
 garbage-first heap   total 262144K, used 210647K [0x0000000080000000, 0x0000000100000000)
  region size 1024K, 80 young (81920K), 10 survivors (10240K)
 Metaspace       used 120498K, capacity 123762K, committed 123936K, reserved 1157120K
  class space    used 14742K, capacity 15878K, committed 15956K, reserved 1048576K
}
Event: 181.683 GC heap after
{Heap after GC invocations=40 (full 0):
 garbage-first heap   total 262144K, used 142731K [0x0000000080000000, 0x0000000100000000)
  region size 1024K, 6 young (6144K), 6 survivors (6144K)
 Metaspace       used 120498K, capacity 123762K, committed 123936K, reserved 1157120K
  class space    used 14742K, capacity 15878K, committed 15956K, reserved 1048576K
}
Event: 182.160 GC heap before
{Heap before GC invocations=40 (full 0):
 garbage-first heap   total 262144K, used 213387K [0x0000000080000000, 0x0000000100000000)
  region size 1024K, 75 young (76800K), 6 survivors (6144K)
 Metaspace       used 120562K, capacity 123767K, committed 123936K, reserved 1157120K
  class space    used 14744K, capacity 15878K, committed 15956K, reserved 1048576K
}
Event: 182.165 GC heap after
{Heap after GC invocations=41 (full 0):
 garbage-first heap   total 262144K, used 143066K [0x0000000080000000, 0x0000000100000000)
  region size 1024K, 6 young (6144K), 6 survivors (6144K)
 Metaspace       used 120562K, capacity 123767K, committed 123936K, reserved 1157120K
  class space    used 14744K, capacity 15878K, committed 15956K, reserved 1048576K
}
Event: 182.555 GC heap before
{Heap before GC invocations=41 (full 0):
 garbage-first heap   total 262144K, used 199386K [0x0000000080000000, 0x0000000100000000)
  region size 1024K, 47 young (48128K), 6 survivors (6144K)
 Metaspace       used 121372K, capacity 124633K, committed 124832K, reserved 1159168K
  class space    used 14852K, capacity 15988K, committed 16084K, reserved 1048576K
}
Event: 182.564 GC heap after
{Heap after GC invocations=42 (full 0):
 garbage-first heap   total 262144K, used 163449K [0x0000000080000000, 0x0000000100000000)
  region size 1024K, 10 young (10240K), 10 survivors (10240K)
 Metaspace       used 121372K, capacity 124633K, committed 124832K, reserved 1159168K
  class space    used 14852K, capacity 15988K, committed 16084K, reserved 1048576K
}
Event: 182.974 GC heap before
{Heap before GC invocations=43 (full 0):
 garbage-first heap   total 262144K, used 225913K [0x0000000080000000, 0x0000000100000000)
  region size 1024K, 62 young (63488K), 10 survivors (10240K)
 Metaspace       used 121926K, capacity 125215K, committed 125472K, reserved 1159168K
  class space    used 14953K, capacity 16102K, committed 16212K, reserved 1048576K
}
Event: 182.996 GC heap after
{Heap after GC invocations=44 (full 0):
 garbage-first heap   total 262144K, used 190171K [0x0000000080000000, 0x0000000100000000)
  region size 1024K, 8 young (8192K), 8 survivors (8192K)
 Metaspace       used 121926K, capacity 125215K, committed 125472K, reserved 1159168K
  class space    used 14953K, capacity 16102K, committed 16212K, reserved 1048576K
}
Event: 183.056 GC heap before
{Heap before GC invocations=44 (full 0):
 garbage-first heap   total 262144K, used 194267K [0x0000000080000000, 0x0000000100000000)
  region size 1024K, 12 young (12288K), 8 survivors (8192K)
 Metaspace       used 122881K, capacity 126211K, committed 126496K, reserved 1159168K
  class space    used 15192K, capacity 16371K, committed 16468K, reserved 1048576K
}
Event: 183.080 GC heap after
{Heap after GC invocations=45 (full 0):
 garbage-first heap   total 315392K, used 184320K [0x0000000080000000, 0x0000000100000000)
  region size 1024K, 1 young (1024K), 1 survivors (1024K)
 Metaspace       used 122881K, capacity 126211K, committed 126496K, reserved 1159168K
  class space    used 15192K, capacity 16371K, committed 16468K, reserved 1048576K
}
Event: 183.318 GC heap before
{Heap before GC invocations=45 (full 0):
 garbage-first heap   total 315392K, used 245760K [0x0000000080000000, 0x0000000100000000)
  region size 1024K, 61 young (62464K), 1 survivors (1024K)
 Metaspace       used 123357K, capacity 126734K, committed 127008K, reserved 1159168K
  class space    used 15224K, capacity 16412K, committed 16468K, reserved 1048576K
}
Event: 183.345 GC heap after
{Heap after GC invocations=46 (full 0):
 garbage-first heap   total 315392K, used 219136K [0x0000000080000000, 0x0000000100000000)
  region size 1024K, 8 young (8192K), 8 survivors (8192K)
 Metaspace       used 123357K, capacity 126734K, committed 127008K, reserved 1159168K
  class space    used 15224K, capacity 16412K, committed 16468K, reserved 1048576K
}

Deoptimization events (20 events):
Event: 183.305 Thread 0x00000195bf14e800 Uncommon trap: trap_request=0xffffffbe fr.pc=0x00000195ac29ebf0 relative=0x0000000000000e90
Event: 183.305 Thread 0x00000195bf157800 Uncommon trap: trap_request=0xffffffbe fr.pc=0x00000195ac29ebf0 relative=0x0000000000000e90
Event: 183.305 Thread 0x00000195bf157800 Uncommon trap: reason=profile_predicate action=maybe_recompile pc=0x00000195ac29ebf0 method=com.android.tools.r8.graph.o0.a(Lcom/android/tools/r8/graph/o0;)I @ 45 c2
Event: 183.305 Thread 0x00000195bf157800 DEOPT PACKING pc=0x00000195ac29ebf0 sp=0x000000723a6feb20
Event: 183.305 Thread 0x00000195bf152800 Uncommon trap: trap_request=0xffffffbe fr.pc=0x00000195ac29ebf0 relative=0x0000000000000e90
Event: 183.305 Thread 0x00000195bf157800 DEOPT UNPACKING pc=0x00000195a47778af sp=0x000000723a6fe980 mode 2
Event: 183.305 Thread 0x00000195bf152800 Uncommon trap: reason=profile_predicate action=maybe_recompile pc=0x00000195ac29ebf0 method=com.android.tools.r8.graph.o0.a(Lcom/android/tools/r8/graph/o0;)I @ 45 c2
Event: 183.305 Thread 0x00000195bf157800 Uncommon trap: trap_request=0xffffffbe fr.pc=0x00000195ac29ebf0 relative=0x0000000000000e90
Event: 183.305 Thread 0x00000195bf152800 DEOPT PACKING pc=0x00000195ac29ebf0 sp=0x000000723a3fed90
Event: 183.305 Thread 0x00000195bf157800 Uncommon trap: reason=profile_predicate action=maybe_recompile pc=0x00000195ac29ebf0 method=com.android.tools.r8.graph.o0.a(Lcom/android/tools/r8/graph/o0;)I @ 45 c2
Event: 183.305 Thread 0x00000195bf152800 DEOPT UNPACKING pc=0x00000195a47778af sp=0x000000723a3febf0 mode 2
Event: 183.305 Thread 0x00000195bf157800 DEOPT PACKING pc=0x00000195ac29ebf0 sp=0x000000723a6feb20
Event: 183.305 Thread 0x00000195bf152800 Uncommon trap: trap_request=0xffffffbe fr.pc=0x00000195ac29ebf0 relative=0x0000000000000e90
Event: 183.305 Thread 0x00000195bf152800 Uncommon trap: reason=profile_predicate action=maybe_recompile pc=0x00000195ac29ebf0 method=com.android.tools.r8.graph.o0.a(Lcom/android/tools/r8/graph/o0;)I @ 45 c2
Event: 183.305 Thread 0x00000195bf157800 DEOPT UNPACKING pc=0x00000195a47778af sp=0x000000723a6fe980 mode 2
Event: 183.305 Thread 0x00000195bf152800 DEOPT PACKING pc=0x00000195ac29ebf0 sp=0x000000723a3fedb0
Event: 183.306 Thread 0x00000195bf152800 DEOPT UNPACKING pc=0x00000195a47778af sp=0x000000723a3fec10 mode 2
Event: 183.306 Thread 0x00000195bf14e800 Uncommon trap: reason=profile_predicate action=maybe_recompile pc=0x00000195ac29ebf0 method=com.android.tools.r8.graph.o0.a(Lcom/android/tools/r8/graph/o0;)I @ 45 c2
Event: 183.306 Thread 0x00000195bf14e800 DEOPT PACKING pc=0x00000195ac29ebf0 sp=0x000000723a4fe740
Event: 183.306 Thread 0x00000195bf14e800 DEOPT UNPACKING pc=0x00000195a47778af sp=0x000000723a4fe5a0 mode 2

Classes redefined (0 events):
No events

Internal exceptions (20 events):
Event: 182.273 Thread 0x00000195c11e5000 Implicit null exception at 0x00000195acbf6e55 to 0x00000195acbfc77c
Event: 182.273 Thread 0x00000195c11e5000 Implicit null exception at 0x00000195acbf6e55 to 0x00000195acbfc77c
Event: 182.273 Thread 0x00000195c11e5000 Implicit null exception at 0x00000195acbf6e55 to 0x00000195acbfc77c
Event: 182.420 Thread 0x00000195c11e5000 Exception <a 'java/lang/NoSuchMethodError'{0x000000008defe740}: <clinit>> (0x000000008defe740) thrown at [./src/hotspot/share/prims/jni.cpp, line 1362]
Event: 182.423 Thread 0x00000195c11e5000 Exception <a 'java/lang/NoSuchMethodError'{0x000000008dd3ad68}: <clinit>> (0x000000008dd3ad68) thrown at [./src/hotspot/share/prims/jni.cpp, line 1362]
Event: 182.424 Thread 0x00000195c11e5000 Exception <a 'java/lang/NoSuchMethodError'{0x000000008dd3e060}: <clinit>> (0x000000008dd3e060) thrown at [./src/hotspot/share/prims/jni.cpp, line 1362]
Event: 182.426 Thread 0x00000195c11e5000 Exception <a 'java/lang/NoSuchMethodError'{0x000000008dd72288}: <clinit>> (0x000000008dd72288) thrown at [./src/hotspot/share/prims/jni.cpp, line 1362]
Event: 182.431 Thread 0x00000195c72a8000 Exception <a 'sun/nio/fs/WindowsException'{0x000000008f236128}> (0x000000008f236128) thrown at [./src/hotspot/share/prims/jni.cpp, line 615]
Event: 182.431 Thread 0x00000195bf150000 Exception <a 'sun/nio/fs/WindowsException'{0x000000008ec74090}> (0x000000008ec74090) thrown at [./src/hotspot/share/prims/jni.cpp, line 615]
Event: 182.431 Thread 0x00000195c72a9000 Exception <a 'sun/nio/fs/WindowsException'{0x000000008f25b770}> (0x000000008f25b770) thrown at [./src/hotspot/share/prims/jni.cpp, line 615]
Event: 182.431 Thread 0x00000195c72a1800 Exception <a 'sun/nio/fs/WindowsException'{0x000000008f23e370}> (0x000000008f23e370) thrown at [./src/hotspot/share/prims/jni.cpp, line 615]
Event: 182.431 Thread 0x00000195c72ad000 Exception <a 'sun/nio/fs/WindowsException'{0x000000008ddcad28}> (0x000000008ddcad28) thrown at [./src/hotspot/share/prims/jni.cpp, line 615]
Event: 182.527 Thread 0x00000195c72a9800 Exception <a 'sun/nio/fs/WindowsException'{0x000000008dafb778}> (0x000000008dafb778) thrown at [./src/hotspot/share/prims/jni.cpp, line 615]
Event: 182.970 Thread 0x00000195bf159000 Exception <a 'java/lang/NoSuchMethodError'{0x000000008c2b35d0}: 'java.lang.Object java.lang.invoke.DirectMethodHandle$Holder.newInvokeSpecial(java.lang.Object, int)'> (0x000000008c2b35d0) thrown at [./src/hotspot/share/interpreter/linkResolver.cpp, line 773]
Event: 183.004 Thread 0x00000195bf150000 Exception <a 'sun/nio/fs/WindowsException'{0x000000008ff81dd0}> (0x000000008ff81dd0) thrown at [./src/hotspot/share/prims/jni.cpp, line 615]
Event: 183.046 Thread 0x00000195bf152800 Exception <a 'java/lang/NoSuchMethodError'{0x000000008fc1cde0}: 'long java.lang.invoke.DirectMethodHandle$Holder.invokeStatic(java.lang.Object, java.lang.Object)'> (0x000000008fc1cde0) thrown at [./src/hotspot/share/interpreter/linkResolver.cpp, line 773]
Event: 183.046 Thread 0x00000195bf151800 Exception <a 'java/lang/NoSuchMethodError'{0x000000008fc1f9d8}: 'long java.lang.invoke.DirectMethodHandle$Holder.invokeStatic(java.lang.Object, java.lang.Object)'> (0x000000008fc1f9d8) thrown at [./src/hotspot/share/interpreter/linkResolver.cpp, line 773]
Event: 183.046 Thread 0x00000195bf152800 Exception <a 'java/lang/NoSuchMethodError'{0x000000008fc22868}: 'long java.lang.invoke.DirectMethodHandle$Holder.invokeStaticInit(java.lang.Object, java.lang.Object)'> (0x000000008fc22868) thrown at [./src/hotspot/share/interpreter/linkResolver.cpp, line 773]
Event: 183.046 Thread 0x00000195bf151800 Exception <a 'java/lang/NoSuchMethodError'{0x000000008fc276c0}: 'long java.lang.invoke.DirectMethodHandle$Holder.invokeStaticInit(java.lang.Object, java.lang.Object)'> (0x000000008fc276c0) thrown at [./src/hotspot/share/interpreter/linkResolver.cpp, line 773]
Event: 183.441 Thread 0x00000195c72a9000 Exception <a 'sun/nio/fs/WindowsException'{0x000000009189b188}> (0x000000009189b188) thrown at [./src/hotspot/share/prims/jni.cpp, line 615]

Events (20 events):
Event: 183.114 loading class com/android/tools/r8/s/a/a/a/s$a
Event: 183.114 loading class com/android/tools/r8/s/a/a/a/s$a done
Event: 183.115 loading class com/android/tools/r8/w/a/a/a/h/h0
Event: 183.115 loading class com/android/tools/r8/w/a/a/a/h/h0 done
Event: 183.115 loading class com/android/tools/r8/graph/v1
Event: 183.115 loading class com/android/tools/r8/graph/v1 done
Event: 183.115 loading class com/android/tools/r8/graph/v1
Event: 183.115 loading class com/android/tools/r8/graph/v1 done
Event: 183.115 loading class com/android/tools/r8/graph/v1
Event: 183.115 loading class com/android/tools/r8/graph/v1 done
Event: 183.115 loading class com/android/tools/r8/w/a/a/a/h/f0$d
Event: 183.115 loading class com/android/tools/r8/w/a/a/a/h/f0$d done
Event: 183.115 loading class com/android/tools/r8/w/a/a/a/h/g0
Event: 183.115 loading class com/android/tools/r8/w/a/a/a/h/g0 done
Event: 183.116 loading class com/android/tools/r8/v/a/t/i
Event: 183.116 loading class com/android/tools/r8/v/a/t/i done
Event: 183.227 loading class com/android/tools/r8/graph/t0$a
Event: 183.227 loading class com/android/tools/r8/graph/t0$a done
Event: 183.318 Executing VM operation: G1CollectForAllocation
Event: 183.345 Executing VM operation: G1CollectForAllocation done


Dynamic libraries:
0x00007ff689df0000 - 0x00007ff689dfa000 	C:\Program Files\Android\Android Studio\jre\bin\java.exe
0x00007ff9bf340000 - 0x00007ff9bf530000 	C:\WINDOWS\SYSTEM32\ntdll.dll
0x00007ff9bed80000 - 0x00007ff9bee32000 	C:\WINDOWS\System32\KERNEL32.DLL
0x00007ff9bcb50000 - 0x00007ff9bcdf4000 	C:\WINDOWS\System32\KERNELBASE.dll
0x00007ff9bc2d0000 - 0x00007ff9bc3ca000 	C:\WINDOWS\System32\ucrtbase.dll
0x00007ff9ab8c0000 - 0x00007ff9ab8d9000 	C:\Program Files\Android\Android Studio\jre\bin\jli.dll
0x00007ff9b72a0000 - 0x00007ff9b72b7000 	C:\Program Files\Android\Android Studio\jre\bin\VCRUNTIME140.dll
0x00007ff9bddc0000 - 0x00007ff9bdf54000 	C:\WINDOWS\System32\USER32.dll
0x00007ff9bcf50000 - 0x00007ff9bcf71000 	C:\WINDOWS\System32\win32u.dll
0x00007ff9a9820000 - 0x00007ff9a9aa4000 	C:\WINDOWS\WinSxS\amd64_microsoft.windows.common-controls_6595b64144ccf1df_6.0.18362.836_none_e6c4b943130f18ed\COMCTL32.dll
0x00007ff9bdd90000 - 0x00007ff9bddb6000 	C:\WINDOWS\System32\GDI32.dll
0x00007ff9be650000 - 0x00007ff9be6ee000 	C:\WINDOWS\System32\msvcrt.dll
0x00007ff9bcfb0000 - 0x00007ff9bd144000 	C:\WINDOWS\System32\gdi32full.dll
0x00007ff9bd2f0000 - 0x00007ff9bd38e000 	C:\WINDOWS\System32\msvcp_win.dll
0x00007ff9bef10000 - 0x00007ff9bf246000 	C:\WINDOWS\System32\combase.dll
0x00007ff9bec60000 - 0x00007ff9bed80000 	C:\WINDOWS\System32\RPCRT4.dll
0x00007ff9bced0000 - 0x00007ff9bcf50000 	C:\WINDOWS\System32\bcryptPrimitives.dll
0x00007ff9bdd60000 - 0x00007ff9bdd8e000 	C:\WINDOWS\System32\IMM32.DLL
0x00007ff992dd0000 - 0x00007ff992e6d000 	C:\Program Files\Android\Android Studio\jre\bin\msvcp140.dll
0x00007ff95e140000 - 0x00007ff95ec0f000 	C:\Program Files\Android\Android Studio\jre\bin\server\jvm.dll
0x00007ff9be5a0000 - 0x00007ff9be643000 	C:\WINDOWS\System32\ADVAPI32.dll
0x00007ff9bdfc0000 - 0x00007ff9be057000 	C:\WINDOWS\System32\sechost.dll
0x00007ff9bebe0000 - 0x00007ff9bebe8000 	C:\WINDOWS\System32\PSAPI.DLL
0x00007ff9a7e90000 - 0x00007ff9a7e99000 	C:\WINDOWS\SYSTEM32\WSOCK32.dll
0x00007ff9b9d30000 - 0x00007ff9b9d54000 	C:\WINDOWS\SYSTEM32\WINMM.dll
0x00007ff9b5310000 - 0x00007ff9b531a000 	C:\WINDOWS\SYSTEM32\VERSION.dll
0x00007ff9be4d0000 - 0x00007ff9be53f000 	C:\WINDOWS\System32\WS2_32.dll
0x00007ff9b9d00000 - 0x00007ff9b9d2d000 	C:\WINDOWS\SYSTEM32\winmmbase.dll
0x00007ff9bd2a0000 - 0x00007ff9bd2ea000 	C:\WINDOWS\System32\cfgmgr32.dll
0x00007ff9bc2b0000 - 0x00007ff9bc2c1000 	C:\WINDOWS\System32\kernel.appcore.dll
0x00007ff9b73d0000 - 0x00007ff9b73e1000 	C:\Program Files\Android\Android Studio\jre\bin\verify.dll
0x00007ff9bab40000 - 0x00007ff9bad34000 	C:\WINDOWS\SYSTEM32\DBGHELP.DLL
0x00007ff9a7960000 - 0x00007ff9a798a000 	C:\WINDOWS\SYSTEM32\dbgcore.DLL
0x00007ff9b33b0000 - 0x00007ff9b33d9000 	C:\Program Files\Android\Android Studio\jre\bin\java.dll
0x00007ff9b8550000 - 0x00007ff9b855b000 	C:\Program Files\Android\Android Studio\jre\bin\jimage.dll
0x00007ff9a41f0000 - 0x00007ff9a4208000 	C:\Program Files\Android\Android Studio\jre\bin\zip.dll
0x00007ff9bd4a0000 - 0x00007ff9bdb84000 	C:\WINDOWS\System32\SHELL32.dll
0x00007ff9bf250000 - 0x00007ff9bf2f9000 	C:\WINDOWS\System32\shcore.dll
0x00007ff9bc3d0000 - 0x00007ff9bcb4e000 	C:\WINDOWS\System32\windows.storage.dll
0x00007ff9bc210000 - 0x00007ff9bc233000 	C:\WINDOWS\System32\profapi.dll
0x00007ff9bc240000 - 0x00007ff9bc28a000 	C:\WINDOWS\System32\powrprof.dll
0x00007ff9bc200000 - 0x00007ff9bc210000 	C:\WINDOWS\System32\UMPDC.dll
0x00007ff9be540000 - 0x00007ff9be592000 	C:\WINDOWS\System32\shlwapi.dll
0x00007ff9bceb0000 - 0x00007ff9bcec7000 	C:\WINDOWS\System32\cryptsp.dll
0x00007ff999670000 - 0x00007ff99968a000 	C:\Program Files\Android\Android Studio\jre\bin\net.dll
0x00007ff9ace20000 - 0x00007ff9acf10000 	C:\WINDOWS\SYSTEM32\WINHTTP.dll
0x00007ff9bba70000 - 0x00007ff9bbad7000 	C:\WINDOWS\system32\mswsock.dll
0x00007ff999650000 - 0x00007ff999664000 	C:\Program Files\Android\Android Studio\jre\bin\nio.dll
0x00007ff9ad230000 - 0x00007ff9ad257000 	C:\Users\hp\.gradle\native\fdc75f09e3144964f2cf3f50f0aa648679c211496f362492102eb8c894070792\windows-amd64\native-platform.dll
0x00007ff9612b0000 - 0x00007ff961446000 	C:\Users\hp\.gradle\native\12488b8bf47d2d4c9fbf2f6322a914ad602e24e48041cd04a747c6da556b65c4\windows-amd64\native-platform-file-events.dll
0x00007ff9b33a0000 - 0x00007ff9b33aa000 	C:\Program Files\Android\Android Studio\jre\bin\management.dll
0x00007ff9a8d80000 - 0x00007ff9a8d8c000 	C:\Program Files\Android\Android Studio\jre\bin\management_ext.dll
0x00007ff9bb580000 - 0x00007ff9bb5b3000 	C:\WINDOWS\system32\rsaenh.dll
0x00007ff9bcf80000 - 0x00007ff9bcfa6000 	C:\WINDOWS\System32\bcrypt.dll
0x00007ff9bc0f0000 - 0x00007ff9bc115000 	C:\WINDOWS\SYSTEM32\USERENV.dll
0x00007ff9bbc40000 - 0x00007ff9bbc4c000 	C:\WINDOWS\SYSTEM32\CRYPTBASE.dll
0x00007ff9bb720000 - 0x00007ff9bb75a000 	C:\WINDOWS\SYSTEM32\IPHLPAPI.DLL
0x00007ff9bea20000 - 0x00007ff9bea28000 	C:\WINDOWS\System32\NSI.dll
0x00007ff9b35a0000 - 0x00007ff9b35b6000 	C:\WINDOWS\SYSTEM32\dhcpcsvc6.DLL
0x00007ff9b3d80000 - 0x00007ff9b3d9c000 	C:\WINDOWS\SYSTEM32\dhcpcsvc.DLL
0x00007ff9bb760000 - 0x00007ff9bb82b000 	C:\WINDOWS\SYSTEM32\DNSAPI.dll
0x00007ff9b5300000 - 0x00007ff9b530b000 	C:\WINDOWS\SYSTEM32\WINNSI.DLL
0x00007ff9bb260000 - 0x00007ff9bb291000 	C:\WINDOWS\SYSTEM32\ntmarta.dll

dbghelp: loaded successfully - version: 4.0.5 - missing functions: none
symbol engine: initialized successfully - sym options: 0x614 - pdb path: .;C:\Program Files\Android\Android Studio\jre\bin;C:\WINDOWS\SYSTEM32;C:\WINDOWS\WinSxS\amd64_microsoft.windows.common-controls_6595b64144ccf1df_6.0.18362.836_none_e6c4b943130f18ed;C:\Program Files\Android\Android Studio\jre\bin\server;C:\Users\hp\.gradle\native\fdc75f09e3144964f2cf3f50f0aa648679c211496f362492102eb8c894070792\windows-amd64;C:\Users\hp\.gradle\native\12488b8bf47d2d4c9fbf2f6322a914ad602e24e48041cd04a747c6da556b65c4\windows-amd64

VM Arguments:
jvm_args: --add-opens=java.base/java.util=ALL-UNNAMED --add-opens=java.base/java.lang=ALL-UNNAMED --add-opens=java.base/java.lang.invoke=ALL-UNNAMED --add-opens=java.prefs/java.util.prefs=ALL-UNNAMED -Xmx2048m -Dfile.encoding=UTF-8 -Duser.country=US -Duser.language=en -Duser.variant 
java_command: org.gradle.launcher.daemon.bootstrap.GradleDaemon 6.7.1
java_class_path (initial): C:\Users\hp\.gradle\wrapper\dists\gradle-6.7.1-bin\bwlcbys1h7rz3272sye1xwiv6\gradle-6.7.1\lib\gradle-launcher-6.7.1.jar
Launcher Type: SUN_STANDARD

[Global flags]
     intx CICompilerCount                          = 4                                         {product} {ergonomic}
     uint ConcGCThreads                            = 2                                         {product} {ergonomic}
     uint G1ConcRefinementThreads                  = 8                                         {product} {ergonomic}
   size_t G1HeapRegionSize                         = 1048576                                   {product} {ergonomic}
    uintx GCDrainStackTargetSize                   = 64                                        {product} {ergonomic}
   size_t InitialHeapSize                          = 268435456                                 {product} {ergonomic}
   size_t MarkStackSize                            = 4194304                                   {product} {ergonomic}
   size_t MaxHeapSize                              = 2147483648                                {product} {command line}
   size_t MaxNewSize                               = 1287651328                                {product} {ergonomic}
   size_t MinHeapDeltaBytes                        = 1048576                                   {product} {ergonomic}
    uintx NonNMethodCodeHeapSize                   = 5836300                                {pd product} {ergonomic}
    uintx NonProfiledCodeHeapSize                  = 122910970                              {pd product} {ergonomic}
    uintx ProfiledCodeHeapSize                     = 122910970                              {pd product} {ergonomic}
    uintx ReservedCodeCacheSize                    = 251658240                              {pd product} {ergonomic}
     bool SegmentedCodeCache                       = true                                      {product} {ergonomic}
     bool UseCompressedClassPointers               = true                                 {lp64_product} {ergonomic}
     bool UseCompressedOops                        = true                                 {lp64_product} {ergonomic}
     bool UseG1GC                                  = true                                      {product} {ergonomic}
     bool UseLargePagesIndividualAllocation        = false                                  {pd product} {ergonomic}

Logging:
Log output configuration:
 #0: stdout all=warning uptime,level,tags
 #1: stderr all=off uptime,level,tags

Environment Variables:
JAVA_HOME=C:\Program Files\Java\jre1.8.0_212
PATH=C:\Program Files (x86)\Common Files\Oracle\Java\javapath;C:\WINDOWS\system32;C:\WINDOWS;C:\WINDOWS\System32\Wbem;C:\WINDOWS\System32\WindowsPowerShell\v1.0\;C:\WINDOWS\System32\OpenSSH\;C:\Program Files\Git\cmd;C:\Program Files\NVIDIA Corporation\NVIDIA NvDLISR;C:\Users\hp\AppData\Local\Microsoft\WindowsApps;D:\Program Files\Microsoft VS Code\bin;D:\Program Files\JetBrains\PyCharm 2019.1.3\bin;C:\adb;C:\WINDOWS\system32;C:\WINDOWS;C:\WINDOWS\System32\Wbem;C:\WINDOWS\System32\WindowsPowerShell\v1.0\;C:\WINDOWS\System32\OpenSSH\;C:\Program Files (x86)\NVIDIA Corporation\PhysX\Common;C:\Users\hp\AppData\Local\Microsoft\WindowsApps;;D:\Program Files\Microsoft VS Code\bin;D:\Program Files\JetBrains\PyCharm 2019.1.3\bin;
USERNAME=hp
OS=Windows_NT
PROCESSOR_IDENTIFIER=Intel64 Family 6 Model 158 Stepping 9, GenuineIntel



---------------  S Y S T E M  ---------------

OS: Windows 10 , 64 bit Build 18362 (10.0.18362.778)
OS uptime: 10 days 23:32 hours

CPU:total 8 (initial active 8) (4 cores per cpu, 2 threads per core) family 6 model 158 stepping 9 microcode 0xb4, cmov, cx8, fxsr, mmx, sse, sse2, sse3, ssse3, sse4.1, sse4.2, popcnt, avx, avx2, aes, clmul, erms, 3dnowpref, lzcnt, ht, tsc, tscinvbit, bmi1, bmi2, adx, fma

Memory: 4k page, system-wide physical 16267M (902M free)
TotalPageFile size 31347M (AvailPageFile size 56M)
current process WorkingSet (physical memory assigned to process): 677M, peak: 679M
current process commit charge ("private bytes"): 722M, peak: 725M

vm_info: OpenJDK 64-Bit Server VM (11.0.10+0-b96-7249189) for windows-amd64 JRE (11.0.10+0-b96-7249189), built on Mar 31 2021 21:44:00 by "builder" with MS VC++ 14.0 (VS2015)

END.
