#
# There is insufficient memory for the Java Runtime Environment to continue.
# Native memory allocation (mmap) failed to map 97517568 bytes for Failed to commit area from 0x0000000098900000 to 0x000000009e600000 of length 97517568.
# Possible reasons:
#   The system is out of physical RAM or swap space
#   The process is running with CompressedOops enabled, and the Java Heap may be blocking the growth of the native heap
# Possible solutions:
#   Reduce memory load on the system
#   Increase physical memory or swap space
#   Check if swap backing store is full
#   Decrease Java heap size (-Xmx/-Xms)
#   Decrease number of Java threads
#   Decrease Java thread stack sizes (-Xss)
#   Set larger code cache with -XX:ReservedCodeCacheSize=
#   JVM is running with Unscaled Compressed Oops mode in which the Java heap is
#     placed in the first 4GB address space. The Java Heap base address is the
#     maximum limit for the native heap growth. Please use -XX:HeapBaseMinAddress
#     to set the Java Heap base and to place the Java Heap above 4GB virtual address.
# This output file may be truncated or incomplete.
#
#  Out of Memory Error (./src/hotspot/os/windows/os_windows.cpp:3301), pid=9724, tid=20372
#
# JRE version: OpenJDK Runtime Environment (11.0.10) (build 11.0.10+0-b96-7249189)
# Java VM: OpenJDK 64-Bit Server VM (11.0.10+0-b96-7249189, mixed mode, tiered, compressed oops, g1 gc, windows-amd64)
# No core dump will be written. Minidumps are not enabled by default on client versions of Windows
#

---------------  S U M M A R Y ------------

Command Line: --add-opens=java.base/java.util=ALL-UNNAMED --add-opens=java.base/java.lang=ALL-UNNAMED --add-opens=java.base/java.lang.invoke=ALL-UNNAMED --add-opens=java.prefs/java.util.prefs=ALL-UNNAMED -Xmx2048m -Dfile.encoding=UTF-8 -Duser.country=US -Duser.language=en -Duser.variant org.gradle.launcher.daemon.bootstrap.GradleDaemon 6.7.1

Host: Intel(R) Core(TM) i7-7700HQ CPU @ 2.80GHz, 8 cores, 15G,  Windows 10 , 64 bit Build 18362 (10.0.18362.778)
Time: Mon Jan  3 16:43:15 2022 Pakistan Standard Time elapsed time: 88.767187 seconds (0d 0h 1m 28s)

---------------  T H R E A D  ---------------

Current thread (0x000001f1bff7e000):  VMThread "VM Thread" [stack: 0x0000006c89100000,0x0000006c89200000] [id=20372]

Stack: [0x0000006c89100000,0x0000006c89200000]
[error occurred during error reporting (printing stack bounds), id 0xc0000005, EXCEPTION_ACCESS_VIOLATION (0xc0000005) at pc=0x000001f1a8d40f2d]

Native frames: (J=compiled Java code, j=interpreted, Vv=VM code, C=native code)
V  [jvm.dll+0x5ecfaa]
V  [jvm.dll+0x722bd5]
V  [jvm.dll+0x72412d]
V  [jvm.dll+0x724745]
V  [jvm.dll+0x7246fb]
V  [jvm.dll+0x5ec348]
V  [jvm.dll+0x5ecad8]
C  [ntdll.dll+0xa11cf]
C  [ntdll.dll+0x6a209]
C  [ntdll.dll+0x9fe3e]
C  0x000001f1a8d40f2d

VM_Operation (0x0000006c957fe210): G1CollectForAllocation, mode: safepoint, requested by thread 0x000001f1c6ca9000


---------------  P R O C E S S  ---------------

Threads class SMR info:
_java_thread_list=0x000001f1cd84ce40, length=187, elements={
0x000001f1a526a800, 0x000001f1bff81000, 0x000001f1bff8a800, 0x000001f1bf6e2800,
0x000001f1bf6e6800, 0x000001f1bf6e9000, 0x000001f1bf6ec000, 0x000001f1bf6ed000,
0x000001f1bf6ee000, 0x000001f1c0135000, 0x000001f1c0ce3800, 0x000001f1c1b4b000,
0x000001f1c1b55800, 0x000001f1c02a5000, 0x000001f1c189d800, 0x000001f1c1893800,
0x000001f1c189a000, 0x000001f1c1896800, 0x000001f1c1ebf800, 0x000001f1c1ec4800,
0x000001f1c1ec1000, 0x000001f1c1ec8800, 0x000001f1c1ec9800, 0x000001f1c1ec6000,
0x000001f1c1ecc800, 0x000001f1c1ecd800, 0x000001f1c3ee3000, 0x000001f1c3ee0800,
0x000001f1c3ee3800, 0x000001f1c3ee4800, 0x000001f1c3ee1800, 0x000001f1c3ee5800,
0x000001f1c3edf800, 0x000001f1c3ee7000, 0x000001f1c3ee6000, 0x000001f1c3ee8000,
0x000001f1c3ee2000, 0x000001f1c3eec800, 0x000001f1c3eea000, 0x000001f1c3eeb000,
0x000001f1c3eec000, 0x000001f1c3eed800, 0x000001f1c3eee800, 0x000001f1c3ee8800,
0x000001f1c3ee9800, 0x000001f1c42df800, 0x000001f1c42df000, 0x000001f1c42e0800,
0x000001f1c42e1000, 0x000001f1c42e3000, 0x000001f1c42e2000, 0x000001f1c42dd000,
0x000001f1c42e3800, 0x000001f1c42de000, 0x000001f1c42e6000, 0x000001f1c42e8000,
0x000001f1c42e8800, 0x000001f1c42e9800, 0x000001f1c42ea000, 0x000001f1c42e4800,
0x000001f1c42eb000, 0x000001f1c42e5800, 0x000001f1c42ec000, 0x000001f1c42e7000,
0x000001f1c44b5800, 0x000001f1c44b9800, 0x000001f1c44b3800, 0x000001f1c44b8000,
0x000001f1c44b4800, 0x000001f1c44ba800, 0x000001f1c44b8800, 0x000001f1c44b6000,
0x000001f1c44bb000, 0x000001f1c44bc000, 0x000001f1c44bc800, 0x000001f1c44b7000,
0x000001f1c44c1800, 0x000001f1c44c0000, 0x000001f1c44be800, 0x000001f1c44c1000,
0x000001f1c44c2800, 0x000001f1c44bd800, 0x000001f1c44bf000, 0x000001f1c440c800,
0x000001f1c4407800, 0x000001f1c4408800, 0x000001f1c4409800, 0x000001f1c440b000,
0x000001f1c440d800, 0x000001f1c440f000, 0x000001f1c440e000, 0x000001f1c4410000,
0x000001f1c440a000, 0x000001f1c4410800, 0x000001f1c4411800, 0x000001f1c440b800,
0x000001f1c4414000, 0x000001f1c4414800, 0x000001f1c4412800, 0x000001f1c4413000,
0x000001f1c4415800, 0x000001f1c4416800, 0x000001f1c4231800, 0x000001f1c4235000,
0x000001f1c4230000, 0x000001f1c4231000, 0x000001f1c4232800, 0x000001f1c4234000,
0x000001f1c4233800, 0x000001f1c422f800, 0x000001f1c4236800, 0x000001f1c4236000,
0x000001f1c4238000, 0x000001f1c423a000, 0x000001f1c423d000, 0x000001f1c423b800,
0x000001f1c423c800, 0x000001f1c423a800, 0x000001f1c4237800, 0x000001f1c423e000,
0x000001f1c4239000, 0x000001f1c4261000, 0x000001f1c4261800, 0x000001f1c4263800,
0x000001f1c425f800, 0x000001f1c4264000, 0x000001f1c4266000, 0x000001f1c4265000,
0x000001f1c4260000, 0x000001f1c4267800, 0x000001f1c4266800, 0x000001f1c4268800,
0x000001f1c4262800, 0x000001f1c426b800, 0x000001f1c426d000, 0x000001f1c426a000,
0x000001f1c426e000, 0x000001f1c4269000, 0x000001f1c426a800, 0x000001f1c248c000,
0x000001f1c1ec3800, 0x000001f1c1ebe800, 0x000001f1c1ec5000, 0x000001f1c1ec0800,
0x000001f1c1ec7800, 0x000001f1c1eca000, 0x000001f1c1ec7000, 0x000001f1c1ecb000,
0x000001f1c1ecb800, 0x000001f1c2488800, 0x000001f1c2486800, 0x000001f1c248d000,
0x000001f1c2489800, 0x000001f1c2487000, 0x000001f1c2488000, 0x000001f1c248a800,
0x000001f1c248b000, 0x000001f1c1895000, 0x000001f1c1894000, 0x000001f1c1896000,
0x000001f1c1898800, 0x000001f1c1899000, 0x000001f1c3e95800, 0x000001f1c3e94000,
0x000001f1c3e96800, 0x000001f1c3e9a800, 0x000001f1c3e95000, 0x000001f1c3e98000,
0x000001f1c3e99000, 0x000001f1c3e9d000, 0x000001f1c3e97800, 0x000001f1c3e9e800,
0x000001f1c3ea0800, 0x000001f1c3ea2000, 0x000001f1caefe800, 0x000001f1c6cad800,
0x000001f1c6ca9000, 0x000001f1c6cab800, 0x000001f1c6ca7800, 0x000001f1c6cac800,
0x000001f1c6cae000, 0x000001f1c6caa000, 0x000001f1c6ca8800, 0x000001f1c48cc000,
0x000001f1c6caf000, 0x000001f1c6cb0000, 0x000001f1c6cb0800
}

Java Threads: ( => current thread )
  0x000001f1a526a800 JavaThread "main" [_thread_blocked, id=15428, stack(0x0000006c88b00000,0x0000006c88c00000)]
  0x000001f1bff81000 JavaThread "Reference Handler" daemon [_thread_blocked, id=18788, stack(0x0000006c89200000,0x0000006c89300000)]
  0x000001f1bff8a800 JavaThread "Finalizer" daemon [_thread_blocked, id=21468, stack(0x0000006c89300000,0x0000006c89400000)]
  0x000001f1bf6e2800 JavaThread "Signal Dispatcher" daemon [_thread_blocked, id=27044, stack(0x0000006c89400000,0x0000006c89500000)]
  0x000001f1bf6e6800 JavaThread "Attach Listener" daemon [_thread_blocked, id=1632, stack(0x0000006c89500000,0x0000006c89600000)]
  0x000001f1bf6e9000 JavaThread "Service Thread" daemon [_thread_blocked, id=15244, stack(0x0000006c89600000,0x0000006c89700000)]
  0x000001f1bf6ec000 JavaThread "C2 CompilerThread0" daemon [_thread_blocked, id=22324, stack(0x0000006c89700000,0x0000006c89800000)]
  0x000001f1bf6ed000 JavaThread "C1 CompilerThread0" daemon [_thread_blocked, id=19656, stack(0x0000006c89800000,0x0000006c89900000)]
  0x000001f1bf6ee000 JavaThread "Sweeper thread" daemon [_thread_blocked, id=10492, stack(0x0000006c89900000,0x0000006c89a00000)]
  0x000001f1c0135000 JavaThread "Common-Cleaner" daemon [_thread_blocked, id=24776, stack(0x0000006c89a00000,0x0000006c89b00000)]
  0x000001f1c0ce3800 JavaThread "Daemon health stats" [_thread_blocked, id=25032, stack(0x0000006c8a100000,0x0000006c8a200000)]
  0x000001f1c1b4b000 JavaThread "Incoming local TCP Connector on port 60345" [_thread_in_native, id=18228, stack(0x0000006c8a400000,0x0000006c8a500000)]
  0x000001f1c1b55800 JavaThread "Daemon periodic checks" [_thread_blocked, id=12616, stack(0x0000006c8a500000,0x0000006c8a600000)]
  0x000001f1c02a5000 JavaThread "Daemon" [_thread_blocked, id=9124, stack(0x0000006c8a600000,0x0000006c8a700000)]
  0x000001f1c189d800 JavaThread "Daemon worker" [_thread_blocked, id=23096, stack(0x0000006c8a900000,0x0000006c8aa00000)]
  0x000001f1c1893800 JavaThread "Cache worker for file hash cache (C:\Users\hp\.gradle\caches\6.7.1\fileHashes)" [_thread_blocked, id=18408, stack(0x0000006c8ad00000,0x0000006c8ae00000)]
  0x000001f1c189a000 JavaThread "File lock request listener" [_thread_in_native, id=20180, stack(0x0000006c8ae00000,0x0000006c8af00000)]
  0x000001f1c1896800 JavaThread "Cache worker for journal cache (C:\Users\hp\.gradle\caches\journal-1)" [_thread_blocked, id=5740, stack(0x0000006c8b200000,0x0000006c8b300000)]
  0x000001f1c1ebf800 JavaThread "Cache worker for execution history cache (C:\Users\hp\.gradle\caches\6.7.1\executionHistory)" [_thread_blocked, id=25864, stack(0x0000006c8b800000,0x0000006c8b900000)]
  0x000001f1c1ec4800 JavaThread "jar transforms" [_thread_blocked, id=9204, stack(0x0000006c8b900000,0x0000006c8ba00000)]
  0x000001f1c1ec1000 JavaThread "Cache worker for file content cache (C:\Users\hp\.gradle\caches\6.7.1\fileContent)" [_thread_blocked, id=12244, stack(0x0000006c8ba00000,0x0000006c8bb00000)]
  0x000001f1c1ec8800 JavaThread "jar transforms Thread 2" [_thread_blocked, id=9420, stack(0x0000006c8c400000,0x0000006c8c500000)]
  0x000001f1c1ec9800 JavaThread "jar transforms Thread 3" [_thread_blocked, id=10692, stack(0x0000006c8c500000,0x0000006c8c600000)]
  0x000001f1c1ec6000 JavaThread "jar transforms Thread 4" [_thread_blocked, id=19900, stack(0x0000006c8c600000,0x0000006c8c700000)]
  0x000001f1c1ecc800 JavaThread "jar transforms Thread 5" [_thread_blocked, id=12648, stack(0x0000006c8c700000,0x0000006c8c800000)]
  0x000001f1c1ecd800 JavaThread "jar transforms Thread 6" [_thread_blocked, id=100, stack(0x0000006c8c800000,0x0000006c8c900000)]
  0x000001f1c3ee3000 JavaThread "jar transforms Thread 7" [_thread_blocked, id=13488, stack(0x0000006c8c900000,0x0000006c8ca00000)]
  0x000001f1c3ee0800 JavaThread "jar transforms Thread 8" [_thread_blocked, id=26228, stack(0x0000006c8ca00000,0x0000006c8cb00000)]
  0x000001f1c3ee3800 JavaThread "jar transforms Thread 9" [_thread_blocked, id=27296, stack(0x0000006c8cb00000,0x0000006c8cc00000)]
  0x000001f1c3ee4800 JavaThread "jar transforms Thread 10" [_thread_blocked, id=25052, stack(0x0000006c8cc00000,0x0000006c8cd00000)]
  0x000001f1c3ee1800 JavaThread "jar transforms Thread 11" [_thread_blocked, id=22896, stack(0x0000006c8cd00000,0x0000006c8ce00000)]
  0x000001f1c3ee5800 JavaThread "jar transforms Thread 12" [_thread_blocked, id=10064, stack(0x0000006c8ce00000,0x0000006c8cf00000)]
  0x000001f1c3edf800 JavaThread "jar transforms Thread 13" [_thread_blocked, id=22404, stack(0x0000006c8cf00000,0x0000006c8d000000)]
  0x000001f1c3ee7000 JavaThread "jar transforms Thread 14" [_thread_blocked, id=25912, stack(0x0000006c8d000000,0x0000006c8d100000)]
  0x000001f1c3ee6000 JavaThread "jar transforms Thread 15" [_thread_blocked, id=25200, stack(0x0000006c8d100000,0x0000006c8d200000)]
  0x000001f1c3ee8000 JavaThread "jar transforms Thread 16" [_thread_blocked, id=5968, stack(0x0000006c8d200000,0x0000006c8d300000)]
  0x000001f1c3ee2000 JavaThread "jar transforms Thread 17" [_thread_blocked, id=22800, stack(0x0000006c8d300000,0x0000006c8d400000)]
  0x000001f1c3eec800 JavaThread "jar transforms Thread 18" [_thread_blocked, id=26120, stack(0x0000006c8d400000,0x0000006c8d500000)]
  0x000001f1c3eea000 JavaThread "jar transforms Thread 19" [_thread_blocked, id=23932, stack(0x0000006c8d500000,0x0000006c8d600000)]
  0x000001f1c3eeb000 JavaThread "jar transforms Thread 20" [_thread_blocked, id=12480, stack(0x0000006c8d600000,0x0000006c8d700000)]
  0x000001f1c3eec000 JavaThread "jar transforms Thread 21" [_thread_blocked, id=24968, stack(0x0000006c8d700000,0x0000006c8d800000)]
  0x000001f1c3eed800 JavaThread "jar transforms Thread 22" [_thread_blocked, id=25876, stack(0x0000006c8d800000,0x0000006c8d900000)]
  0x000001f1c3eee800 JavaThread "jar transforms Thread 23" [_thread_blocked, id=23224, stack(0x0000006c8d900000,0x0000006c8da00000)]
  0x000001f1c3ee8800 JavaThread "jar transforms Thread 24" [_thread_blocked, id=26404, stack(0x0000006c8da00000,0x0000006c8db00000)]
  0x000001f1c3ee9800 JavaThread "jar transforms Thread 25" [_thread_blocked, id=25284, stack(0x0000006c8db00000,0x0000006c8dc00000)]
  0x000001f1c42df800 JavaThread "jar transforms Thread 26" [_thread_blocked, id=15804, stack(0x0000006c8dc00000,0x0000006c8dd00000)]
  0x000001f1c42df000 JavaThread "jar transforms Thread 27" [_thread_blocked, id=22308, stack(0x0000006c8b700000,0x0000006c8b800000)]
  0x000001f1c42e0800 JavaThread "jar transforms Thread 28" [_thread_blocked, id=15728, stack(0x0000006c8dd00000,0x0000006c8de00000)]
  0x000001f1c42e1000 JavaThread "jar transforms Thread 29" [_thread_blocked, id=19744, stack(0x0000006c8de00000,0x0000006c8df00000)]
  0x000001f1c42e3000 JavaThread "jar transforms Thread 30" [_thread_blocked, id=22764, stack(0x0000006c8df00000,0x0000006c8e000000)]
  0x000001f1c42e2000 JavaThread "jar transforms Thread 31" [_thread_blocked, id=17440, stack(0x0000006c8e000000,0x0000006c8e100000)]
  0x000001f1c42dd000 JavaThread "jar transforms Thread 32" [_thread_blocked, id=26092, stack(0x0000006c8e100000,0x0000006c8e200000)]
  0x000001f1c42e3800 JavaThread "jar transforms Thread 33" [_thread_blocked, id=13932, stack(0x0000006c8e200000,0x0000006c8e300000)]
  0x000001f1c42de000 JavaThread "jar transforms Thread 34" [_thread_blocked, id=92, stack(0x0000006c8e300000,0x0000006c8e400000)]
  0x000001f1c42e6000 JavaThread "jar transforms Thread 35" [_thread_blocked, id=23556, stack(0x0000006c8e400000,0x0000006c8e500000)]
  0x000001f1c42e8000 JavaThread "jar transforms Thread 36" [_thread_blocked, id=11144, stack(0x0000006c8e500000,0x0000006c8e600000)]
  0x000001f1c42e8800 JavaThread "jar transforms Thread 37" [_thread_blocked, id=20988, stack(0x0000006c8e600000,0x0000006c8e700000)]
  0x000001f1c42e9800 JavaThread "jar transforms Thread 38" [_thread_blocked, id=22916, stack(0x0000006c8e700000,0x0000006c8e800000)]
  0x000001f1c42ea000 JavaThread "jar transforms Thread 39" [_thread_blocked, id=4200, stack(0x0000006c8e800000,0x0000006c8e900000)]
  0x000001f1c42e4800 JavaThread "jar transforms Thread 40" [_thread_blocked, id=22164, stack(0x0000006c8e900000,0x0000006c8ea00000)]
  0x000001f1c42eb000 JavaThread "jar transforms Thread 41" [_thread_blocked, id=11240, stack(0x0000006c8ea00000,0x0000006c8eb00000)]
  0x000001f1c42e5800 JavaThread "jar transforms Thread 42" [_thread_blocked, id=2228, stack(0x0000006c8eb00000,0x0000006c8ec00000)]
  0x000001f1c42ec000 JavaThread "jar transforms Thread 43" [_thread_blocked, id=25664, stack(0x0000006c8ec00000,0x0000006c8ed00000)]
  0x000001f1c42e7000 JavaThread "jar transforms Thread 44" [_thread_blocked, id=17584, stack(0x0000006c8ed00000,0x0000006c8ee00000)]
  0x000001f1c44b5800 JavaThread "jar transforms Thread 45" [_thread_blocked, id=17944, stack(0x0000006c8ee00000,0x0000006c8ef00000)]
  0x000001f1c44b9800 JavaThread "jar transforms Thread 46" [_thread_blocked, id=27340, stack(0x0000006c8ef00000,0x0000006c8f000000)]
  0x000001f1c44b3800 JavaThread "jar transforms Thread 47" [_thread_blocked, id=23676, stack(0x0000006c8f000000,0x0000006c8f100000)]
  0x000001f1c44b8000 JavaThread "jar transforms Thread 48" [_thread_blocked, id=24160, stack(0x0000006c8f100000,0x0000006c8f200000)]
  0x000001f1c44b4800 JavaThread "jar transforms Thread 49" [_thread_blocked, id=27060, stack(0x0000006c8f200000,0x0000006c8f300000)]
  0x000001f1c44ba800 JavaThread "jar transforms Thread 50" [_thread_blocked, id=1288, stack(0x0000006c8f300000,0x0000006c8f400000)]
  0x000001f1c44b8800 JavaThread "jar transforms Thread 51" [_thread_blocked, id=19680, stack(0x0000006c8f400000,0x0000006c8f500000)]
  0x000001f1c44b6000 JavaThread "jar transforms Thread 52" [_thread_blocked, id=26492, stack(0x0000006c8f500000,0x0000006c8f600000)]
  0x000001f1c44bb000 JavaThread "jar transforms Thread 53" [_thread_blocked, id=26512, stack(0x0000006c8f600000,0x0000006c8f700000)]
  0x000001f1c44bc000 JavaThread "jar transforms Thread 54" [_thread_blocked, id=15636, stack(0x0000006c8f700000,0x0000006c8f800000)]
  0x000001f1c44bc800 JavaThread "jar transforms Thread 55" [_thread_blocked, id=18248, stack(0x0000006c8f800000,0x0000006c8f900000)]
  0x000001f1c44b7000 JavaThread "jar transforms Thread 56" [_thread_blocked, id=20272, stack(0x0000006c8f900000,0x0000006c8fa00000)]
  0x000001f1c44c1800 JavaThread "jar transforms Thread 57" [_thread_blocked, id=23736, stack(0x0000006c8fa00000,0x0000006c8fb00000)]
  0x000001f1c44c0000 JavaThread "jar transforms Thread 58" [_thread_blocked, id=23416, stack(0x0000006c8fb00000,0x0000006c8fc00000)]
  0x000001f1c44be800 JavaThread "jar transforms Thread 59" [_thread_blocked, id=23460, stack(0x0000006c8fc00000,0x0000006c8fd00000)]
  0x000001f1c44c1000 JavaThread "jar transforms Thread 60" [_thread_blocked, id=21060, stack(0x0000006c8fd00000,0x0000006c8fe00000)]
  0x000001f1c44c2800 JavaThread "jar transforms Thread 61" [_thread_blocked, id=11548, stack(0x0000006c8fe00000,0x0000006c8ff00000)]
  0x000001f1c44bd800 JavaThread "jar transforms Thread 62" [_thread_blocked, id=22004, stack(0x0000006c8ff00000,0x0000006c90000000)]
  0x000001f1c44bf000 JavaThread "jar transforms Thread 63" [_thread_blocked, id=25132, stack(0x0000006c90000000,0x0000006c90100000)]
  0x000001f1c440c800 JavaThread "jar transforms Thread 64" [_thread_blocked, id=24244, stack(0x0000006c90100000,0x0000006c90200000)]
  0x000001f1c4407800 JavaThread "jar transforms Thread 65" [_thread_blocked, id=25596, stack(0x0000006c90200000,0x0000006c90300000)]
  0x000001f1c4408800 JavaThread "jar transforms Thread 66" [_thread_blocked, id=11620, stack(0x0000006c90300000,0x0000006c90400000)]
  0x000001f1c4409800 JavaThread "jar transforms Thread 67" [_thread_blocked, id=17976, stack(0x0000006c90400000,0x0000006c90500000)]
  0x000001f1c440b000 JavaThread "jar transforms Thread 68" [_thread_blocked, id=19988, stack(0x0000006c90500000,0x0000006c90600000)]
  0x000001f1c440d800 JavaThread "jar transforms Thread 69" [_thread_blocked, id=25532, stack(0x0000006c90600000,0x0000006c90700000)]
  0x000001f1c440f000 JavaThread "jar transforms Thread 70" [_thread_blocked, id=22532, stack(0x0000006c90700000,0x0000006c90800000)]
  0x000001f1c440e000 JavaThread "jar transforms Thread 71" [_thread_blocked, id=17912, stack(0x0000006c90800000,0x0000006c90900000)]
  0x000001f1c4410000 JavaThread "jar transforms Thread 72" [_thread_blocked, id=12532, stack(0x0000006c90900000,0x0000006c90a00000)]
  0x000001f1c440a000 JavaThread "jar transforms Thread 73" [_thread_blocked, id=12684, stack(0x0000006c90a00000,0x0000006c90b00000)]
  0x000001f1c4410800 JavaThread "jar transforms Thread 74" [_thread_blocked, id=24636, stack(0x0000006c90b00000,0x0000006c90c00000)]
  0x000001f1c4411800 JavaThread "jar transforms Thread 75" [_thread_blocked, id=13436, stack(0x0000006c90c00000,0x0000006c90d00000)]
  0x000001f1c440b800 JavaThread "jar transforms Thread 76" [_thread_blocked, id=25880, stack(0x0000006c90d00000,0x0000006c90e00000)]
  0x000001f1c4414000 JavaThread "jar transforms Thread 77" [_thread_blocked, id=13824, stack(0x0000006c90e00000,0x0000006c90f00000)]
  0x000001f1c4414800 JavaThread "jar transforms Thread 78" [_thread_blocked, id=3896, stack(0x0000006c90f00000,0x0000006c91000000)]
  0x000001f1c4412800 JavaThread "jar transforms Thread 79" [_thread_blocked, id=21872, stack(0x0000006c91000000,0x0000006c91100000)]
  0x000001f1c4413000 JavaThread "jar transforms Thread 80" [_thread_blocked, id=2164, stack(0x0000006c91100000,0x0000006c91200000)]
  0x000001f1c4415800 JavaThread "jar transforms Thread 81" [_thread_blocked, id=6740, stack(0x0000006c91200000,0x0000006c91300000)]
  0x000001f1c4416800 JavaThread "jar transforms Thread 82" [_thread_blocked, id=25512, stack(0x0000006c91300000,0x0000006c91400000)]
  0x000001f1c4231800 JavaThread "jar transforms Thread 83" [_thread_blocked, id=23276, stack(0x0000006c91400000,0x0000006c91500000)]
  0x000001f1c4235000 JavaThread "jar transforms Thread 84" [_thread_blocked, id=13936, stack(0x0000006c91500000,0x0000006c91600000)]
  0x000001f1c4230000 JavaThread "jar transforms Thread 85" [_thread_blocked, id=23872, stack(0x0000006c91600000,0x0000006c91700000)]
  0x000001f1c4231000 JavaThread "jar transforms Thread 86" [_thread_blocked, id=27404, stack(0x0000006c91700000,0x0000006c91800000)]
  0x000001f1c4232800 JavaThread "jar transforms Thread 87" [_thread_blocked, id=16840, stack(0x0000006c91800000,0x0000006c91900000)]
  0x000001f1c4234000 JavaThread "jar transforms Thread 88" [_thread_blocked, id=19240, stack(0x0000006c91900000,0x0000006c91a00000)]
  0x000001f1c4233800 JavaThread "jar transforms Thread 89" [_thread_blocked, id=26204, stack(0x0000006c91a00000,0x0000006c91b00000)]
  0x000001f1c422f800 JavaThread "jar transforms Thread 90" [_thread_blocked, id=22288, stack(0x0000006c91b00000,0x0000006c91c00000)]
  0x000001f1c4236800 JavaThread "jar transforms Thread 91" [_thread_blocked, id=14424, stack(0x0000006c91c00000,0x0000006c91d00000)]
  0x000001f1c4236000 JavaThread "jar transforms Thread 92" [_thread_blocked, id=23464, stack(0x0000006c91d00000,0x0000006c91e00000)]
  0x000001f1c4238000 JavaThread "jar transforms Thread 93" [_thread_blocked, id=9416, stack(0x0000006c91e00000,0x0000006c91f00000)]
  0x000001f1c423a000 JavaThread "jar transforms Thread 94" [_thread_blocked, id=8860, stack(0x0000006c91f00000,0x0000006c92000000)]
  0x000001f1c423d000 JavaThread "jar transforms Thread 95" [_thread_blocked, id=22596, stack(0x0000006c92000000,0x0000006c92100000)]
  0x000001f1c423b800 JavaThread "jar transforms Thread 96" [_thread_blocked, id=23892, stack(0x0000006c92100000,0x0000006c92200000)]
  0x000001f1c423c800 JavaThread "jar transforms Thread 97" [_thread_blocked, id=9644, stack(0x0000006c92200000,0x0000006c92300000)]
  0x000001f1c423a800 JavaThread "jar transforms Thread 98" [_thread_blocked, id=25924, stack(0x0000006c92300000,0x0000006c92400000)]
  0x000001f1c4237800 JavaThread "jar transforms Thread 99" [_thread_blocked, id=23712, stack(0x0000006c92400000,0x0000006c92500000)]
  0x000001f1c423e000 JavaThread "jar transforms Thread 100" [_thread_blocked, id=24568, stack(0x0000006c92500000,0x0000006c92600000)]
  0x000001f1c4239000 JavaThread "jar transforms Thread 101" [_thread_blocked, id=10184, stack(0x0000006c92600000,0x0000006c92700000)]
  0x000001f1c4261000 JavaThread "jar transforms Thread 102" [_thread_blocked, id=26060, stack(0x0000006c92700000,0x0000006c92800000)]
  0x000001f1c4261800 JavaThread "jar transforms Thread 103" [_thread_blocked, id=26836, stack(0x0000006c92800000,0x0000006c92900000)]
  0x000001f1c4263800 JavaThread "jar transforms Thread 104" [_thread_blocked, id=27144, stack(0x0000006c92900000,0x0000006c92a00000)]
  0x000001f1c425f800 JavaThread "jar transforms Thread 105" [_thread_blocked, id=22700, stack(0x0000006c92a00000,0x0000006c92b00000)]
  0x000001f1c4264000 JavaThread "jar transforms Thread 106" [_thread_blocked, id=26888, stack(0x0000006c92b00000,0x0000006c92c00000)]
  0x000001f1c4266000 JavaThread "jar transforms Thread 107" [_thread_blocked, id=11556, stack(0x0000006c92c00000,0x0000006c92d00000)]
  0x000001f1c4265000 JavaThread "jar transforms Thread 108" [_thread_blocked, id=21824, stack(0x0000006c92d00000,0x0000006c92e00000)]
  0x000001f1c4260000 JavaThread "jar transforms Thread 109" [_thread_blocked, id=14836, stack(0x0000006c92e00000,0x0000006c92f00000)]
  0x000001f1c4267800 JavaThread "jar transforms Thread 110" [_thread_blocked, id=25848, stack(0x0000006c92f00000,0x0000006c93000000)]
  0x000001f1c4266800 JavaThread "jar transforms Thread 111" [_thread_blocked, id=12792, stack(0x0000006c93000000,0x0000006c93100000)]
  0x000001f1c4268800 JavaThread "jar transforms Thread 112" [_thread_blocked, id=12892, stack(0x0000006c93100000,0x0000006c93200000)]
  0x000001f1c4262800 JavaThread "jar transforms Thread 113" [_thread_blocked, id=26440, stack(0x0000006c93200000,0x0000006c93300000)]
  0x000001f1c426b800 JavaThread "jar transforms Thread 114" [_thread_blocked, id=26000, stack(0x0000006c93300000,0x0000006c93400000)]
  0x000001f1c426d000 JavaThread "jar transforms Thread 115" [_thread_blocked, id=20952, stack(0x0000006c93400000,0x0000006c93500000)]
  0x000001f1c426a000 JavaThread "jar transforms Thread 116" [_thread_blocked, id=12368, stack(0x0000006c93500000,0x0000006c93600000)]
  0x000001f1c426e000 JavaThread "jar transforms Thread 117" [_thread_blocked, id=10452, stack(0x0000006c93600000,0x0000006c93700000)]
  0x000001f1c4269000 JavaThread "jar transforms Thread 118" [_thread_blocked, id=23128, stack(0x0000006c93700000,0x0000006c93800000)]
  0x000001f1c426a800 JavaThread "jar transforms Thread 119" [_thread_blocked, id=1820, stack(0x0000006c93800000,0x0000006c93900000)]
  0x000001f1c248c000 JavaThread "Memory manager" [_thread_blocked, id=5748, stack(0x0000006c93b00000,0x0000006c93c00000)]
  0x000001f1c1ec3800 JavaThread "Handler for socket connection from /127.0.0.1:60345 to /127.0.0.1:60608" [_thread_in_native, id=7436, stack(0x0000006c88800000,0x0000006c88900000)]
  0x000001f1c1ebe800 JavaThread "Cancel handler" [_thread_blocked, id=13428, stack(0x0000006c88900000,0x0000006c88a00000)]
  0x000001f1c1ec5000 JavaThread "Asynchronous log dispatcher for DefaultDaemonConnection: socket connection from /127.0.0.1:60345 to /127.0.0.1:60608" [_thread_blocked, id=11156, stack(0x0000006c88a00000,0x0000006c88b00000)]
  0x000001f1c1ec0800 JavaThread "Stdin handler" [_thread_blocked, id=19500, stack(0x0000006c8a700000,0x0000006c8a800000)]
  0x000001f1c1ec7800 JavaThread "Thread-160" [_thread_blocked, id=18000, stack(0x0000006c8a800000,0x0000006c8a900000)]
  0x000001f1c1eca000 JavaThread "Cache worker for file hash cache (E:\OfficeGit\Berger_Xpress_Visualizer\Berger_Visualizer\Berger Visualizer\.gradle\6.7.1\fileHashes)" [_thread_blocked, id=21012, stack(0x0000006c8aa00000,0x0000006c8ab00000)]
  0x000001f1c1ec7000 JavaThread "Cache worker for checksums cache (E:\OfficeGit\Berger_Xpress_Visualizer\Berger_Visualizer\Berger Visualizer\.gradle\checksums)" [_thread_blocked, id=18524, stack(0x0000006c8ab00000,0x0000006c8ac00000)]
  0x000001f1c1ecb000 JavaThread "Cache worker for cache directory md-supplier (C:\Users\hp\.gradle\caches\6.7.1\md-supplier)" [_thread_blocked, id=7888, stack(0x0000006c8ac00000,0x0000006c8ad00000)]
  0x000001f1c1ecb800 JavaThread "Cache worker for cache directory md-rule (C:\Users\hp\.gradle\caches\6.7.1\md-rule)" [_thread_blocked, id=26708, stack(0x0000006c8b300000,0x0000006c8b400000)]
  0x000001f1c2488800 JavaThread "Cache worker for Build Output Cleanup Cache (E:\OfficeGit\Berger_Xpress_Visualizer\Berger_Visualizer\Berger Visualizer\.gradle\buildOutputCleanup)" [_thread_blocked, id=6152, stack(0x0000006c8b400000,0x0000006c8b500000)]
  0x000001f1c2486800 JavaThread "Build operations" [_thread_blocked, id=12412, stack(0x0000006c8bb00000,0x0000006c8bc00000)]
  0x000001f1c248d000 JavaThread "Build operations Thread 2" [_thread_blocked, id=15848, stack(0x0000006c8bc00000,0x0000006c8bd00000)]
  0x000001f1c2489800 JavaThread "Build operations Thread 3" [_thread_blocked, id=13404, stack(0x0000006c8bd00000,0x0000006c8be00000)]
  0x000001f1c2487000 JavaThread "Build operations Thread 4" [_thread_blocked, id=22396, stack(0x0000006c8be00000,0x0000006c8bf00000)]
  0x000001f1c2488000 JavaThread "Build operations Thread 5" [_thread_blocked, id=22636, stack(0x0000006c8bf00000,0x0000006c8c000000)]
  0x000001f1c248a800 JavaThread "Build operations Thread 6" [_thread_blocked, id=25904, stack(0x0000006c8c000000,0x0000006c8c100000)]
  0x000001f1c248b000 JavaThread "Build operations Thread 7" [_thread_blocked, id=17568, stack(0x0000006c8c100000,0x0000006c8c200000)]
  0x000001f1c1895000 JavaThread "Build operations Thread 8" [_thread_blocked, id=16752, stack(0x0000006c8c200000,0x0000006c8c300000)]
  0x000001f1c1894000 JavaThread "build event listener" [_thread_blocked, id=20128, stack(0x0000006c8c300000,0x0000006c8c400000)]
  0x000001f1c1896000 JavaThread "build event listener" [_thread_blocked, id=25136, stack(0x0000006c93f00000,0x0000006c94000000)]
  0x000001f1c1898800 JavaThread "Execution worker for ':'" [_thread_blocked, id=14868, stack(0x0000006c94000000,0x0000006c94100000)]
  0x000001f1c1899000 JavaThread "Execution worker for ':' Thread 2" [_thread_blocked, id=24988, stack(0x0000006c94100000,0x0000006c94200000)]
  0x000001f1c3e95800 JavaThread "Execution worker for ':' Thread 3" [_thread_blocked, id=10244, stack(0x0000006c94200000,0x0000006c94300000)]
  0x000001f1c3e94000 JavaThread "Execution worker for ':' Thread 4" [_thread_blocked, id=23248, stack(0x0000006c94300000,0x0000006c94400000)]
  0x000001f1c3e96800 JavaThread "Execution worker for ':' Thread 5" [_thread_blocked, id=19468, stack(0x0000006c94400000,0x0000006c94500000)]
  0x000001f1c3e9a800 JavaThread "Execution worker for ':' Thread 6" [_thread_blocked, id=4912, stack(0x0000006c94500000,0x0000006c94600000)]
  0x000001f1c3e95000 JavaThread "Execution worker for ':' Thread 7" [_thread_blocked, id=23668, stack(0x0000006c94600000,0x0000006c94700000)]
  0x000001f1c3e98000 JavaThread "Cache worker for execution history cache (E:\OfficeGit\Berger_Xpress_Visualizer\Berger_Visualizer\Berger Visualizer\.gradle\6.7.1\executionHistory)" [_thread_blocked, id=12688, stack(0x0000006c94700000,0x0000006c94800000)]
  0x000001f1c3e99000 JavaThread "Exec process" [_thread_blocked, id=7956, stack(0x0000006c94900000,0x0000006c94a00000)]
  0x000001f1c3e9d000 JavaThread "Exec process Thread 2" [_thread_blocked, id=27240, stack(0x0000006c94a00000,0x0000006c94b00000)]
  0x000001f1c3e97800 JavaThread "Exec process Thread 3" [_thread_blocked, id=15396, stack(0x0000006c94b00000,0x0000006c94c00000)]
  0x000001f1c3e9e800 JavaThread "WorkerExecutor Queue Thread 4" [_thread_blocked, id=7360, stack(0x0000006c94e00000,0x0000006c94f00000)]
  0x000001f1c3ea0800 JavaThread "WorkerExecutor Queue Thread 7" [_thread_blocked, id=144, stack(0x0000006c95200000,0x0000006c95300000)]
  0x000001f1c3ea2000 JavaThread "WorkerExecutor Queue Thread 10" [_thread_blocked, id=24852, stack(0x0000006c95500000,0x0000006c95600000)]
  0x000001f1caefe800 JavaThread "C2 CompilerThread1" daemon [_thread_blocked, id=19956, stack(0x0000006c8b500000,0x0000006c8b600000)]
  0x000001f1c6cad800 JavaThread "ForkJoinPool-1-worker-3" daemon [_thread_blocked, id=7636, stack(0x0000006c95600000,0x0000006c95700000)]
  0x000001f1c6ca9000 JavaThread "ForkJoinPool-1-worker-5" daemon [_thread_blocked, id=21488, stack(0x0000006c95700000,0x0000006c95800000)]
  0x000001f1c6cab800 JavaThread "ForkJoinPool-1-worker-7" daemon [_thread_blocked, id=11320, stack(0x0000006c95800000,0x0000006c95900000)]
  0x000001f1c6ca7800 JavaThread "ForkJoinPool-1-worker-9" daemon [_thread_blocked, id=23808, stack(0x0000006c95900000,0x0000006c95a00000)]
  0x000001f1c6cac800 JavaThread "ForkJoinPool-1-worker-11" daemon [_thread_blocked, id=26844, stack(0x0000006c95a00000,0x0000006c95b00000)]
  0x000001f1c6cae000 JavaThread "ForkJoinPool-1-worker-13" daemon [_thread_blocked, id=26140, stack(0x0000006c95b00000,0x0000006c95c00000)]
  0x000001f1c6caa000 JavaThread "ForkJoinPool-1-worker-1" daemon [_thread_blocked, id=24740, stack(0x0000006c95c00000,0x0000006c95d00000)]
  0x000001f1c6ca8800 JavaThread "ForkJoinPool-1-worker-15" daemon [_thread_blocked, id=26596, stack(0x0000006c95d00000,0x0000006c95e00000)]
  0x000001f1c48cc000 JavaThread "C2 CompilerThread2" daemon [_thread_blocked, id=22720, stack(0x0000006c95100000,0x0000006c95200000)]
  0x000001f1c6caf000 JavaThread "WorkerExecutor Queue Thread 11" [_thread_blocked, id=23480, stack(0x0000006c94f00000,0x0000006c95000000)]
  0x000001f1c6cb0000 JavaThread "Cache worker for Java compile cache (C:\Users\hp\.gradle\caches\6.7.1\javaCompile)" [_thread_blocked, id=13456, stack(0x0000006c95300000,0x0000006c95400000)]
  0x000001f1c6cb0800 JavaThread "Cache worker for Java compile cache (E:\OfficeGit\Berger_Xpress_Visualizer\Berger_Visualizer\Berger Visualizer\.gradle\6.7.1\javaCompile)" [_thread_blocked, id=21648, stack(0x0000006c95400000,0x0000006c95500000)]

Other Threads:
=>0x000001f1bff7e000 VMThread "VM Thread" [stack: 0x0000006c89100000,0x0000006c89200000] [id=20372]
  0x000001f1c016a000 WatcherThread [stack: 0x0000006c89b00000,0x0000006c89c00000] [id=17580]
  0x000001f1a5281000 GCTaskThread "GC Thread#0" [stack: 0x0000006c88c00000,0x0000006c88d00000] [id=26796]
  0x000001f1c0dce000 GCTaskThread "GC Thread#1" [stack: 0x0000006c89c00000,0x0000006c89d00000] [id=17964]
  0x000001f1c0c3d000 GCTaskThread "GC Thread#2" [stack: 0x0000006c89d00000,0x0000006c89e00000] [id=27332]
  0x000001f1c0c3e000 GCTaskThread "GC Thread#3" [stack: 0x0000006c89e00000,0x0000006c89f00000] [id=18764]
  0x000001f1c0cae800 GCTaskThread "GC Thread#4" [stack: 0x0000006c89f00000,0x0000006c8a000000] [id=11500]
  0x000001f1c0bb6000 GCTaskThread "GC Thread#5" [stack: 0x0000006c8a000000,0x0000006c8a100000] [id=18996]
  0x000001f1c0f2a800 GCTaskThread "GC Thread#6" [stack: 0x0000006c8af00000,0x0000006c8b000000] [id=23724]
  0x000001f1c1af1800 GCTaskThread "GC Thread#7" [stack: 0x0000006c8b000000,0x0000006c8b100000] [id=2392]
  0x000001f1a52b4000 ConcurrentGCThread "G1 Main Marker" [stack: 0x0000006c88d00000,0x0000006c88e00000] [id=26392]
  0x000001f1a52b6800 ConcurrentGCThread "G1 Conc#0" [stack: 0x0000006c88e00000,0x0000006c88f00000] [id=11184]
  0x000001f1c16bb800 ConcurrentGCThread "G1 Conc#1" [stack: 0x0000006c8b100000,0x0000006c8b200000] [id=26124]
  0x000001f1bf5b0800 ConcurrentGCThread "G1 Refine#0" [stack: 0x0000006c88f00000,0x0000006c89000000] [id=9488]
  0x000001f1c625c000 ConcurrentGCThread "G1 Refine#1" [stack: 0x0000006c93900000,0x0000006c93a00000] [id=21716]
  0x000001f1c625d000 ConcurrentGCThread "G1 Refine#2" [stack: 0x0000006c93a00000,0x0000006c93b00000] [id=26348]
  0x000001f1c25b3800 ConcurrentGCThread "G1 Refine#3" [stack: 0x0000006c93c00000,0x0000006c93d00000] [id=15232]
  0x000001f1c25b4800 ConcurrentGCThread "G1 Refine#4" [stack: 0x0000006c93d00000,0x0000006c93e00000] [id=22344]
  0x000001f1c25b5000 ConcurrentGCThread "G1 Refine#5" [stack: 0x0000006c93e00000,0x0000006c93f00000] [id=23828]
  0x000001f1bf5b2000 ConcurrentGCThread "G1 Young RemSet Sampling" [stack: 0x0000006c89000000,0x0000006c89100000] [id=19740]

Threads with active compile tasks:
C2 CompilerThread0  88788 18037       4       com.android.tools.r8.graph.v1::d (64 bytes)
C1 CompilerThread0  88789 18070 %     3       com.android.tools.r8.naming.v$b::a @ 22 (88 bytes)
C2 CompilerThread1  88789 18074       4       com.android.tools.r8.dex.C::a (14 bytes)
C2 CompilerThread2  88789 17923       4       java.util.Arrays::sort (37 bytes)

VM state:at safepoint (normal execution)

VM Mutex/Monitor currently owned by a thread:  ([mutex/lock_event])
[0x000001f1a5264fa0] Threads_lock - owner thread: 0x000001f1bff7e000
[0x000001f1a5265390] Heap_lock - owner thread: 0x000001f1c6ca9000

Heap address: 0x0000000080000000, size: 2048 MB, Compressed Oops mode: 32-bit
Narrow klass base: 0x0000000000000000, Narrow klass shift: 3
Compressed class space size: 1073741824 Address: 0x0000000100000000

Heap:
 garbage-first heap   total 497664K, used 288974K [0x0000000080000000, 0x0000000100000000)
  region size 1024K, 7 young (7168K), 7 survivors (7168K)
 Metaspace       used 117702K, capacity 120403K, committed 120576K, reserved 1155072K
  class space    used 14635K, capacity 15616K, committed 15616K, reserved 1048576K
Heap Regions: E=young(eden), S=young(survivor), O=old, HS=humongous(starts), HC=humongous(continues), CS=collection set, F=free, A=archive, TAMS=top-at-mark-start (previous, next)
|   0|0x0000000080000000, 0x0000000080100000, 0x0000000080100000|100%| O|  |TAMS 0x0000000080100000, 0x0000000080000000| Untracked 
|   1|0x0000000080100000, 0x0000000080200000, 0x0000000080200000|100%| O|  |TAMS 0x0000000080200000, 0x0000000080100000| Untracked 
|   2|0x0000000080200000, 0x0000000080300000, 0x0000000080300000|100%| O|  |TAMS 0x0000000080300000, 0x0000000080200000| Untracked 
|   3|0x0000000080300000, 0x0000000080400000, 0x0000000080400000|100%|HS|  |TAMS 0x0000000080400000, 0x0000000080300000| Complete 
|   4|0x0000000080400000, 0x0000000080500000, 0x0000000080500000|100%|HC|  |TAMS 0x0000000080500000, 0x0000000080400000| Complete 
|   5|0x0000000080500000, 0x0000000080600000, 0x0000000080600000|100%|HC|  |TAMS 0x0000000080600000, 0x0000000080500000| Complete 
|   6|0x0000000080600000, 0x0000000080700000, 0x0000000080700000|100%| O|  |TAMS 0x0000000080700000, 0x0000000080600000| Untracked 
|   7|0x0000000080700000, 0x0000000080800000, 0x0000000080800000|100%| O|  |TAMS 0x0000000080800000, 0x0000000080700000| Untracked 
|   8|0x0000000080800000, 0x0000000080900000, 0x0000000080900000|100%| O|  |TAMS 0x0000000080900000, 0x0000000080800000| Untracked 
|   9|0x0000000080900000, 0x0000000080a00000, 0x0000000080a00000|100%| O|  |TAMS 0x0000000080a00000, 0x0000000080900000| Untracked 
|  10|0x0000000080a00000, 0x0000000080b00000, 0x0000000080b00000|100%| O|  |TAMS 0x0000000080b00000, 0x0000000080a00000| Untracked 
|  11|0x0000000080b00000, 0x0000000080c00000, 0x0000000080c00000|100%| O|  |TAMS 0x0000000080c00000, 0x0000000080b00000| Untracked 
|  12|0x0000000080c00000, 0x0000000080d00000, 0x0000000080d00000|100%| O|  |TAMS 0x0000000080d00000, 0x0000000080c00000| Untracked 
|  13|0x0000000080d00000, 0x0000000080e00000, 0x0000000080e00000|100%| O|  |TAMS 0x0000000080e00000, 0x0000000080d00000| Untracked 
|  14|0x0000000080e00000, 0x0000000080f00000, 0x0000000080f00000|100%| O|  |TAMS 0x0000000080f00000, 0x0000000080e00000| Untracked 
|  15|0x0000000080f00000, 0x0000000081000000, 0x0000000081000000|100%| O|  |TAMS 0x0000000081000000, 0x0000000080f00000| Untracked 
|  16|0x0000000081000000, 0x0000000081100000, 0x0000000081100000|100%|HS|  |TAMS 0x0000000081100000, 0x0000000081000000| Complete 
|  17|0x0000000081100000, 0x0000000081200000, 0x0000000081200000|100%|HS|  |TAMS 0x0000000081200000, 0x0000000081100000| Complete 
|  18|0x0000000081200000, 0x0000000081300000, 0x0000000081300000|100%|HS|  |TAMS 0x0000000081300000, 0x0000000081200000| Complete 
|  19|0x0000000081300000, 0x0000000081400000, 0x0000000081400000|100%|HC|  |TAMS 0x0000000081400000, 0x0000000081300000| Complete 
|  20|0x0000000081400000, 0x0000000081500000, 0x0000000081500000|100%|HC|  |TAMS 0x0000000081500000, 0x0000000081400000| Complete 
|  21|0x0000000081500000, 0x0000000081600000, 0x0000000081600000|100%|HS|  |TAMS 0x0000000081600000, 0x0000000081500000| Complete 
|  22|0x0000000081600000, 0x0000000081700000, 0x0000000081700000|100%|HC|  |TAMS 0x0000000081700000, 0x0000000081600000| Complete 
|  23|0x0000000081700000, 0x0000000081800000, 0x0000000081800000|100%| O|  |TAMS 0x0000000081800000, 0x0000000081700000| Untracked 
|  24|0x0000000081800000, 0x0000000081900000, 0x0000000081900000|100%| O|  |TAMS 0x0000000081900000, 0x0000000081800000| Untracked 
|  25|0x0000000081900000, 0x0000000081a00000, 0x0000000081a00000|100%|HS|  |TAMS 0x0000000081900000, 0x0000000081900000| Complete 
|  26|0x0000000081a00000, 0x0000000081b00000, 0x0000000081b00000|100%|HS|  |TAMS 0x0000000081b00000, 0x0000000081a00000| Complete 
|  27|0x0000000081b00000, 0x0000000081c00000, 0x0000000081c00000|100%| O|  |TAMS 0x0000000081c00000, 0x0000000081b00000| Untracked 
|  28|0x0000000081c00000, 0x0000000081d00000, 0x0000000081d00000|100%| O|  |TAMS 0x0000000081d00000, 0x0000000081c00000| Untracked 
|  29|0x0000000081d00000, 0x0000000081e00000, 0x0000000081e00000|100%| O|  |TAMS 0x0000000081e00000, 0x0000000081d00000| Untracked 
|  30|0x0000000081e00000, 0x0000000081f00000, 0x0000000081f00000|100%| O|  |TAMS 0x0000000081f00000, 0x0000000081e00000| Untracked 
|  31|0x0000000081f00000, 0x0000000082000000, 0x0000000082000000|100%| O|  |TAMS 0x0000000082000000, 0x0000000081f00000| Untracked 
|  32|0x0000000082000000, 0x0000000082100000, 0x0000000082100000|100%| O|  |TAMS 0x0000000082100000, 0x0000000082000000| Untracked 
|  33|0x0000000082100000, 0x0000000082200000, 0x0000000082200000|100%| O|  |TAMS 0x0000000082200000, 0x0000000082100000| Untracked 
|  34|0x0000000082200000, 0x0000000082300000, 0x0000000082300000|100%| O|  |TAMS 0x0000000082300000, 0x0000000082200000| Untracked 
|  35|0x0000000082300000, 0x0000000082400000, 0x0000000082400000|100%| O|  |TAMS 0x0000000082400000, 0x0000000082300000| Untracked 
|  36|0x0000000082400000, 0x0000000082500000, 0x0000000082500000|100%| O|  |TAMS 0x0000000082500000, 0x0000000082400000| Untracked 
|  37|0x0000000082500000, 0x0000000082600000, 0x0000000082600000|100%| O|  |TAMS 0x0000000082600000, 0x0000000082500000| Untracked 
|  38|0x0000000082600000, 0x0000000082700000, 0x0000000082700000|100%| O|  |TAMS 0x0000000082700000, 0x0000000082600000| Untracked 
|  39|0x0000000082700000, 0x0000000082800000, 0x0000000082800000|100%|HS|  |TAMS 0x0000000082700000, 0x0000000082700000| Complete 
|  40|0x0000000082800000, 0x0000000082900000, 0x0000000082900000|100%| O|  |TAMS 0x0000000082900000, 0x0000000082800000| Untracked 
|  41|0x0000000082900000, 0x0000000082a00000, 0x0000000082a00000|100%| O|  |TAMS 0x0000000082a00000, 0x0000000082900000| Untracked 
|  42|0x0000000082a00000, 0x0000000082b00000, 0x0000000082b00000|100%| O|  |TAMS 0x0000000082b00000, 0x0000000082a00000| Untracked 
|  43|0x0000000082b00000, 0x0000000082c00000, 0x0000000082c00000|100%| O|  |TAMS 0x0000000082c00000, 0x0000000082b00000| Untracked 
|  44|0x0000000082c00000, 0x0000000082d00000, 0x0000000082d00000|100%| O|  |TAMS 0x0000000082d00000, 0x0000000082c00000| Untracked 
|  45|0x0000000082d00000, 0x0000000082e00000, 0x0000000082e00000|100%| O|  |TAMS 0x0000000082e00000, 0x0000000082d00000| Untracked 
|  46|0x0000000082e00000, 0x0000000082f00000, 0x0000000082f00000|100%| O|  |TAMS 0x0000000082f00000, 0x0000000082e00000| Untracked 
|  47|0x0000000082f00000, 0x0000000083000000, 0x0000000083000000|100%| O|  |TAMS 0x0000000083000000, 0x0000000082f00000| Untracked 
|  48|0x0000000083000000, 0x0000000083100000, 0x0000000083100000|100%| O|  |TAMS 0x0000000083100000, 0x0000000083000000| Untracked 
|  49|0x0000000083100000, 0x0000000083200000, 0x0000000083200000|100%| O|  |TAMS 0x0000000083200000, 0x0000000083100000| Untracked 
|  50|0x0000000083200000, 0x0000000083300000, 0x0000000083300000|100%| O|  |TAMS 0x0000000083300000, 0x0000000083200000| Untracked 
|  51|0x0000000083300000, 0x0000000083400000, 0x0000000083400000|100%| O|  |TAMS 0x0000000083400000, 0x0000000083300000| Untracked 
|  52|0x0000000083400000, 0x0000000083500000, 0x0000000083500000|100%| O|  |TAMS 0x0000000083500000, 0x0000000083400000| Untracked 
|  53|0x0000000083500000, 0x0000000083600000, 0x0000000083600000|100%| O|  |TAMS 0x0000000083600000, 0x0000000083500000| Untracked 
|  54|0x0000000083600000, 0x0000000083700000, 0x0000000083700000|100%| O|  |TAMS 0x0000000083700000, 0x0000000083600000| Untracked 
|  55|0x0000000083700000, 0x0000000083800000, 0x0000000083800000|100%| O|  |TAMS 0x0000000083800000, 0x0000000083700000| Untracked 
|  56|0x0000000083800000, 0x0000000083900000, 0x0000000083900000|100%| O|  |TAMS 0x0000000083900000, 0x0000000083800000| Untracked 
|  57|0x0000000083900000, 0x0000000083a00000, 0x0000000083a00000|100%| O|  |TAMS 0x0000000083a00000, 0x0000000083900000| Untracked 
|  58|0x0000000083a00000, 0x0000000083b00000, 0x0000000083b00000|100%| O|  |TAMS 0x0000000083b00000, 0x0000000083a00000| Untracked 
|  59|0x0000000083b00000, 0x0000000083c00000, 0x0000000083c00000|100%| O|  |TAMS 0x0000000083c00000, 0x0000000083b00000| Untracked 
|  60|0x0000000083c00000, 0x0000000083d00000, 0x0000000083d00000|100%| O|  |TAMS 0x0000000083d00000, 0x0000000083c00000| Untracked 
|  61|0x0000000083d00000, 0x0000000083e00000, 0x0000000083e00000|100%| O|  |TAMS 0x0000000083e00000, 0x0000000083d00000| Untracked 
|  62|0x0000000083e00000, 0x0000000083f00000, 0x0000000083f00000|100%| O|  |TAMS 0x0000000083f00000, 0x0000000083e00000| Untracked 
|  63|0x0000000083f00000, 0x0000000084000000, 0x0000000084000000|100%| O|  |TAMS 0x0000000084000000, 0x0000000083f00000| Untracked 
|  64|0x0000000084000000, 0x0000000084100000, 0x0000000084100000|100%|HS|  |TAMS 0x0000000084100000, 0x0000000084000000| Complete 
|  65|0x0000000084100000, 0x0000000084200000, 0x0000000084200000|100%|HS|  |TAMS 0x0000000084100000, 0x0000000084100000| Complete 
|  66|0x0000000084200000, 0x0000000084300000, 0x0000000084300000|100%|HC|  |TAMS 0x0000000084200000, 0x0000000084200000| Complete 
|  67|0x0000000084300000, 0x0000000084400000, 0x0000000084400000|100%|HS|  |TAMS 0x0000000084300000, 0x0000000084300000| Complete 
|  68|0x0000000084400000, 0x0000000084500000, 0x0000000084500000|100%| O|  |TAMS 0x0000000084500000, 0x0000000084400000| Untracked 
|  69|0x0000000084500000, 0x0000000084600000, 0x0000000084600000|100%| O|  |TAMS 0x0000000084600000, 0x0000000084500000| Untracked 
|  70|0x0000000084600000, 0x0000000084700000, 0x0000000084700000|100%| O|  |TAMS 0x0000000084700000, 0x0000000084600000| Untracked 
|  71|0x0000000084700000, 0x0000000084800000, 0x0000000084800000|100%| O|  |TAMS 0x0000000084800000, 0x0000000084700000| Untracked 
|  72|0x0000000084800000, 0x0000000084900000, 0x0000000084900000|100%| O|  |TAMS 0x0000000084900000, 0x0000000084800000| Untracked 
|  73|0x0000000084900000, 0x0000000084a00000, 0x0000000084a00000|100%| O|  |TAMS 0x0000000084a00000, 0x0000000084900000| Untracked 
|  74|0x0000000084a00000, 0x0000000084b00000, 0x0000000084b00000|100%| O|  |TAMS 0x0000000084b00000, 0x0000000084a00000| Untracked 
|  75|0x0000000084b00000, 0x0000000084c00000, 0x0000000084c00000|100%| O|  |TAMS 0x0000000084c00000, 0x0000000084b00000| Untracked 
|  76|0x0000000084c00000, 0x0000000084d00000, 0x0000000084d00000|100%| O|  |TAMS 0x0000000084d00000, 0x0000000084c00000| Untracked 
|  77|0x0000000084d00000, 0x0000000084e00000, 0x0000000084e00000|100%| O|  |TAMS 0x0000000084e00000, 0x0000000084d00000| Untracked 
|  78|0x0000000084e00000, 0x0000000084f00000, 0x0000000084f00000|100%|HS|  |TAMS 0x0000000084e00000, 0x0000000084e00000| Complete 
|  79|0x0000000084f00000, 0x0000000085000000, 0x0000000085000000|100%|HC|  |TAMS 0x0000000084f00000, 0x0000000084f00000| Complete 
|  80|0x0000000085000000, 0x0000000085100000, 0x0000000085100000|100%|HS|  |TAMS 0x0000000085100000, 0x0000000085000000| Complete 
|  81|0x0000000085100000, 0x0000000085200000, 0x0000000085200000|100%| O|  |TAMS 0x0000000085200000, 0x0000000085100000| Untracked 
|  82|0x0000000085200000, 0x0000000085300000, 0x0000000085300000|100%| O|  |TAMS 0x0000000085300000, 0x0000000085200000| Untracked 
|  83|0x0000000085300000, 0x0000000085400000, 0x0000000085400000|100%| O|  |TAMS 0x0000000085400000, 0x0000000085300000| Untracked 
|  84|0x0000000085400000, 0x0000000085500000, 0x0000000085500000|100%| O|  |TAMS 0x0000000085500000, 0x0000000085400000| Untracked 
|  85|0x0000000085500000, 0x0000000085600000, 0x0000000085600000|100%| O|  |TAMS 0x0000000085600000, 0x0000000085500000| Untracked 
|  86|0x0000000085600000, 0x0000000085700000, 0x0000000085700000|100%|HS|  |TAMS 0x0000000085600000, 0x0000000085600000| Complete 
|  87|0x0000000085700000, 0x0000000085800000, 0x0000000085800000|100%|HS|  |TAMS 0x0000000085700000, 0x0000000085700000| Complete 
|  88|0x0000000085800000, 0x0000000085900000, 0x0000000085900000|100%| O|  |TAMS 0x0000000085900000, 0x0000000085800000| Untracked 
|  89|0x0000000085900000, 0x0000000085a00000, 0x0000000085a00000|100%| O|  |TAMS 0x0000000085a00000, 0x0000000085900000| Untracked 
|  90|0x0000000085a00000, 0x0000000085b00000, 0x0000000085b00000|100%|HS|  |TAMS 0x0000000085a00000, 0x0000000085a00000| Complete 
|  91|0x0000000085b00000, 0x0000000085c00000, 0x0000000085c00000|100%|HC|  |TAMS 0x0000000085b00000, 0x0000000085b00000| Complete 
|  92|0x0000000085c00000, 0x0000000085d00000, 0x0000000085d00000|100%| O|  |TAMS 0x0000000085d00000, 0x0000000085c00000| Untracked 
|  93|0x0000000085d00000, 0x0000000085e00000, 0x0000000085e00000|100%|HS|  |TAMS 0x0000000085d00000, 0x0000000085d00000| Complete 
|  94|0x0000000085e00000, 0x0000000085f00000, 0x0000000085f00000|100%| O|  |TAMS 0x0000000085f00000, 0x0000000085e00000| Untracked 
|  95|0x0000000085f00000, 0x0000000086000000, 0x0000000086000000|100%| O|  |TAMS 0x0000000086000000, 0x0000000085f00000| Untracked 
|  96|0x0000000086000000, 0x0000000086100000, 0x0000000086100000|100%|HS|  |TAMS 0x0000000086100000, 0x0000000086000000| Complete 
|  97|0x0000000086100000, 0x0000000086200000, 0x0000000086200000|100%|HC|  |TAMS 0x0000000086200000, 0x0000000086100000| Complete 
|  98|0x0000000086200000, 0x0000000086300000, 0x0000000086300000|100%|HS|  |TAMS 0x0000000086300000, 0x0000000086200000| Complete 
|  99|0x0000000086300000, 0x0000000086400000, 0x0000000086400000|100%|HC|  |TAMS 0x0000000086400000, 0x0000000086300000| Complete 
| 100|0x0000000086400000, 0x0000000086500000, 0x0000000086500000|100%|HC|  |TAMS 0x0000000086500000, 0x0000000086400000| Complete 
| 101|0x0000000086500000, 0x0000000086600000, 0x0000000086600000|100%|HS|  |TAMS 0x0000000086600000, 0x0000000086500000| Complete 
| 102|0x0000000086600000, 0x0000000086700000, 0x0000000086700000|100%|HC|  |TAMS 0x0000000086700000, 0x0000000086600000| Complete 
| 103|0x0000000086700000, 0x0000000086800000, 0x0000000086800000|100%|HS|  |TAMS 0x0000000086800000, 0x0000000086700000| Complete 
| 104|0x0000000086800000, 0x0000000086900000, 0x0000000086900000|100%|HS|  |TAMS 0x0000000086900000, 0x0000000086800000| Complete 
| 105|0x0000000086900000, 0x0000000086a00000, 0x0000000086a00000|100%|HS|  |TAMS 0x0000000086a00000, 0x0000000086900000| Complete 
| 106|0x0000000086a00000, 0x0000000086b00000, 0x0000000086b00000|100%| O|  |TAMS 0x0000000086b00000, 0x0000000086a00000| Untracked 
| 107|0x0000000086b00000, 0x0000000086c00000, 0x0000000086c00000|100%|HS|  |TAMS 0x0000000086b00000, 0x0000000086b00000| Complete 
| 108|0x0000000086c00000, 0x0000000086d00000, 0x0000000086d00000|100%| O|  |TAMS 0x0000000086d00000, 0x0000000086c00000| Untracked 
| 109|0x0000000086d00000, 0x0000000086e00000, 0x0000000086e00000|100%| O|  |TAMS 0x0000000086e00000, 0x0000000086d00000| Untracked 
| 110|0x0000000086e00000, 0x0000000086f00000, 0x0000000086f00000|100%|HS|  |TAMS 0x0000000086e00000, 0x0000000086e00000| Complete 
| 111|0x0000000086f00000, 0x0000000087000000, 0x0000000087000000|100%|HC|  |TAMS 0x0000000086f00000, 0x0000000086f00000| Complete 
| 112|0x0000000087000000, 0x0000000087100000, 0x0000000087100000|100%| O|  |TAMS 0x0000000087100000, 0x0000000087000000| Untracked 
| 113|0x0000000087100000, 0x0000000087200000, 0x0000000087200000|100%| O|  |TAMS 0x0000000087200000, 0x0000000087100000| Untracked 
| 114|0x0000000087200000, 0x0000000087300000, 0x0000000087300000|100%| O|  |TAMS 0x0000000087300000, 0x0000000087200000| Untracked 
| 115|0x0000000087300000, 0x0000000087400000, 0x0000000087400000|100%| O|  |TAMS 0x0000000087300000, 0x0000000087300000| Untracked 
| 116|0x0000000087400000, 0x0000000087500000, 0x0000000087500000|100%| O|  |TAMS 0x0000000087400000, 0x0000000087400000| Untracked 
| 117|0x0000000087500000, 0x0000000087600000, 0x0000000087600000|100%|HS|  |TAMS 0x0000000087500000, 0x0000000087500000| Complete 
| 118|0x0000000087600000, 0x0000000087700000, 0x0000000087700000|100%| O|  |TAMS 0x0000000087700000, 0x0000000087600000| Untracked 
| 119|0x0000000087700000, 0x0000000087800000, 0x0000000087800000|100%| O|  |TAMS 0x0000000087800000, 0x0000000087700000| Untracked 
| 120|0x0000000087800000, 0x0000000087900000, 0x0000000087900000|100%| O|  |TAMS 0x0000000087900000, 0x0000000087800000| Untracked 
| 121|0x0000000087900000, 0x0000000087a00000, 0x0000000087a00000|100%| O|  |TAMS 0x0000000087a00000, 0x0000000087900000| Untracked 
| 122|0x0000000087a00000, 0x0000000087b00000, 0x0000000087b00000|100%|HS|  |TAMS 0x0000000087a00000, 0x0000000087a00000| Complete 
| 123|0x0000000087b00000, 0x0000000087c00000, 0x0000000087c00000|100%|HC|  |TAMS 0x0000000087b00000, 0x0000000087b00000| Complete 
| 124|0x0000000087c00000, 0x0000000087d00000, 0x0000000087d00000|100%| O|  |TAMS 0x0000000087c00000, 0x0000000087c00000| Untracked 
| 125|0x0000000087d00000, 0x0000000087e00000, 0x0000000087e00000|100%| O|  |TAMS 0x0000000087e00000, 0x0000000087d00000| Untracked 
| 126|0x0000000087e00000, 0x0000000087f00000, 0x0000000087f00000|100%| O|  |TAMS 0x0000000087e00000, 0x0000000087e00000| Untracked 
| 127|0x0000000087f00000, 0x0000000088000000, 0x0000000088000000|100%| O|  |TAMS 0x0000000088000000, 0x0000000087f00000| Untracked 
| 128|0x0000000088000000, 0x0000000088100000, 0x0000000088100000|100%| O|  |TAMS 0x0000000088000000, 0x0000000088000000| Untracked 
| 129|0x0000000088100000, 0x0000000088200000, 0x0000000088200000|100%| O|  |TAMS 0x0000000088200000, 0x0000000088100000| Untracked 
| 130|0x0000000088200000, 0x0000000088300000, 0x0000000088300000|100%| O|  |TAMS 0x0000000088200000, 0x0000000088200000| Untracked 
| 131|0x0000000088300000, 0x0000000088400000, 0x0000000088400000|100%|HS|  |TAMS 0x0000000088400000, 0x0000000088300000| Complete 
| 132|0x0000000088400000, 0x0000000088500000, 0x0000000088500000|100%| O|  |TAMS 0x0000000088500000, 0x0000000088400000| Untracked 
| 133|0x0000000088500000, 0x0000000088600000, 0x0000000088600000|100%| O|  |TAMS 0x0000000088600000, 0x0000000088500000| Untracked 
| 134|0x0000000088600000, 0x0000000088700000, 0x0000000088700000|100%| O|  |TAMS 0x0000000088700000, 0x0000000088600000| Untracked 
| 135|0x0000000088700000, 0x0000000088800000, 0x0000000088800000|100%| O|  |TAMS 0x0000000088800000, 0x0000000088700000| Untracked 
| 136|0x0000000088800000, 0x0000000088900000, 0x0000000088900000|100%| O|  |TAMS 0x0000000088900000, 0x0000000088800000| Untracked 
| 137|0x0000000088900000, 0x0000000088a00000, 0x0000000088a00000|100%| O|  |TAMS 0x0000000088a00000, 0x0000000088900000| Untracked 
| 138|0x0000000088a00000, 0x0000000088b00000, 0x0000000088b00000|100%| O|  |TAMS 0x0000000088b00000, 0x0000000088a00000| Untracked 
| 139|0x0000000088b00000, 0x0000000088c00000, 0x0000000088c00000|100%| O|  |TAMS 0x0000000088c00000, 0x0000000088b00000| Untracked 
| 140|0x0000000088c00000, 0x0000000088d00000, 0x0000000088d00000|100%| O|  |TAMS 0x0000000088d00000, 0x0000000088c00000| Untracked 
| 141|0x0000000088d00000, 0x0000000088e00000, 0x0000000088e00000|100%| O|  |TAMS 0x0000000088e00000, 0x0000000088d00000| Untracked 
| 142|0x0000000088e00000, 0x0000000088f00000, 0x0000000088f00000|100%| O|  |TAMS 0x0000000088f00000, 0x0000000088e00000| Untracked 
| 143|0x0000000088f00000, 0x0000000089000000, 0x0000000089000000|100%| O|  |TAMS 0x0000000089000000, 0x0000000088f00000| Untracked 
| 144|0x0000000089000000, 0x0000000089100000, 0x0000000089100000|100%| O|  |TAMS 0x0000000089100000, 0x0000000089000000| Untracked 
| 145|0x0000000089100000, 0x0000000089200000, 0x0000000089200000|100%| O|  |TAMS 0x0000000089200000, 0x0000000089100000| Untracked 
| 146|0x0000000089200000, 0x0000000089300000, 0x0000000089300000|100%| O|  |TAMS 0x0000000089300000, 0x0000000089200000| Untracked 
| 147|0x0000000089300000, 0x0000000089400000, 0x0000000089400000|100%| O|  |TAMS 0x0000000089400000, 0x0000000089300000| Untracked 
| 148|0x0000000089400000, 0x0000000089500000, 0x0000000089500000|100%| O|  |TAMS 0x0000000089500000, 0x0000000089400000| Untracked 
| 149|0x0000000089500000, 0x0000000089600000, 0x0000000089600000|100%| O|  |TAMS 0x0000000089600000, 0x0000000089500000| Untracked 
| 150|0x0000000089600000, 0x0000000089700000, 0x0000000089700000|100%| O|  |TAMS 0x0000000089700000, 0x0000000089600000| Untracked 
| 151|0x0000000089700000, 0x0000000089800000, 0x0000000089800000|100%| O|  |TAMS 0x0000000089800000, 0x0000000089700000| Untracked 
| 152|0x0000000089800000, 0x0000000089900000, 0x0000000089900000|100%| O|  |TAMS 0x0000000089900000, 0x0000000089800000| Untracked 
| 153|0x0000000089900000, 0x0000000089a00000, 0x0000000089a00000|100%| O|  |TAMS 0x0000000089a00000, 0x0000000089900000| Untracked 
| 154|0x0000000089a00000, 0x0000000089b00000, 0x0000000089b00000|100%| O|  |TAMS 0x0000000089b00000, 0x0000000089a00000| Untracked 
| 155|0x0000000089b00000, 0x0000000089c00000, 0x0000000089c00000|100%| O|  |TAMS 0x0000000089c00000, 0x0000000089b00000| Untracked 
| 156|0x0000000089c00000, 0x0000000089d00000, 0x0000000089d00000|100%| O|  |TAMS 0x0000000089d00000, 0x0000000089c00000| Untracked 
| 157|0x0000000089d00000, 0x0000000089e00000, 0x0000000089e00000|100%| O|  |TAMS 0x0000000089e00000, 0x0000000089d00000| Untracked 
| 158|0x0000000089e00000, 0x0000000089f00000, 0x0000000089f00000|100%| O|  |TAMS 0x0000000089f00000, 0x0000000089e00000| Untracked 
| 159|0x0000000089f00000, 0x000000008a000000, 0x000000008a000000|100%| O|  |TAMS 0x000000008a000000, 0x0000000089f00000| Untracked 
| 160|0x000000008a000000, 0x000000008a100000, 0x000000008a100000|100%| O|  |TAMS 0x000000008a100000, 0x000000008a000000| Untracked 
| 161|0x000000008a100000, 0x000000008a200000, 0x000000008a200000|100%| O|  |TAMS 0x000000008a200000, 0x000000008a100000| Untracked 
| 162|0x000000008a200000, 0x000000008a300000, 0x000000008a300000|100%| O|  |TAMS 0x000000008a300000, 0x000000008a200000| Untracked 
| 163|0x000000008a300000, 0x000000008a400000, 0x000000008a400000|100%| O|  |TAMS 0x000000008a400000, 0x000000008a300000| Untracked 
| 164|0x000000008a400000, 0x000000008a500000, 0x000000008a500000|100%| O|  |TAMS 0x000000008a500000, 0x000000008a400000| Untracked 
| 165|0x000000008a500000, 0x000000008a600000, 0x000000008a600000|100%| O|  |TAMS 0x000000008a600000, 0x000000008a500000| Untracked 
| 166|0x000000008a600000, 0x000000008a700000, 0x000000008a700000|100%| O|  |TAMS 0x000000008a700000, 0x000000008a600000| Untracked 
| 167|0x000000008a700000, 0x000000008a800000, 0x000000008a800000|100%| O|  |TAMS 0x000000008a800000, 0x000000008a700000| Untracked 
| 168|0x000000008a800000, 0x000000008a900000, 0x000000008a900000|100%| O|  |TAMS 0x000000008a900000, 0x000000008a800000| Untracked 
| 169|0x000000008a900000, 0x000000008aa00000, 0x000000008aa00000|100%| O|  |TAMS 0x000000008aa00000, 0x000000008a900000| Untracked 
| 170|0x000000008aa00000, 0x000000008ab00000, 0x000000008ab00000|100%| O|  |TAMS 0x000000008ab00000, 0x000000008aa00000| Untracked 
| 171|0x000000008ab00000, 0x000000008ac00000, 0x000000008ac00000|100%| O|  |TAMS 0x000000008ac00000, 0x000000008ab00000| Untracked 
| 172|0x000000008ac00000, 0x000000008ad00000, 0x000000008ad00000|100%| O|  |TAMS 0x000000008ad00000, 0x000000008ac00000| Untracked 
| 173|0x000000008ad00000, 0x000000008ae00000, 0x000000008ae00000|100%| O|  |TAMS 0x000000008ae00000, 0x000000008ad00000| Untracked 
| 174|0x000000008ae00000, 0x000000008af00000, 0x000000008af00000|100%| O|  |TAMS 0x000000008af00000, 0x000000008ae00000| Untracked 
| 175|0x000000008af00000, 0x000000008b000000, 0x000000008b000000|100%| O|  |TAMS 0x000000008b000000, 0x000000008af00000| Untracked 
| 176|0x000000008b000000, 0x000000008b100000, 0x000000008b100000|100%| O|  |TAMS 0x000000008b100000, 0x000000008b000000| Untracked 
| 177|0x000000008b100000, 0x000000008b200000, 0x000000008b200000|100%| O|  |TAMS 0x000000008b200000, 0x000000008b100000| Untracked 
| 178|0x000000008b200000, 0x000000008b300000, 0x000000008b300000|100%| O|  |TAMS 0x000000008b300000, 0x000000008b200000| Untracked 
| 179|0x000000008b300000, 0x000000008b400000, 0x000000008b400000|100%| O|  |TAMS 0x000000008b400000, 0x000000008b300000| Untracked 
| 180|0x000000008b400000, 0x000000008b500000, 0x000000008b500000|100%| O|  |TAMS 0x000000008b400000, 0x000000008b400000| Untracked 
| 181|0x000000008b500000, 0x000000008b600000, 0x000000008b600000|100%| O|  |TAMS 0x000000008b600000, 0x000000008b500000| Untracked 
| 182|0x000000008b600000, 0x000000008b700000, 0x000000008b700000|100%| O|  |TAMS 0x000000008b700000, 0x000000008b600000| Untracked 
| 183|0x000000008b700000, 0x000000008b800000, 0x000000008b800000|100%| O|  |TAMS 0x000000008b800000, 0x000000008b700000| Untracked 
| 184|0x000000008b800000, 0x000000008b900000, 0x000000008b900000|100%| O|  |TAMS 0x000000008b900000, 0x000000008b800000| Untracked 
| 185|0x000000008b900000, 0x000000008ba00000, 0x000000008ba00000|100%| O|  |TAMS 0x000000008ba00000, 0x000000008b900000| Untracked 
| 186|0x000000008ba00000, 0x000000008bb00000, 0x000000008bb00000|100%| O|  |TAMS 0x000000008bb00000, 0x000000008ba00000| Untracked 
| 187|0x000000008bb00000, 0x000000008bc00000, 0x000000008bc00000|100%| O|  |TAMS 0x000000008bc00000, 0x000000008bb00000| Untracked 
| 188|0x000000008bc00000, 0x000000008bd00000, 0x000000008bd00000|100%| O|  |TAMS 0x000000008bd00000, 0x000000008bc00000| Untracked 
| 189|0x000000008bd00000, 0x000000008be00000, 0x000000008be00000|100%| O|  |TAMS 0x000000008be00000, 0x000000008bd00000| Untracked 
| 190|0x000000008be00000, 0x000000008bf00000, 0x000000008bf00000|100%|HS|  |TAMS 0x000000008be00000, 0x000000008be00000| Complete 
| 191|0x000000008bf00000, 0x000000008c000000, 0x000000008c000000|100%|HC|  |TAMS 0x000000008bf00000, 0x000000008bf00000| Complete 
| 192|0x000000008c000000, 0x000000008c100000, 0x000000008c100000|100%| O|  |TAMS 0x000000008c100000, 0x000000008c000000| Untracked 
| 193|0x000000008c100000, 0x000000008c200000, 0x000000008c200000|100%| O|  |TAMS 0x000000008c200000, 0x000000008c100000| Untracked 
| 194|0x000000008c200000, 0x000000008c300000, 0x000000008c300000|100%| O|  |TAMS 0x000000008c300000, 0x000000008c200000| Untracked 
| 195|0x000000008c300000, 0x000000008c400000, 0x000000008c400000|100%| O|  |TAMS 0x000000008c400000, 0x000000008c300000| Untracked 
| 196|0x000000008c400000, 0x000000008c500000, 0x000000008c500000|100%| O|  |TAMS 0x000000008c400000, 0x000000008c400000| Untracked 
| 197|0x000000008c500000, 0x000000008c600000, 0x000000008c600000|100%| O|  |TAMS 0x000000008c600000, 0x000000008c500000| Untracked 
| 198|0x000000008c600000, 0x000000008c700000, 0x000000008c700000|100%| O|  |TAMS 0x000000008c700000, 0x000000008c600000| Untracked 
| 199|0x000000008c700000, 0x000000008c800000, 0x000000008c800000|100%| O|  |TAMS 0x000000008c800000, 0x000000008c700000| Untracked 
| 200|0x000000008c800000, 0x000000008c900000, 0x000000008c900000|100%| O|  |TAMS 0x000000008c800000, 0x000000008c800000| Untracked 
| 201|0x000000008c900000, 0x000000008ca00000, 0x000000008ca00000|100%| O|  |TAMS 0x000000008c900000, 0x000000008c900000| Untracked 
| 202|0x000000008ca00000, 0x000000008cb00000, 0x000000008cb00000|100%| O|  |TAMS 0x000000008ca00000, 0x000000008ca00000| Untracked 
| 203|0x000000008cb00000, 0x000000008cc00000, 0x000000008cc00000|100%| O|  |TAMS 0x000000008cc00000, 0x000000008cb00000| Untracked 
| 204|0x000000008cc00000, 0x000000008cd00000, 0x000000008cd00000|100%| O|  |TAMS 0x000000008cd00000, 0x000000008cc00000| Untracked 
| 205|0x000000008cd00000, 0x000000008ce00000, 0x000000008ce00000|100%| O|  |TAMS 0x000000008ce00000, 0x000000008cd00000| Untracked 
| 206|0x000000008ce00000, 0x000000008cf00000, 0x000000008cf00000|100%| O|  |TAMS 0x000000008cf00000, 0x000000008ce00000| Untracked 
| 207|0x000000008cf00000, 0x000000008d000000, 0x000000008d000000|100%| O|  |TAMS 0x000000008d000000, 0x000000008cf00000| Untracked 
| 208|0x000000008d000000, 0x000000008d100000, 0x000000008d100000|100%|HS|  |TAMS 0x000000008d100000, 0x000000008d000000| Complete 
| 209|0x000000008d100000, 0x000000008d200000, 0x000000008d200000|100%|HC|  |TAMS 0x000000008d200000, 0x000000008d100000| Complete 
| 210|0x000000008d200000, 0x000000008d300000, 0x000000008d300000|100%|HS|  |TAMS 0x000000008d300000, 0x000000008d200000| Complete 
| 211|0x000000008d300000, 0x000000008d400000, 0x000000008d400000|100%|HC|  |TAMS 0x000000008d400000, 0x000000008d300000| Complete 
| 212|0x000000008d400000, 0x000000008d500000, 0x000000008d500000|100%| O|  |TAMS 0x000000008d500000, 0x000000008d400000| Untracked 
| 213|0x000000008d500000, 0x000000008d600000, 0x000000008d600000|100%| O|  |TAMS 0x000000008d600000, 0x000000008d500000| Untracked 
| 214|0x000000008d600000, 0x000000008d700000, 0x000000008d700000|100%| O|  |TAMS 0x000000008d600000, 0x000000008d600000| Untracked 
| 215|0x000000008d700000, 0x000000008d800000, 0x000000008d800000|100%|HS|  |TAMS 0x000000008d700000, 0x000000008d700000| Complete 
| 216|0x000000008d800000, 0x000000008d800000, 0x000000008d900000|  0%| F|  |TAMS 0x000000008d800000, 0x000000008d800000| Untracked 
| 217|0x000000008d900000, 0x000000008da00000, 0x000000008da00000|100%| O|  |TAMS 0x000000008d900000, 0x000000008d900000| Untracked 
| 218|0x000000008da00000, 0x000000008db00000, 0x000000008db00000|100%| O|  |TAMS 0x000000008da00000, 0x000000008da00000| Untracked 
| 219|0x000000008db00000, 0x000000008dc00000, 0x000000008dc00000|100%| O|  |TAMS 0x000000008db00000, 0x000000008db00000| Untracked 
| 220|0x000000008dc00000, 0x000000008dd00000, 0x000000008dd00000|100%| O|  |TAMS 0x000000008dc00000, 0x000000008dc00000| Untracked 
| 221|0x000000008dd00000, 0x000000008de00000, 0x000000008de00000|100%| O|  |TAMS 0x000000008dd00000, 0x000000008dd00000| Untracked 
| 222|0x000000008de00000, 0x000000008df00000, 0x000000008df00000|100%| O|  |TAMS 0x000000008de00000, 0x000000008de00000| Untracked 
| 223|0x000000008df00000, 0x000000008e000000, 0x000000008e000000|100%| O|  |TAMS 0x000000008df00000, 0x000000008df00000| Untracked 
| 224|0x000000008e000000, 0x000000008e100000, 0x000000008e100000|100%| O|  |TAMS 0x000000008e000000, 0x000000008e000000| Untracked 
| 225|0x000000008e100000, 0x000000008e200000, 0x000000008e200000|100%| O|  |TAMS 0x000000008e100000, 0x000000008e100000| Untracked 
| 226|0x000000008e200000, 0x000000008e300000, 0x000000008e300000|100%| O|  |TAMS 0x000000008e200000, 0x000000008e200000| Untracked 
| 227|0x000000008e300000, 0x000000008e400000, 0x000000008e400000|100%| O|  |TAMS 0x000000008e300000, 0x000000008e300000| Untracked 
| 228|0x000000008e400000, 0x000000008e500000, 0x000000008e500000|100%| O|  |TAMS 0x000000008e400000, 0x000000008e400000| Untracked 
| 229|0x000000008e500000, 0x000000008e600000, 0x000000008e600000|100%| O|  |TAMS 0x000000008e500000, 0x000000008e500000| Untracked 
| 230|0x000000008e600000, 0x000000008e700000, 0x000000008e700000|100%| O|  |TAMS 0x000000008e600000, 0x000000008e600000| Untracked 
| 231|0x000000008e700000, 0x000000008e800000, 0x000000008e800000|100%| O|  |TAMS 0x000000008e700000, 0x000000008e700000| Untracked 
| 232|0x000000008e800000, 0x000000008e900000, 0x000000008e900000|100%| O|  |TAMS 0x000000008e800000, 0x000000008e800000| Untracked 
| 233|0x000000008e900000, 0x000000008ea00000, 0x000000008ea00000|100%| O|  |TAMS 0x000000008e900000, 0x000000008e900000| Untracked 
| 234|0x000000008ea00000, 0x000000008eb00000, 0x000000008eb00000|100%| O|  |TAMS 0x000000008ea00000, 0x000000008ea00000| Untracked 
| 235|0x000000008eb00000, 0x000000008ec00000, 0x000000008ec00000|100%| O|  |TAMS 0x000000008eb00000, 0x000000008eb00000| Untracked 
| 236|0x000000008ec00000, 0x000000008ed00000, 0x000000008ed00000|100%| O|  |TAMS 0x000000008ec00000, 0x000000008ec00000| Untracked 
| 237|0x000000008ed00000, 0x000000008ee00000, 0x000000008ee00000|100%| O|  |TAMS 0x000000008ed00000, 0x000000008ed00000| Untracked 
| 238|0x000000008ee00000, 0x000000008ef00000, 0x000000008ef00000|100%| O|  |TAMS 0x000000008ee00000, 0x000000008ee00000| Untracked 
| 239|0x000000008ef00000, 0x000000008f000000, 0x000000008f000000|100%| O|  |TAMS 0x000000008ef00000, 0x000000008ef00000| Untracked 
| 240|0x000000008f000000, 0x000000008f100000, 0x000000008f100000|100%| O|  |TAMS 0x000000008f000000, 0x000000008f000000| Untracked 
| 241|0x000000008f100000, 0x000000008f200000, 0x000000008f200000|100%| O|  |TAMS 0x000000008f100000, 0x000000008f100000| Untracked 
| 242|0x000000008f200000, 0x000000008f300000, 0x000000008f300000|100%| O|  |TAMS 0x000000008f200000, 0x000000008f200000| Untracked 
| 243|0x000000008f300000, 0x000000008f400000, 0x000000008f400000|100%| O|  |TAMS 0x000000008f300000, 0x000000008f300000| Untracked 
| 244|0x000000008f400000, 0x000000008f500000, 0x000000008f500000|100%| O|  |TAMS 0x000000008f400000, 0x000000008f400000| Untracked 
| 245|0x000000008f500000, 0x000000008f600000, 0x000000008f600000|100%|HS|  |TAMS 0x000000008f500000, 0x000000008f500000| Complete 
| 246|0x000000008f600000, 0x000000008f700000, 0x000000008f700000|100%|HS|  |TAMS 0x000000008f600000, 0x000000008f600000| Complete 
| 247|0x000000008f700000, 0x000000008f800000, 0x000000008f800000|100%|HS|  |TAMS 0x000000008f700000, 0x000000008f700000| Complete 
| 248|0x000000008f800000, 0x000000008f900000, 0x000000008f900000|100%|HS|  |TAMS 0x000000008f800000, 0x000000008f800000| Complete 
| 249|0x000000008f900000, 0x000000008fa00000, 0x000000008fa00000|100%|HC|  |TAMS 0x000000008f900000, 0x000000008f900000| Complete 
| 250|0x000000008fa00000, 0x000000008fa00000, 0x000000008fb00000|  0%| F|  |TAMS 0x000000008fa00000, 0x000000008fa00000| Untracked 
| 251|0x000000008fb00000, 0x000000008fc00000, 0x000000008fc00000|100%|HS|  |TAMS 0x000000008fb00000, 0x000000008fb00000| Complete 
| 252|0x000000008fc00000, 0x000000008fd00000, 0x000000008fd00000|100%|HS|  |TAMS 0x000000008fc00000, 0x000000008fc00000| Complete 
| 253|0x000000008fd00000, 0x000000008fe00000, 0x000000008fe00000|100%|HS|  |TAMS 0x000000008fd00000, 0x000000008fd00000| Complete 
| 254|0x000000008fe00000, 0x000000008ff00000, 0x000000008ff00000|100%|HC|  |TAMS 0x000000008fe00000, 0x000000008fe00000| Complete 
| 255|0x000000008ff00000, 0x0000000090000000, 0x0000000090000000|100%| O|  |TAMS 0x000000008ff00000, 0x000000008ff00000| Untracked 
| 256|0x0000000090000000, 0x0000000090100000, 0x0000000090100000|100%| O|  |TAMS 0x0000000090100000, 0x0000000090000000| Untracked 
| 257|0x0000000090100000, 0x0000000090200000, 0x0000000090200000|100%| O|  |TAMS 0x0000000090200000, 0x0000000090100000| Untracked 
| 258|0x0000000090200000, 0x0000000090300000, 0x0000000090300000|100%| O|  |TAMS 0x0000000090300000, 0x0000000090200000| Untracked 
| 259|0x0000000090300000, 0x0000000090400000, 0x0000000090400000|100%| O|  |TAMS 0x0000000090400000, 0x0000000090300000| Untracked 
| 260|0x0000000090400000, 0x0000000090500000, 0x0000000090500000|100%| O|  |TAMS 0x0000000090500000, 0x0000000090400000| Untracked 
| 261|0x0000000090500000, 0x0000000090600000, 0x0000000090600000|100%| O|  |TAMS 0x0000000090600000, 0x0000000090500000| Untracked 
| 262|0x0000000090600000, 0x0000000090700000, 0x0000000090700000|100%| O|  |TAMS 0x0000000090700000, 0x0000000090600000| Untracked 
| 263|0x0000000090700000, 0x0000000090800000, 0x0000000090800000|100%| O|  |TAMS 0x0000000090800000, 0x0000000090700000| Untracked 
| 264|0x0000000090800000, 0x0000000090900000, 0x0000000090900000|100%| O|  |TAMS 0x0000000090900000, 0x0000000090800000| Untracked 
| 265|0x0000000090900000, 0x0000000090a00000, 0x0000000090a00000|100%| O|  |TAMS 0x0000000090a00000, 0x0000000090900000| Untracked 
| 266|0x0000000090a00000, 0x0000000090b00000, 0x0000000090b00000|100%| O|  |TAMS 0x0000000090b00000, 0x0000000090a00000| Untracked 
| 267|0x0000000090b00000, 0x0000000090c00000, 0x0000000090c00000|100%| O|  |TAMS 0x0000000090c00000, 0x0000000090b00000| Untracked 
| 268|0x0000000090c00000, 0x0000000090d00000, 0x0000000090d00000|100%| O|  |TAMS 0x0000000090d00000, 0x0000000090c00000| Untracked 
| 269|0x0000000090d00000, 0x0000000090e00000, 0x0000000090e00000|100%| O|  |TAMS 0x0000000090e00000, 0x0000000090d00000| Untracked 
| 270|0x0000000090e00000, 0x0000000090f00000, 0x0000000090f00000|100%| O|  |TAMS 0x0000000090f00000, 0x0000000090e00000| Untracked 
| 271|0x0000000090f00000, 0x0000000091000000, 0x0000000091000000|100%| O|  |TAMS 0x0000000091000000, 0x0000000090f00000| Untracked 
| 272|0x0000000091000000, 0x0000000091100000, 0x0000000091100000|100%| O|  |TAMS 0x0000000091000000, 0x0000000091000000| Untracked 
| 273|0x0000000091100000, 0x0000000091200000, 0x0000000091200000|100%| O|  |TAMS 0x0000000091100000, 0x0000000091100000| Untracked 
| 274|0x0000000091200000, 0x0000000091300000, 0x0000000091300000|100%| O|  |TAMS 0x0000000091200000, 0x0000000091200000| Untracked 
| 275|0x0000000091300000, 0x0000000091400000, 0x0000000091400000|100%| O|  |TAMS 0x0000000091300000, 0x0000000091300000| Untracked 
| 276|0x0000000091400000, 0x0000000091500000, 0x0000000091500000|100%| O|  |TAMS 0x0000000091400000, 0x0000000091400000| Untracked 
| 277|0x0000000091500000, 0x0000000091533800, 0x0000000091600000| 20%| O|  |TAMS 0x0000000091500000, 0x0000000091500000| Untracked 
| 278|0x0000000091600000, 0x0000000091600000, 0x0000000091700000|  0%| F|  |TAMS 0x0000000091600000, 0x0000000091600000| Untracked 
| 279|0x0000000091700000, 0x0000000091700000, 0x0000000091800000|  0%| F|  |TAMS 0x0000000091700000, 0x0000000091700000| Untracked 
| 280|0x0000000091800000, 0x0000000091800000, 0x0000000091900000|  0%| F|  |TAMS 0x0000000091800000, 0x0000000091800000| Untracked 
| 281|0x0000000091900000, 0x0000000091900000, 0x0000000091a00000|  0%| F|  |TAMS 0x0000000091900000, 0x0000000091900000| Untracked 
| 282|0x0000000091a00000, 0x0000000091a00000, 0x0000000091b00000|  0%| F|  |TAMS 0x0000000091a00000, 0x0000000091a00000| Untracked 
| 283|0x0000000091b00000, 0x0000000091b00000, 0x0000000091c00000|  0%| F|  |TAMS 0x0000000091b00000, 0x0000000091b00000| Untracked 
| 284|0x0000000091c00000, 0x0000000091c00000, 0x0000000091d00000|  0%| F|  |TAMS 0x0000000091c00000, 0x0000000091c00000| Untracked 
| 285|0x0000000091d00000, 0x0000000091d00000, 0x0000000091e00000|  0%| F|  |TAMS 0x0000000091d00000, 0x0000000091d00000| Untracked 
| 286|0x0000000091e00000, 0x0000000091e00000, 0x0000000091f00000|  0%| F|  |TAMS 0x0000000091e00000, 0x0000000091e00000| Untracked 
| 287|0x0000000091f00000, 0x0000000091f00000, 0x0000000092000000|  0%| F|  |TAMS 0x0000000091f00000, 0x0000000091f00000| Untracked 
| 288|0x0000000092000000, 0x0000000092000000, 0x0000000092100000|  0%| F|  |TAMS 0x0000000092000000, 0x0000000092000000| Untracked 
| 289|0x0000000092100000, 0x0000000092100000, 0x0000000092200000|  0%| F|  |TAMS 0x0000000092100000, 0x0000000092100000| Untracked 
| 290|0x0000000092200000, 0x0000000092200000, 0x0000000092300000|  0%| F|  |TAMS 0x0000000092200000, 0x0000000092200000| Untracked 
| 291|0x0000000092300000, 0x0000000092300000, 0x0000000092400000|  0%| F|  |TAMS 0x0000000092300000, 0x0000000092300000| Untracked 
| 292|0x0000000092400000, 0x0000000092400000, 0x0000000092500000|  0%| F|  |TAMS 0x0000000092400000, 0x0000000092400000| Untracked 
| 293|0x0000000092500000, 0x0000000092500000, 0x0000000092600000|  0%| F|  |TAMS 0x0000000092500000, 0x0000000092500000| Untracked 
| 294|0x0000000092600000, 0x0000000092600000, 0x0000000092700000|  0%| F|  |TAMS 0x0000000092600000, 0x0000000092600000| Untracked 
| 295|0x0000000092700000, 0x0000000092700000, 0x0000000092800000|  0%| F|  |TAMS 0x0000000092700000, 0x0000000092700000| Untracked 
| 296|0x0000000092800000, 0x0000000092800000, 0x0000000092900000|  0%| F|  |TAMS 0x0000000092800000, 0x0000000092800000| Untracked 
| 297|0x0000000092900000, 0x0000000092900000, 0x0000000092a00000|  0%| F|  |TAMS 0x0000000092900000, 0x0000000092900000| Untracked 
| 298|0x0000000092a00000, 0x0000000092a00000, 0x0000000092b00000|  0%| F|  |TAMS 0x0000000092a00000, 0x0000000092a00000| Untracked 
| 299|0x0000000092b00000, 0x0000000092b00000, 0x0000000092c00000|  0%| F|  |TAMS 0x0000000092b00000, 0x0000000092b00000| Untracked 
| 300|0x0000000092c00000, 0x0000000092c00000, 0x0000000092d00000|  0%| F|  |TAMS 0x0000000092c00000, 0x0000000092c00000| Untracked 
| 301|0x0000000092d00000, 0x0000000092d00000, 0x0000000092e00000|  0%| F|  |TAMS 0x0000000092d00000, 0x0000000092d00000| Untracked 
| 302|0x0000000092e00000, 0x0000000092e00000, 0x0000000092f00000|  0%| F|  |TAMS 0x0000000092e00000, 0x0000000092e00000| Untracked 
| 303|0x0000000092f00000, 0x0000000092f00000, 0x0000000093000000|  0%| F|  |TAMS 0x0000000092f00000, 0x0000000092f00000| Untracked 
| 304|0x0000000093000000, 0x0000000093000000, 0x0000000093100000|  0%| F|  |TAMS 0x0000000093000000, 0x0000000093000000| Untracked 
| 305|0x0000000093100000, 0x0000000093100000, 0x0000000093200000|  0%| F|  |TAMS 0x0000000093100000, 0x0000000093100000| Untracked 
| 306|0x0000000093200000, 0x0000000093200000, 0x0000000093300000|  0%| F|  |TAMS 0x0000000093200000, 0x0000000093200000| Untracked 
| 307|0x0000000093300000, 0x0000000093300000, 0x0000000093400000|  0%| F|  |TAMS 0x0000000093300000, 0x0000000093300000| Untracked 
| 308|0x0000000093400000, 0x0000000093400000, 0x0000000093500000|  0%| F|  |TAMS 0x0000000093400000, 0x0000000093400000| Untracked 
| 309|0x0000000093500000, 0x0000000093500000, 0x0000000093600000|  0%| F|  |TAMS 0x0000000093500000, 0x0000000093500000| Untracked 
| 310|0x0000000093600000, 0x0000000093600000, 0x0000000093700000|  0%| F|  |TAMS 0x0000000093600000, 0x0000000093600000| Untracked 
| 311|0x0000000093700000, 0x0000000093700000, 0x0000000093800000|  0%| F|  |TAMS 0x0000000093700000, 0x0000000093700000| Untracked 
| 312|0x0000000093800000, 0x0000000093800000, 0x0000000093900000|  0%| F|  |TAMS 0x0000000093800000, 0x0000000093800000| Untracked 
| 313|0x0000000093900000, 0x0000000093900000, 0x0000000093a00000|  0%| F|  |TAMS 0x0000000093900000, 0x0000000093900000| Untracked 
| 314|0x0000000093a00000, 0x0000000093a00000, 0x0000000093b00000|  0%| F|  |TAMS 0x0000000093a00000, 0x0000000093a00000| Untracked 
| 315|0x0000000093b00000, 0x0000000093b00000, 0x0000000093c00000|  0%| F|  |TAMS 0x0000000093b00000, 0x0000000093b00000| Untracked 
| 316|0x0000000093c00000, 0x0000000093c00000, 0x0000000093d00000|  0%| F|  |TAMS 0x0000000093c00000, 0x0000000093c00000| Untracked 
| 317|0x0000000093d00000, 0x0000000093d00000, 0x0000000093e00000|  0%| F|  |TAMS 0x0000000093d00000, 0x0000000093d00000| Untracked 
| 318|0x0000000093e00000, 0x0000000093e00000, 0x0000000093f00000|  0%| F|  |TAMS 0x0000000093e00000, 0x0000000093e00000| Untracked 
| 319|0x0000000093f00000, 0x0000000093f00000, 0x0000000094000000|  0%| F|  |TAMS 0x0000000093f00000, 0x0000000093f00000| Untracked 
| 320|0x0000000094000000, 0x0000000094000000, 0x0000000094100000|  0%| F|  |TAMS 0x0000000094000000, 0x0000000094000000| Untracked 
| 321|0x0000000094100000, 0x0000000094100000, 0x0000000094200000|  0%| F|  |TAMS 0x0000000094100000, 0x0000000094100000| Untracked 
| 322|0x0000000094200000, 0x0000000094200000, 0x0000000094300000|  0%| F|  |TAMS 0x0000000094200000, 0x0000000094200000| Untracked 
| 323|0x0000000094300000, 0x0000000094300000, 0x0000000094400000|  0%| F|  |TAMS 0x0000000094300000, 0x0000000094300000| Untracked 
| 324|0x0000000094400000, 0x0000000094400000, 0x0000000094500000|  0%| F|  |TAMS 0x0000000094400000, 0x0000000094400000| Untracked 
| 325|0x0000000094500000, 0x0000000094500000, 0x0000000094600000|  0%| F|  |TAMS 0x0000000094500000, 0x0000000094500000| Untracked 
| 326|0x0000000094600000, 0x0000000094600000, 0x0000000094700000|  0%| F|  |TAMS 0x0000000094600000, 0x0000000094600000| Untracked 
| 327|0x0000000094700000, 0x0000000094700000, 0x0000000094800000|  0%| F|  |TAMS 0x0000000094700000, 0x0000000094700000| Untracked 
| 328|0x0000000094800000, 0x0000000094800000, 0x0000000094900000|  0%| F|  |TAMS 0x0000000094800000, 0x0000000094800000| Untracked 
| 329|0x0000000094900000, 0x0000000094900000, 0x0000000094a00000|  0%| F|  |TAMS 0x0000000094900000, 0x0000000094900000| Untracked 
| 330|0x0000000094a00000, 0x0000000094a00000, 0x0000000094b00000|  0%| F|  |TAMS 0x0000000094a00000, 0x0000000094a00000| Untracked 
| 331|0x0000000094b00000, 0x0000000094c00000, 0x0000000094c00000|100%| S|CS|TAMS 0x0000000094b00000, 0x0000000094b00000| Complete 
| 332|0x0000000094c00000, 0x0000000094d00000, 0x0000000094d00000|100%| S|CS|TAMS 0x0000000094c00000, 0x0000000094c00000| Complete 
| 333|0x0000000094d00000, 0x0000000094e00000, 0x0000000094e00000|100%| S|CS|TAMS 0x0000000094d00000, 0x0000000094d00000| Complete 
| 334|0x0000000094e00000, 0x0000000094f00000, 0x0000000094f00000|100%| S|CS|TAMS 0x0000000094e00000, 0x0000000094e00000| Complete 
| 335|0x0000000094f00000, 0x0000000094f00000, 0x0000000095000000|  0%| F|  |TAMS 0x0000000094f00000, 0x0000000094f00000| Untracked 
| 336|0x0000000095000000, 0x0000000095000000, 0x0000000095100000|  0%| F|  |TAMS 0x0000000095000000, 0x0000000095000000| Untracked 
| 337|0x0000000095100000, 0x0000000095100000, 0x0000000095200000|  0%| F|  |TAMS 0x0000000095100000, 0x0000000095100000| Untracked 
| 338|0x0000000095200000, 0x0000000095200000, 0x0000000095300000|  0%| F|  |TAMS 0x0000000095200000, 0x0000000095200000| Untracked 
| 339|0x0000000095300000, 0x0000000095300000, 0x0000000095400000|  0%| F|  |TAMS 0x0000000095300000, 0x0000000095300000| Untracked 
| 340|0x0000000095400000, 0x0000000095400000, 0x0000000095500000|  0%| F|  |TAMS 0x0000000095400000, 0x0000000095400000| Untracked 
| 341|0x0000000095500000, 0x0000000095500000, 0x0000000095600000|  0%| F|  |TAMS 0x0000000095500000, 0x0000000095500000| Untracked 
| 342|0x0000000095600000, 0x0000000095600000, 0x0000000095700000|  0%| F|  |TAMS 0x0000000095600000, 0x0000000095600000| Untracked 
| 343|0x0000000095700000, 0x0000000095800000, 0x0000000095800000|100%| S|CS|TAMS 0x0000000095700000, 0x0000000095700000| Complete 
| 344|0x0000000095800000, 0x0000000095900000, 0x0000000095900000|100%| S|CS|TAMS 0x0000000095800000, 0x0000000095800000| Complete 
| 345|0x0000000095900000, 0x0000000095a00000, 0x0000000095a00000|100%| S|CS|TAMS 0x0000000095900000, 0x0000000095900000| Complete 
| 346|0x0000000095a00000, 0x0000000095a00000, 0x0000000095b00000|  0%| F|  |TAMS 0x0000000095a00000, 0x0000000095a00000| Untracked 
| 347|0x0000000095b00000, 0x0000000095b00000, 0x0000000095c00000|  0%| F|  |TAMS 0x0000000095b00000, 0x0000000095b00000| Untracked 
| 348|0x0000000095c00000, 0x0000000095c00000, 0x0000000095d00000|  0%| F|  |TAMS 0x0000000095c00000, 0x0000000095c00000| Untracked 
| 349|0x0000000095d00000, 0x0000000095d00000, 0x0000000095e00000|  0%| F|  |TAMS 0x0000000095d00000, 0x0000000095d00000| Untracked 
| 350|0x0000000095e00000, 0x0000000095e00000, 0x0000000095f00000|  0%| F|  |TAMS 0x0000000095e00000, 0x0000000095e00000| Untracked 
| 351|0x0000000095f00000, 0x0000000095f00000, 0x0000000096000000|  0%| F|  |TAMS 0x0000000095f00000, 0x0000000095f00000| Untracked 
| 352|0x0000000096000000, 0x0000000096000000, 0x0000000096100000|  0%| F|  |TAMS 0x0000000096000000, 0x0000000096000000| Untracked 
| 353|0x0000000096100000, 0x0000000096100000, 0x0000000096200000|  0%| F|  |TAMS 0x0000000096100000, 0x0000000096100000| Untracked 
| 354|0x0000000096200000, 0x0000000096200000, 0x0000000096300000|  0%| F|  |TAMS 0x0000000096200000, 0x0000000096200000| Untracked 
| 355|0x0000000096300000, 0x0000000096300000, 0x0000000096400000|  0%| F|  |TAMS 0x0000000096300000, 0x0000000096300000| Untracked 
| 356|0x0000000096400000, 0x0000000096400000, 0x0000000096500000|  0%| F|  |TAMS 0x0000000096400000, 0x0000000096400000| Untracked 
| 357|0x0000000096500000, 0x0000000096500000, 0x0000000096600000|  0%| F|  |TAMS 0x0000000096500000, 0x0000000096500000| Untracked 
| 358|0x0000000096600000, 0x0000000096600000, 0x0000000096700000|  0%| F|  |TAMS 0x0000000096600000, 0x0000000096600000| Untracked 
| 359|0x0000000096700000, 0x0000000096700000, 0x0000000096800000|  0%| F|  |TAMS 0x0000000096700000, 0x0000000096700000| Untracked 
| 360|0x0000000096800000, 0x0000000096800000, 0x0000000096900000|  0%| F|  |TAMS 0x0000000096800000, 0x0000000096800000| Untracked 
| 361|0x0000000096900000, 0x0000000096900000, 0x0000000096a00000|  0%| F|  |TAMS 0x0000000096900000, 0x0000000096900000| Untracked 
| 362|0x0000000096a00000, 0x0000000096a00000, 0x0000000096b00000|  0%| F|  |TAMS 0x0000000096a00000, 0x0000000096a00000| Untracked 
| 363|0x0000000096b00000, 0x0000000096b00000, 0x0000000096c00000|  0%| F|  |TAMS 0x0000000096b00000, 0x0000000096b00000| Untracked 
| 364|0x0000000096c00000, 0x0000000096c00000, 0x0000000096d00000|  0%| F|  |TAMS 0x0000000096c00000, 0x0000000096c00000| Untracked 
| 365|0x0000000096d00000, 0x0000000096d00000, 0x0000000096e00000|  0%| F|  |TAMS 0x0000000096d00000, 0x0000000096d00000| Untracked 
| 366|0x0000000096e00000, 0x0000000096e00000, 0x0000000096f00000|  0%| F|  |TAMS 0x0000000096e00000, 0x0000000096e00000| Untracked 
| 367|0x0000000096f00000, 0x0000000096f00000, 0x0000000097000000|  0%| F|  |TAMS 0x0000000096f00000, 0x0000000096f00000| Untracked 
| 368|0x0000000097000000, 0x0000000097000000, 0x0000000097100000|  0%| F|  |TAMS 0x0000000097000000, 0x0000000097000000| Untracked 
| 369|0x0000000097100000, 0x0000000097100000, 0x0000000097200000|  0%| F|  |TAMS 0x0000000097100000, 0x0000000097100000| Untracked 
| 370|0x0000000097200000, 0x0000000097200000, 0x0000000097300000|  0%| F|  |TAMS 0x0000000097200000, 0x0000000097200000| Untracked 
| 371|0x0000000097300000, 0x0000000097300000, 0x0000000097400000|  0%| F|  |TAMS 0x0000000097300000, 0x0000000097300000| Untracked 
| 372|0x0000000097400000, 0x0000000097400000, 0x0000000097500000|  0%| F|  |TAMS 0x0000000097400000, 0x0000000097400000| Untracked 
| 373|0x0000000097500000, 0x0000000097500000, 0x0000000097600000|  0%| F|  |TAMS 0x0000000097500000, 0x0000000097500000| Untracked 
| 374|0x0000000097600000, 0x0000000097600000, 0x0000000097700000|  0%| F|  |TAMS 0x0000000097600000, 0x0000000097600000| Untracked 
| 375|0x0000000097700000, 0x0000000097700000, 0x0000000097800000|  0%| F|  |TAMS 0x0000000097700000, 0x0000000097700000| Untracked 
| 376|0x0000000097800000, 0x0000000097800000, 0x0000000097900000|  0%| F|  |TAMS 0x0000000097800000, 0x0000000097800000| Untracked 
| 377|0x0000000097900000, 0x0000000097900000, 0x0000000097a00000|  0%| F|  |TAMS 0x0000000097900000, 0x0000000097900000| Untracked 
| 378|0x0000000097a00000, 0x0000000097a00000, 0x0000000097b00000|  0%| F|  |TAMS 0x0000000097a00000, 0x0000000097a00000| Untracked 
| 379|0x0000000097b00000, 0x0000000097b00000, 0x0000000097c00000|  0%| F|  |TAMS 0x0000000097b00000, 0x0000000097b00000| Untracked 
| 380|0x0000000097c00000, 0x0000000097c00000, 0x0000000097d00000|  0%| F|  |TAMS 0x0000000097c00000, 0x0000000097c00000| Untracked 
| 381|0x0000000097d00000, 0x0000000097d00000, 0x0000000097e00000|  0%| F|  |TAMS 0x0000000097d00000, 0x0000000097d00000| Untracked 
| 382|0x0000000097e00000, 0x0000000097e00000, 0x0000000097f00000|  0%| F|  |TAMS 0x0000000097e00000, 0x0000000097e00000| Untracked 
| 383|0x0000000097f00000, 0x0000000097f00000, 0x0000000098000000|  0%| F|  |TAMS 0x0000000097f00000, 0x0000000097f00000| Untracked 
| 384|0x0000000098000000, 0x0000000098000000, 0x0000000098100000|  0%| F|  |TAMS 0x0000000098000000, 0x0000000098000000| Untracked 
| 385|0x0000000098100000, 0x0000000098100000, 0x0000000098200000|  0%| F|  |TAMS 0x0000000098100000, 0x0000000098100000| Untracked 
| 386|0x0000000098200000, 0x0000000098200000, 0x0000000098300000|  0%| F|  |TAMS 0x0000000098200000, 0x0000000098200000| Untracked 
| 387|0x0000000098300000, 0x0000000098300000, 0x0000000098400000|  0%| F|  |TAMS 0x0000000098300000, 0x0000000098300000| Untracked 
| 388|0x0000000098400000, 0x0000000098400000, 0x0000000098500000|  0%| F|  |TAMS 0x0000000098400000, 0x0000000098400000| Untracked 
| 389|0x0000000098500000, 0x0000000098500000, 0x0000000098600000|  0%| F|  |TAMS 0x0000000098500000, 0x0000000098500000| Untracked 
| 390|0x0000000098600000, 0x0000000098600000, 0x0000000098700000|  0%| F|  |TAMS 0x0000000098600000, 0x0000000098600000| Untracked 
| 391|0x0000000098700000, 0x0000000098700000, 0x0000000098800000|  0%| F|  |TAMS 0x0000000098700000, 0x0000000098700000| Untracked 
| 392|0x0000000098800000, 0x0000000098800000, 0x0000000098900000|  0%| F|  |TAMS 0x0000000098800000, 0x0000000098800000| Untracked 

Card table byte_map: [0x000001f1b8470000,0x000001f1b8870000] _byte_map_base: 0x000001f1b8070000

Marking Bits (Prev, Next): (CMBitMap*) 0x000001f1a52ab1b8, (CMBitMap*) 0x000001f1a52ab1f0
 Prev Bits: [0x000001f1b8c70000, 0x000001f1bac70000)
 Next Bits: [0x000001f1bac70000, 0x000001f1bcc70000)

Polling page: 0x000001f1a33e0000

Metaspace:

Usage:
  Non-class:    102.33 MB capacity,   100.65 MB ( 98%) used,     1.36 MB (  1%) free+waste,   324.56 KB ( <1%) overhead. 
      Class:     15.25 MB capacity,    14.29 MB ( 94%) used,   837.71 KB (  5%) free+waste,   142.81 KB ( <1%) overhead. 
       Both:    117.58 MB capacity,   114.94 MB ( 98%) used,     2.18 MB (  2%) free+waste,   467.38 KB ( <1%) overhead. 

Virtual space:
  Non-class space:      104.00 MB reserved,     102.50 MB ( 99%) committed 
      Class space:        1.00 GB reserved,      15.25 MB (  1%) committed 
             Both:        1.10 GB reserved,     117.75 MB ( 10%) committed 

Chunk freelists:
   Non-Class:  45.00 KB
       Class:  0 bytes
        Both:  45.00 KB

MaxMetaspaceSize: 17179869184.00 GB
CompressedClassSpaceSize: 1.00 GB

CodeHeap 'non-profiled nmethods': size=120000Kb used=11381Kb max_used=11582Kb free=108618Kb
 bounds [0x000001f1b0810000, 0x000001f1b1370000, 0x000001f1b7d40000]
CodeHeap 'profiled nmethods': size=120000Kb used=35774Kb max_used=36105Kb free=84225Kb
 bounds [0x000001f1a92e0000, 0x000001f1ab670000, 0x000001f1b0810000]
CodeHeap 'non-nmethods': size=5760Kb used=2305Kb max_used=2376Kb free=3455Kb
 bounds [0x000001f1a8d40000, 0x000001f1a8fb0000, 0x000001f1a92e0000]
 total_blobs=17808 nmethods=16895 adapters=822
 compilation: enabled
              stopped_count=0, restarted_count=0
 full_count=0

Compilation events (20 events):
Event: 88.740 Thread 0x000001f1bf6ed000 nmethod 18064 0x000001f1a977e310 code [0x000001f1a977e520, 0x000001f1a977ea48]
Event: 88.740 Thread 0x000001f1bf6ed000 18065       3       com.sun.tools.javac.comp.Check::checkNonVoid (32 bytes)
Event: 88.741 Thread 0x000001f1bf6ed000 nmethod 18065 0x000001f1a978d710 code [0x000001f1a978d960, 0x000001f1a978e2b8]
Event: 88.741 Thread 0x000001f1bf6ed000 18066       3       com.sun.tools.javac.comp.Attr$ResultInfo::<init> (13 bytes)
Event: 88.742 Thread 0x000001f1bf6ed000 nmethod 18066 0x000001f1a976ba90 code [0x000001f1a976bc60, 0x000001f1a976bff8]
Event: 88.742 Thread 0x000001f1bf6ed000 18057       2       com.sun.tools.javac.comp.Resolve$5::hasNext (55 bytes)
Event: 88.742 Thread 0x000001f1bf6ed000 nmethod 18057 0x000001f1a9780b90 code [0x000001f1a9780d60, 0x000001f1a9780f98]
Event: 88.742 Thread 0x000001f1bf6ed000 18061       2       com.sun.tools.javac.comp.Resolve$MethodResolutionContext::deferredAttrContext (62 bytes)
Event: 88.743 Thread 0x000001f1bf6ed000 nmethod 18061 0x000001f1a978d010 code [0x000001f1a978d200, 0x000001f1a978d508]
Event: 88.743 Thread 0x000001f1bf6ed000 18062       2       com.sun.tools.javac.comp.Resolve$4::argumentsAcceptable (69 bytes)
Event: 88.743 Thread 0x000001f1bf6ed000 nmethod 18062 0x000001f1a9795b90 code [0x000001f1a9795d80, 0x000001f1a9796048]
Event: 88.743 Thread 0x000001f1bf6ed000 18068       3       com.sun.tools.javac.comp.Resolve::findVar (545 bytes)
Event: 88.745 Thread 0x000001f1caefe800 nmethod 17922 0x000001f1b096f690 code [0x000001f1b096f8e0, 0x000001f1b0970eb8]
Event: 88.745 Thread 0x000001f1caefe800 17937       4       java.nio.MappedByteBuffer::limit (6 bytes)
Event: 88.746 Thread 0x000001f1bf6ed000 nmethod 18068 0x000001f1a97d6f90 code [0x000001f1a97d7440, 0x000001f1a97d9d28]
Event: 88.746 Thread 0x000001f1caefe800 nmethod 17937 0x000001f1b0930710 code [0x000001f1b09308a0, 0x000001f1b0930978]
Event: 88.746 Thread 0x000001f1caefe800 18074       4       com.android.tools.r8.dex.C::a (14 bytes)
Event: 88.746 Thread 0x000001f1bf6ed000 18069 %     3       java.lang.String::join @ 28 (59 bytes)
Event: 88.747 Thread 0x000001f1bf6ed000 nmethod 18069% 0x000001f1a9797610 code [0x000001f1a9797840, 0x000001f1a9797ec8]
Event: 88.747 Thread 0x000001f1bf6ed000 18070 %     3       com.android.tools.r8.naming.v$b::a @ 22 (88 bytes)

GC Heap History (20 events):
Event: 85.467 GC heap after
{Heap after GC invocations=34 (full 0):
 garbage-first heap   total 334848K, used 221212K [0x0000000080000000, 0x0000000100000000)
  region size 1024K, 3 young (3072K), 3 survivors (3072K)
 Metaspace       used 107223K, capacity 109690K, committed 109824K, reserved 1144832K
  class space    used 13431K, capacity 14334K, committed 14336K, reserved 1048576K
}
Event: 85.634 GC heap before
{Heap before GC invocations=34 (full 0):
 garbage-first heap   total 334848K, used 233500K [0x0000000080000000, 0x0000000100000000)
  region size 1024K, 16 young (16384K), 3 survivors (3072K)
 Metaspace       used 107623K, capacity 110130K, committed 110208K, reserved 1144832K
  class space    used 13498K, capacity 14396K, committed 14464K, reserved 1048576K
}
Event: 85.646 GC heap after
{Heap after GC invocations=35 (full 0):
 garbage-first heap   total 334848K, used 223066K [0x0000000080000000, 0x0000000100000000)
  region size 1024K, 2 young (2048K), 2 survivors (2048K)
 Metaspace       used 107623K, capacity 110130K, committed 110208K, reserved 1144832K
  class space    used 13498K, capacity 14396K, committed 14464K, reserved 1048576K
}
Event: 86.016 GC heap before
{Heap before GC invocations=35 (full 0):
 garbage-first heap   total 334848K, used 255834K [0x0000000080000000, 0x0000000100000000)
  region size 1024K, 36 young (36864K), 2 survivors (2048K)
 Metaspace       used 109302K, capacity 111760K, committed 112000K, reserved 1146880K
  class space    used 13720K, capacity 14637K, committed 14720K, reserved 1048576K
}
Event: 86.025 GC heap after
{Heap after GC invocations=36 (full 0):
 garbage-first heap   total 334848K, used 226975K [0x0000000080000000, 0x0000000100000000)
  region size 1024K, 5 young (5120K), 5 survivors (5120K)
 Metaspace       used 109302K, capacity 111760K, committed 112000K, reserved 1146880K
  class space    used 13720K, capacity 14637K, committed 14720K, reserved 1048576K
}
Event: 86.467 GC heap before
{Heap before GC invocations=36 (full 0):
 garbage-first heap   total 334848K, used 262815K [0x0000000080000000, 0x0000000100000000)
  region size 1024K, 39 young (39936K), 5 survivors (5120K)
 Metaspace       used 110910K, capacity 113457K, committed 113792K, reserved 1148928K
  class space    used 13949K, capacity 14880K, committed 14976K, reserved 1048576K
}
Event: 86.483 GC heap after
{Heap after GC invocations=37 (full 0):
 garbage-first heap   total 334848K, used 232495K [0x0000000080000000, 0x0000000100000000)
  region size 1024K, 4 young (4096K), 4 survivors (4096K)
 Metaspace       used 110910K, capacity 113457K, committed 113792K, reserved 1148928K
  class space    used 13949K, capacity 14880K, committed 14976K, reserved 1048576K
}
Event: 86.645 GC heap before
{Heap before GC invocations=37 (full 0):
 garbage-first heap   total 334848K, used 251951K [0x0000000080000000, 0x0000000100000000)
  region size 1024K, 21 young (21504K), 4 survivors (4096K)
 Metaspace       used 112485K, capacity 115053K, committed 115200K, reserved 1148928K
  class space    used 14134K, capacity 15050K, committed 15104K, reserved 1048576K
}
Event: 86.657 GC heap after
{Heap after GC invocations=38 (full 0):
 garbage-first heap   total 334848K, used 237752K [0x0000000080000000, 0x0000000100000000)
  region size 1024K, 2 young (2048K), 2 survivors (2048K)
 Metaspace       used 112485K, capacity 115053K, committed 115200K, reserved 1148928K
  class space    used 14134K, capacity 15050K, committed 15104K, reserved 1048576K
}
Event: 87.151 GC heap before
{Heap before GC invocations=38 (full 0):
 garbage-first heap   total 334848K, used 260280K [0x0000000080000000, 0x0000000100000000)
  region size 1024K, 35 young (35840K), 2 survivors (2048K)
 Metaspace       used 114511K, capacity 117118K, committed 117248K, reserved 1150976K
  class space    used 14343K, capacity 15271K, committed 15360K, reserved 1048576K
}
Event: 87.163 GC heap after
{Heap after GC invocations=39 (full 0):
 garbage-first heap   total 334848K, used 233461K [0x0000000080000000, 0x0000000100000000)
  region size 1024K, 5 young (5120K), 5 survivors (5120K)
 Metaspace       used 114511K, capacity 117118K, committed 117248K, reserved 1150976K
  class space    used 14343K, capacity 15271K, committed 15360K, reserved 1048576K
}
Event: 87.471 GC heap before
{Heap before GC invocations=40 (full 0):
 garbage-first heap   total 334848K, used 279541K [0x0000000080000000, 0x0000000100000000)
  region size 1024K, 41 young (41984K), 5 survivors (5120K)
 Metaspace       used 115120K, capacity 117782K, committed 118016K, reserved 1153024K
  class space    used 14404K, capacity 15356K, committed 15360K, reserved 1048576K
}
Event: 87.491 GC heap after
{Heap after GC invocations=41 (full 0):
 garbage-first heap   total 402432K, used 242688K [0x0000000080000000, 0x0000000100000000)
  region size 1024K, 6 young (6144K), 6 survivors (6144K)
 Metaspace       used 115120K, capacity 117782K, committed 118016K, reserved 1153024K
  class space    used 14404K, capacity 15356K, committed 15360K, reserved 1048576K
}
Event: 87.614 GC heap before
{Heap before GC invocations=41 (full 0):
 garbage-first heap   total 402432K, used 262144K [0x0000000080000000, 0x0000000100000000)
  region size 1024K, 19 young (19456K), 6 survivors (6144K)
 Metaspace       used 115206K, capacity 117844K, committed 118144K, reserved 1153024K
  class space    used 14418K, capacity 15374K, committed 15488K, reserved 1048576K
}
Event: 87.628 GC heap after
{Heap after GC invocations=42 (full 0):
 garbage-first heap   total 402432K, used 235729K [0x0000000080000000, 0x0000000100000000)
  region size 1024K, 3 young (3072K), 3 survivors (3072K)
 Metaspace       used 115206K, capacity 117844K, committed 118144K, reserved 1153024K
  class space    used 14418K, capacity 15374K, committed 15488K, reserved 1048576K
}
Event: 88.252 GC heap before
{Heap before GC invocations=42 (full 0):
 garbage-first heap   total 402432K, used 308433K [0x0000000080000000, 0x0000000100000000)
  region size 1024K, 61 young (62464K), 3 survivors (3072K)
 Metaspace       used 116277K, capacity 119006K, committed 119168K, reserved 1153024K
  class space    used 14509K, capacity 15480K, committed 15488K, reserved 1048576K
}
Event: 88.267 GC heap after
{Heap after GC invocations=43 (full 0):
 garbage-first heap   total 402432K, used 263004K [0x0000000080000000, 0x0000000100000000)
  region size 1024K, 8 young (8192K), 8 survivors (8192K)
 Metaspace       used 116277K, capacity 119006K, committed 119168K, reserved 1153024K
  class space    used 14509K, capacity 15480K, committed 15488K, reserved 1048576K
}
Event: 88.463 GC heap before
{Heap before GC invocations=43 (full 0):
 garbage-first heap   total 402432K, used 314204K [0x0000000080000000, 0x0000000100000000)
  region size 1024K, 58 young (59392K), 8 survivors (8192K)
 Metaspace       used 116579K, capacity 119234K, committed 119424K, reserved 1153024K
  class space    used 14520K, capacity 15486K, committed 15488K, reserved 1048576K
}
Event: 88.481 GC heap after
{Heap after GC invocations=44 (full 0):
 garbage-first heap   total 402432K, used 274601K [0x0000000080000000, 0x0000000100000000)
  region size 1024K, 8 young (8192K), 8 survivors (8192K)
 Metaspace       used 116579K, capacity 119234K, committed 119424K, reserved 1153024K
  class space    used 14520K, capacity 15486K, committed 15488K, reserved 1048576K
}
Event: 88.750 GC heap before
{Heap before GC invocations=44 (full 0):
 garbage-first heap   total 402432K, used 331945K [0x0000000080000000, 0x0000000100000000)
  region size 1024K, 55 young (56320K), 8 survivors (8192K)
 Metaspace       used 117702K, capacity 120403K, committed 120576K, reserved 1155072K
  class space    used 14635K, capacity 15616K, committed 15616K, reserved 1048576K
}

Deoptimization events (20 events):
Event: 88.719 Thread 0x000001f1c6ca9000 Uncommon trap: trap_request=0xffffffbe fr.pc=0x000001f1b0933c24 relative=0x0000000000000ac4
Event: 88.719 Thread 0x000001f1c6ca9000 Uncommon trap: reason=profile_predicate action=maybe_recompile pc=0x000001f1b0933c24 method=com.android.tools.r8.graph.v1.d(Ljava/util/function/Function;)Lcom/android/tools/r8/utils/t1; @ 21 c2
Event: 88.719 Thread 0x000001f1c6ca9000 DEOPT PACKING pc=0x000001f1b0933c24 sp=0x0000006c957fe8d0
Event: 88.719 Thread 0x000001f1c6ca9000 DEOPT UNPACKING pc=0x000001f1a8d678af sp=0x0000006c957fe8e8 mode 2
Event: 88.721 Thread 0x000001f1c6ca9000 DEOPT PACKING pc=0x000001f1ab34dd03 sp=0x0000006c957fe530
Event: 88.721 Thread 0x000001f1c6ca9000 DEOPT UNPACKING pc=0x000001f1a8d676ce sp=0x0000006c957fd9e8 mode 0
Event: 88.721 Thread 0x000001f1c6ca9000 Uncommon trap: trap_request=0xffffffbe fr.pc=0x000001f1b0933c24 relative=0x0000000000000ac4
Event: 88.721 Thread 0x000001f1c6ca9000 Uncommon trap: reason=profile_predicate action=maybe_recompile pc=0x000001f1b0933c24 method=com.android.tools.r8.graph.v1.d(Ljava/util/function/Function;)Lcom/android/tools/r8/utils/t1; @ 21 c2
Event: 88.721 Thread 0x000001f1c6ca9000 DEOPT PACKING pc=0x000001f1b0933c24 sp=0x0000006c957fe8d0
Event: 88.721 Thread 0x000001f1c6ca9000 DEOPT UNPACKING pc=0x000001f1a8d678af sp=0x0000006c957fe8e8 mode 2
Event: 88.726 Thread 0x000001f1c1899000 Uncommon trap: trap_request=0xffffff4d fr.pc=0x000001f1b08a773c relative=0x00000000000006dc
Event: 88.726 Thread 0x000001f1c1899000 Uncommon trap: reason=unstable_if action=reinterpret pc=0x000001f1b08a773c method=com.sun.tools.javac.comp.Attr$TypeAnnotationsValidator.validateAnnotatedType(Lcom/sun/tools/javac/tree/JCTree;Lcom/sun/tools/javac/code/Type;)V @ 126 c2
Event: 88.726 Thread 0x000001f1c1899000 DEOPT PACKING pc=0x000001f1b08a773c sp=0x0000006c941f9a70
Event: 88.726 Thread 0x000001f1c1899000 DEOPT UNPACKING pc=0x000001f1a8d678af sp=0x0000006c941f9a50 mode 2
Event: 88.728 Thread 0x000001f1c6ca9000 DEOPT PACKING pc=0x000001f1ab34dd03 sp=0x0000006c957fe620
Event: 88.728 Thread 0x000001f1c6ca9000 DEOPT UNPACKING pc=0x000001f1a8d676ce sp=0x0000006c957fdad8 mode 0
Event: 88.738 Thread 0x000001f1c1899000 Uncommon trap: trap_request=0xffffffc6 fr.pc=0x000001f1b0cf7fe4 relative=0x00000000000007e4
Event: 88.738 Thread 0x000001f1c1899000 Uncommon trap: reason=bimorphic_or_optimized_type_check action=maybe_recompile pc=0x000001f1b0cf7fe4 method=java.util.HashMap.removeNode(ILjava/lang/Object;Ljava/lang/Object;ZZ)Ljava/util/HashMap$Node; @ 68 c2
Event: 88.739 Thread 0x000001f1c1899000 DEOPT PACKING pc=0x000001f1b0cf7fe4 sp=0x0000006c941f79f0
Event: 88.739 Thread 0x000001f1c1899000 DEOPT UNPACKING pc=0x000001f1a8d678af sp=0x0000006c941f7988 mode 2

Classes redefined (0 events):
No events

Internal exceptions (20 events):
Event: 87.767 Thread 0x000001f1c1899000 Exception <a 'sun/nio/fs/WindowsException'{0x00000000972b5600}> (0x00000000972b5600) thrown at [./src/hotspot/share/prims/jni.cpp, line 615]
Event: 87.778 Thread 0x000001f1c1899000 Implicit null exception at 0x000001f1b11ac9ac to 0x000001f1b11acb5a
Event: 87.998 Thread 0x000001f1c6ca9000 Exception <a 'java/lang/NoSuchMethodError'{0x0000000097facb00}: 'void java.lang.invoke.DirectMethodHandle$Holder.invokeSpecial(java.lang.Object, java.lang.Object, java.lang.Object, java.lang.Object, java.lang.Object, int, java.lang.Object)'> (0x0000000097facb00) thrown at [./src/hotspot/share/interpreter/linkResolver.cpp, line 773]
Event: 87.999 Thread 0x000001f1c6ca9000 Exception <a 'java/lang/NoSuchMethodError'{0x0000000096507050}: 'java.lang.Object java.lang.invoke.DirectMethodHandle$Holder.invokeStatic(java.lang.Object, java.lang.Object, java.lang.Object, java.lang.Object, java.lang.Object, int)'> (0x0000000096507050) thrown at [./src/hotspot/share/interpreter/linkResolver.cpp, line 773]
Event: 87.999 Thread 0x000001f1c6ca9000 Exception <a 'java/lang/NoSuchMethodError'{0x000000009650a980}: 'java.lang.Object java.lang.invoke.DirectMethodHandle$Holder.invokeSpecial(java.lang.Object, java.lang.Object, java.lang.Object, java.lang.Object, java.lang.Object, java.lang.Object, int)'> (0x000000009650a980) thrown at [./src/hotspot/share/interpreter/linkResolver.cpp, line 773]
Event: 88.680 Thread 0x000001f1c1899000 Exception <a 'sun/nio/fs/WindowsException'{0x00000000970b1448}> (0x00000000970b1448) thrown at [./src/hotspot/share/prims/jni.cpp, line 615]
Event: 88.681 Thread 0x000001f1c1899000 Exception <a 'sun/nio/fs/WindowsException'{0x00000000970b1fc0}> (0x00000000970b1fc0) thrown at [./src/hotspot/share/prims/jni.cpp, line 615]
Event: 88.681 Thread 0x000001f1c1899000 Exception <a 'sun/nio/fs/WindowsException'{0x00000000970b3290}> (0x00000000970b3290) thrown at [./src/hotspot/share/prims/jni.cpp, line 615]
Event: 88.681 Thread 0x000001f1c1899000 Exception <a 'sun/nio/fs/WindowsException'{0x00000000970b41a8}> (0x00000000970b41a8) thrown at [./src/hotspot/share/prims/jni.cpp, line 615]
Event: 88.681 Thread 0x000001f1c1899000 Exception <a 'sun/nio/fs/WindowsException'{0x00000000970b5190}> (0x00000000970b5190) thrown at [./src/hotspot/share/prims/jni.cpp, line 615]
Event: 88.681 Thread 0x000001f1c1899000 Exception <a 'sun/nio/fs/WindowsException'{0x00000000970b5340}> (0x00000000970b5340) thrown at [./src/hotspot/share/prims/jni.cpp, line 615]
Event: 88.681 Thread 0x000001f1c1899000 Exception <a 'sun/nio/fs/WindowsException'{0x00000000970b7088}> (0x00000000970b7088) thrown at [./src/hotspot/share/prims/jni.cpp, line 615]
Event: 88.682 Thread 0x000001f1c1899000 Exception <a 'sun/nio/fs/WindowsException'{0x00000000970b7228}> (0x00000000970b7228) thrown at [./src/hotspot/share/prims/jni.cpp, line 615]
Event: 88.682 Thread 0x000001f1c1899000 Exception <a 'sun/nio/fs/WindowsException'{0x00000000970b8f68}> (0x00000000970b8f68) thrown at [./src/hotspot/share/prims/jni.cpp, line 615]
Event: 88.692 Thread 0x000001f1c1899000 Exception <a 'sun/nio/fs/WindowsException'{0x00000000970e66a0}> (0x00000000970e66a0) thrown at [./src/hotspot/share/prims/jni.cpp, line 615]
Event: 88.697 Thread 0x000001f1c1899000 Exception <a 'sun/nio/fs/WindowsException'{0x00000000970f22c8}> (0x00000000970f22c8) thrown at [./src/hotspot/share/prims/jni.cpp, line 615]
Event: 88.701 Thread 0x000001f1c1899000 Exception <a 'sun/nio/fs/WindowsException'{0x00000000970fef28}> (0x00000000970fef28) thrown at [./src/hotspot/share/prims/jni.cpp, line 615]
Event: 88.710 Thread 0x000001f1c1899000 Exception <a 'sun/nio/fs/WindowsException'{0x0000000096b5f378}> (0x0000000096b5f378) thrown at [./src/hotspot/share/prims/jni.cpp, line 615]
Event: 88.718 Thread 0x000001f1c1899000 Exception <a 'sun/nio/fs/WindowsException'{0x0000000096b866b0}> (0x0000000096b866b0) thrown at [./src/hotspot/share/prims/jni.cpp, line 615]
Event: 88.723 Thread 0x000001f1c1899000 Exception <a 'sun/nio/fs/WindowsException'{0x0000000096b95a28}> (0x0000000096b95a28) thrown at [./src/hotspot/share/prims/jni.cpp, line 615]

Events (20 events):
Event: 88.688 loading class org/gradle/util/RelativePathUtil done
Event: 88.689 loading class org/gradle/util/TextUtil
Event: 88.689 loading class org/gradle/util/TextUtil done
Event: 88.690 loading class java/util/regex/Pattern$Pos
Event: 88.690 loading class java/util/regex/Pattern$Pos done
Event: 88.690 loading class org/gradle/util/TextUtil$1
Event: 88.690 loading class org/gradle/util/TextUtil$1 done
Event: 88.734 loading class com/sun/tools/javac/tree/JCTree$JCParens
Event: 88.734 loading class com/sun/tools/javac/tree/JCTree$JCParens done
Event: 88.735 loading class com/sun/tools/javac/tree/JCTree$JCParens
Event: 88.735 loading class com/sun/tools/javac/tree/JCTree$JCParens done
Event: 88.735 loading class com/sun/tools/javac/comp/ArgumentAttr
Event: 88.735 loading class com/sun/tools/javac/comp/ArgumentAttr done
Event: 88.736 loading class com/sun/tools/javac/tree/JCTree$JCConditional
Event: 88.736 loading class com/sun/tools/javac/tree/JCTree$JCConditional done
Event: 88.736 loading class com/sun/tools/javac/tree/JCTree$JCConditional
Event: 88.736 loading class com/sun/tools/javac/tree/JCTree$JCConditional done
Event: 88.736 loading class com/sun/tools/javac/comp/ArgumentAttr
Event: 88.736 loading class com/sun/tools/javac/comp/ArgumentAttr done
Event: 88.749 Executing VM operation: G1CollectForAllocation


Dynamic libraries:
0x00007ff689df0000 - 0x00007ff689dfa000 	C:\Program Files\Android\Android Studio\jre\bin\java.exe
0x00007ff9bf340000 - 0x00007ff9bf530000 	C:\WINDOWS\SYSTEM32\ntdll.dll
0x00007ff9bed80000 - 0x00007ff9bee32000 	C:\WINDOWS\System32\KERNEL32.DLL
0x00007ff9bcb50000 - 0x00007ff9bcdf4000 	C:\WINDOWS\System32\KERNELBASE.dll
0x00007ff9b9f90000 - 0x00007ff9ba01f000 	C:\WINDOWS\SYSTEM32\apphelp.dll
0x00007ff9bc2d0000 - 0x00007ff9bc3ca000 	C:\WINDOWS\System32\ucrtbase.dll
0x00007ff9a73b0000 - 0x00007ff9a73c9000 	C:\Program Files\Android\Android Studio\jre\bin\jli.dll
0x00007ff9b34f0000 - 0x00007ff9b3507000 	C:\Program Files\Android\Android Studio\jre\bin\VCRUNTIME140.dll
0x00007ff9bddc0000 - 0x00007ff9bdf54000 	C:\WINDOWS\System32\USER32.dll
0x00007ff9bcf50000 - 0x00007ff9bcf71000 	C:\WINDOWS\System32\win32u.dll
0x00007ff9a9820000 - 0x00007ff9a9aa4000 	C:\WINDOWS\WinSxS\amd64_microsoft.windows.common-controls_6595b64144ccf1df_6.0.18362.836_none_e6c4b943130f18ed\COMCTL32.dll
0x00007ff9bdd90000 - 0x00007ff9bddb6000 	C:\WINDOWS\System32\GDI32.dll
0x00007ff9be650000 - 0x00007ff9be6ee000 	C:\WINDOWS\System32\msvcrt.dll
0x00007ff9bcfb0000 - 0x00007ff9bd144000 	C:\WINDOWS\System32\gdi32full.dll
0x00007ff9bd2f0000 - 0x00007ff9bd38e000 	C:\WINDOWS\System32\msvcp_win.dll
0x00007ff9bef10000 - 0x00007ff9bf246000 	C:\WINDOWS\System32\combase.dll
0x00007ff9bec60000 - 0x00007ff9bed80000 	C:\WINDOWS\System32\RPCRT4.dll
0x00007ff9bced0000 - 0x00007ff9bcf50000 	C:\WINDOWS\System32\bcryptPrimitives.dll
0x00007ff9bdd60000 - 0x00007ff9bdd8e000 	C:\WINDOWS\System32\IMM32.DLL
0x00007ff9610d0000 - 0x00007ff96116d000 	C:\Program Files\Android\Android Studio\jre\bin\msvcp140.dll
0x00007ff95e140000 - 0x00007ff95ec0f000 	C:\Program Files\Android\Android Studio\jre\bin\server\jvm.dll
0x00007ff9be5a0000 - 0x00007ff9be643000 	C:\WINDOWS\System32\ADVAPI32.dll
0x00007ff9bdfc0000 - 0x00007ff9be057000 	C:\WINDOWS\System32\sechost.dll
0x00007ff9bebe0000 - 0x00007ff9bebe8000 	C:\WINDOWS\System32\PSAPI.DLL
0x00007ff9b5310000 - 0x00007ff9b531a000 	C:\WINDOWS\SYSTEM32\VERSION.dll
0x00007ff9a7e90000 - 0x00007ff9a7e99000 	C:\WINDOWS\SYSTEM32\WSOCK32.dll
0x00007ff9b9d30000 - 0x00007ff9b9d54000 	C:\WINDOWS\SYSTEM32\WINMM.dll
0x00007ff9be4d0000 - 0x00007ff9be53f000 	C:\WINDOWS\System32\WS2_32.dll
0x00007ff9b9d00000 - 0x00007ff9b9d2d000 	C:\WINDOWS\SYSTEM32\winmmbase.dll
0x00007ff9bd2a0000 - 0x00007ff9bd2ea000 	C:\WINDOWS\System32\cfgmgr32.dll
0x00007ff9bc2b0000 - 0x00007ff9bc2c1000 	C:\WINDOWS\System32\kernel.appcore.dll
0x00007ff9b73d0000 - 0x00007ff9b73e1000 	C:\Program Files\Android\Android Studio\jre\bin\verify.dll
0x00007ff9bab40000 - 0x00007ff9bad34000 	C:\WINDOWS\SYSTEM32\DBGHELP.DLL
0x00007ff9a7960000 - 0x00007ff9a798a000 	C:\WINDOWS\SYSTEM32\dbgcore.DLL
0x00007ff9b33b0000 - 0x00007ff9b33d9000 	C:\Program Files\Android\Android Studio\jre\bin\java.dll
0x00007ff9b8550000 - 0x00007ff9b855b000 	C:\Program Files\Android\Android Studio\jre\bin\jimage.dll
0x00007ff9a41f0000 - 0x00007ff9a4208000 	C:\Program Files\Android\Android Studio\jre\bin\zip.dll
0x00007ff9bd4a0000 - 0x00007ff9bdb84000 	C:\WINDOWS\System32\SHELL32.dll
0x00007ff9bf250000 - 0x00007ff9bf2f9000 	C:\WINDOWS\System32\shcore.dll
0x00007ff9bc3d0000 - 0x00007ff9bcb4e000 	C:\WINDOWS\System32\windows.storage.dll
0x00007ff9bc210000 - 0x00007ff9bc233000 	C:\WINDOWS\System32\profapi.dll
0x00007ff9bc240000 - 0x00007ff9bc28a000 	C:\WINDOWS\System32\powrprof.dll
0x00007ff9bc200000 - 0x00007ff9bc210000 	C:\WINDOWS\System32\UMPDC.dll
0x00007ff9be540000 - 0x00007ff9be592000 	C:\WINDOWS\System32\shlwapi.dll
0x00007ff9bceb0000 - 0x00007ff9bcec7000 	C:\WINDOWS\System32\cryptsp.dll
0x00007ff999670000 - 0x00007ff99968a000 	C:\Program Files\Android\Android Studio\jre\bin\net.dll
0x00007ff9ace20000 - 0x00007ff9acf10000 	C:\WINDOWS\SYSTEM32\WINHTTP.dll
0x00007ff9bba70000 - 0x00007ff9bbad7000 	C:\WINDOWS\system32\mswsock.dll
0x00007ff999650000 - 0x00007ff999664000 	C:\Program Files\Android\Android Studio\jre\bin\nio.dll
0x00007ff999740000 - 0x00007ff999767000 	C:\Users\hp\.gradle\native\fdc75f09e3144964f2cf3f50f0aa648679c211496f362492102eb8c894070792\windows-amd64\native-platform.dll
0x00007ff961d40000 - 0x00007ff961ed6000 	C:\Users\hp\.gradle\native\12488b8bf47d2d4c9fbf2f6322a914ad602e24e48041cd04a747c6da556b65c4\windows-amd64\native-platform-file-events.dll
0x00007ff9b33a0000 - 0x00007ff9b33aa000 	C:\Program Files\Android\Android Studio\jre\bin\management.dll
0x00007ff9a8d80000 - 0x00007ff9a8d8c000 	C:\Program Files\Android\Android Studio\jre\bin\management_ext.dll
0x00007ff9bb580000 - 0x00007ff9bb5b3000 	C:\WINDOWS\system32\rsaenh.dll
0x00007ff9bcf80000 - 0x00007ff9bcfa6000 	C:\WINDOWS\System32\bcrypt.dll
0x00007ff9bc0f0000 - 0x00007ff9bc115000 	C:\WINDOWS\SYSTEM32\USERENV.dll
0x00007ff9bbc40000 - 0x00007ff9bbc4c000 	C:\WINDOWS\SYSTEM32\CRYPTBASE.dll
0x00007ff9bb720000 - 0x00007ff9bb75a000 	C:\WINDOWS\SYSTEM32\IPHLPAPI.DLL
0x00007ff9bea20000 - 0x00007ff9bea28000 	C:\WINDOWS\System32\NSI.dll
0x00007ff9b35a0000 - 0x00007ff9b35b6000 	C:\WINDOWS\SYSTEM32\dhcpcsvc6.DLL
0x00007ff9b3d80000 - 0x00007ff9b3d9c000 	C:\WINDOWS\SYSTEM32\dhcpcsvc.DLL
0x00007ff9bb760000 - 0x00007ff9bb82b000 	C:\WINDOWS\SYSTEM32\DNSAPI.dll
0x00007ff9b5300000 - 0x00007ff9b530b000 	C:\WINDOWS\SYSTEM32\WINNSI.DLL
0x00007ff9bb260000 - 0x00007ff9bb291000 	C:\WINDOWS\SYSTEM32\ntmarta.dll

dbghelp: loaded successfully - version: 4.0.5 - missing functions: none
symbol engine: initialized successfully - sym options: 0x614 - pdb path: .;C:\Program Files\Android\Android Studio\jre\bin;C:\WINDOWS\SYSTEM32;C:\WINDOWS\WinSxS\amd64_microsoft.windows.common-controls_6595b64144ccf1df_6.0.18362.836_none_e6c4b943130f18ed;C:\Program Files\Android\Android Studio\jre\bin\server;C:\Users\hp\.gradle\native\fdc75f09e3144964f2cf3f50f0aa648679c211496f362492102eb8c894070792\windows-amd64;C:\Users\hp\.gradle\native\12488b8bf47d2d4c9fbf2f6322a914ad602e24e48041cd04a747c6da556b65c4\windows-amd64

VM Arguments:
jvm_args: --add-opens=java.base/java.util=ALL-UNNAMED --add-opens=java.base/java.lang=ALL-UNNAMED --add-opens=java.base/java.lang.invoke=ALL-UNNAMED --add-opens=java.prefs/java.util.prefs=ALL-UNNAMED -Xmx2048m -Dfile.encoding=UTF-8 -Duser.country=US -Duser.language=en -Duser.variant 
java_command: org.gradle.launcher.daemon.bootstrap.GradleDaemon 6.7.1
java_class_path (initial): C:\Users\hp\.gradle\wrapper\dists\gradle-6.7.1-bin\bwlcbys1h7rz3272sye1xwiv6\gradle-6.7.1\lib\gradle-launcher-6.7.1.jar
Launcher Type: SUN_STANDARD

[Global flags]
     intx CICompilerCount                          = 4                                         {product} {ergonomic}
     uint ConcGCThreads                            = 2                                         {product} {ergonomic}
     uint G1ConcRefinementThreads                  = 8                                         {product} {ergonomic}
   size_t G1HeapRegionSize                         = 1048576                                   {product} {ergonomic}
    uintx GCDrainStackTargetSize                   = 64                                        {product} {ergonomic}
   size_t InitialHeapSize                          = 268435456                                 {product} {ergonomic}
   size_t MarkStackSize                            = 4194304                                   {product} {ergonomic}
   size_t MaxHeapSize                              = 2147483648                                {product} {command line}
   size_t MaxNewSize                               = 1287651328                                {product} {ergonomic}
   size_t MinHeapDeltaBytes                        = 1048576                                   {product} {ergonomic}
    uintx NonNMethodCodeHeapSize                   = 5836300                                {pd product} {ergonomic}
    uintx NonProfiledCodeHeapSize                  = 122910970                              {pd product} {ergonomic}
    uintx ProfiledCodeHeapSize                     = 122910970                              {pd product} {ergonomic}
    uintx ReservedCodeCacheSize                    = 251658240                              {pd product} {ergonomic}
     bool SegmentedCodeCache                       = true                                      {product} {ergonomic}
     bool UseCompressedClassPointers               = true                                 {lp64_product} {ergonomic}
     bool UseCompressedOops                        = true                                 {lp64_product} {ergonomic}
     bool UseG1GC                                  = true                                      {product} {ergonomic}
     bool UseLargePagesIndividualAllocation        = false                                  {pd product} {ergonomic}

Logging:
Log output configuration:
 #0: stdout all=warning uptime,level,tags
 #1: stderr all=off uptime,level,tags

Environment Variables:
JAVA_HOME=C:\Program Files\Java\jre1.8.0_212
PATH=C:\Program Files (x86)\Common Files\Oracle\Java\javapath;C:\WINDOWS\system32;C:\WINDOWS;C:\WINDOWS\System32\Wbem;C:\WINDOWS\System32\WindowsPowerShell\v1.0\;C:\WINDOWS\System32\OpenSSH\;C:\Program Files\Git\cmd;C:\Program Files\NVIDIA Corporation\NVIDIA NvDLISR;C:\Users\hp\AppData\Local\Microsoft\WindowsApps;D:\Program Files\Microsoft VS Code\bin;D:\Program Files\JetBrains\PyCharm 2019.1.3\bin;C:\adb;C:\WINDOWS\system32;C:\WINDOWS;C:\WINDOWS\System32\Wbem;C:\WINDOWS\System32\WindowsPowerShell\v1.0\;C:\WINDOWS\System32\OpenSSH\;C:\Program Files (x86)\NVIDIA Corporation\PhysX\Common;C:\Users\hp\AppData\Local\Microsoft\WindowsApps;;D:\Program Files\Microsoft VS Code\bin;D:\Program Files\JetBrains\PyCharm 2019.1.3\bin;
USERNAME=hp
OS=Windows_NT
PROCESSOR_IDENTIFIER=Intel64 Family 6 Model 158 Stepping 9, GenuineIntel



---------------  S Y S T E M  ---------------

OS: Windows 10 , 64 bit Build 18362 (10.0.18362.778)
OS uptime: 9 days 19:44 hours

CPU:total 8 (initial active 8) (4 cores per cpu, 2 threads per core) family 6 model 158 stepping 9 microcode 0xb4, cmov, cx8, fxsr, mmx, sse, sse2, sse3, ssse3, sse4.1, sse4.2, popcnt, avx, avx2, aes, clmul, erms, 3dnowpref, lzcnt, ht, tsc, tscinvbit, bmi1, bmi2, adx, fma

Memory: 4k page, system-wide physical 16267M (2279M free)
TotalPageFile size 31347M (AvailPageFile size 82M)
current process WorkingSet (physical memory assigned to process): 739M, peak: 741M
current process commit charge ("private bytes"): 784M, peak: 877M

vm_info: OpenJDK 64-Bit Server VM (11.0.10+0-b96-7249189) for windows-amd64 JRE (11.0.10+0-b96-7249189), built on Mar 31 2021 21:44:00 by "builder" with MS VC++ 14.0 (VS2015)

END.
